url_length,hostname_length,num_dots,num_hyphens,num_at,num_digits,num_special_chars,has_ip,has_https,num_subdomains,num_path_levels,suspicious_keyword,is_shortened,has_double_slash_redirect,has_port,label,url
25,17,2,1,0,2,1,0,1,0,0,0,0,0,0,0,https://www.awsdns-29.com
143,11,3,1,1,38,1,0,1,0,1,0,0,0,0,1,https://71zhuan.com/192837560311ocKontaktiert3A2F2F2Fws2FISAPIdllFM2MContact26item3D14276952031426requested3Kundenservice-info@voxtrade.de.html
53,16,2,0,1,0,2,0,1,0,1,0,0,0,0,1,https://withinmyskin.com/owcamawao/#admin@example.com
31,19,1,0,0,0,1,0,1,0,1,0,0,0,0,1,https://locksmithrishon.com/ald
28,20,2,2,0,3,1,0,0,1,0,0,0,0,0,1,http://help.mac-us-111.live/
56,15,2,1,0,5,1,0,1,1,3,0,0,0,0,0,https://dev.pornpics.de/questions/77218/machine-learning
94,14,8,1,0,0,9,0,1,1,3,1,0,1,0,1,https://ruymatz.com.br/ttt/ttt/login.php?https://login.yahoo.com/?.src=ym&.intl=us&.lang=en-US
51,18,2,0,0,0,4,0,1,1,1,0,0,0,0,0,https://dev.simplecast.com/search?q=neural+networks
46,14,4,0,0,2,1,0,0,1,3,0,0,0,0,0,http://dev.2giskz.app/docs/3/urllib.parse.html
86,14,2,1,0,22,1,0,0,0,5,0,0,0,0,1,http://art-sticker.fr/humby/librairies/manual/3f505a921601c850fc6004328b9f9efe/way.php
43,15,3,0,0,4,1,0,1,0,3,0,0,0,0,1,https://www.gesical.com/Exch365/6/index.php
23,15,1,0,0,0,1,0,1,0,0,0,0,0,0,0,https://thingiverse.com
22,13,1,0,0,0,1,0,1,0,0,0,0,0,0,0,https://newyorker.com/
36,13,1,0,0,0,1,0,1,0,2,0,0,0,0,0,https://eyefinity.com/explore/topics
23,15,1,0,0,0,1,0,0,0,0,0,0,0,0,1,http://ozbizzgroup.com/
56,13,1,2,0,0,1,0,1,0,3,0,0,0,0,0,https://second-ns.com/questions/tagged/tutorial-overview
35,20,2,0,0,3,1,0,1,1,1,0,0,0,0,1,https://new.timeclock365.com/https/
39,13,2,1,0,0,1,0,1,1,2,0,0,0,0,0,https://acesso.gov.br/blog/python-guide
26,12,1,0,0,0,1,0,1,0,1,0,0,0,0,0,https://springer.com/about
40,15,2,0,0,0,1,0,1,0,2,0,0,0,0,0,https://www.rexporn.sex/support/overview
45,14,2,1,0,2,1,0,1,1,2,0,0,0,0,0,https://api.publi24.ro/blog/tutorial-overview
65,33,3,0,0,0,2,0,1,2,2,0,0,0,0,1,https://nabtrade.finance.janisoncloud.com/pages/nabtrade_homepage
132,16,3,0,0,7,4,0,1,1,2,0,0,0,0,1,https://forms.office.com/Pages/ResponsePage.aspx?id=DQSIkWdsW0yxEjajBLZtrQAAAAAAAAAAAAMAACa_CgtUQ00xQlhSR1hIWElUN0RWWE0yMTFJMDAwNS4u
33,8,2,0,0,0,1,0,0,1,2,0,0,0,0,0,http://en.su.se/category/research
34,18,2,0,0,0,1,0,1,0,1,0,0,0,0,1,https://mycarauctionad.com/ubs.com
54,21,2,2,0,0,1,0,1,1,2,0,0,0,0,0,https://support.rtb-oveeo.com/topics/tutorial-overview
54,14,5,0,1,0,3,0,1,0,1,0,0,0,0,1,https://www.netbaa.com/zm.php?e=lasse.iversen@axess.no
49,16,2,1,0,0,1,0,1,0,2,0,0,0,0,0,https://www.verisign.net/products/developer-tools
56,21,2,1,0,6,1,0,1,1,4,0,0,0,0,0,https://api.tritondigital.com/news/2024/06/release-notes
34,6,1,0,0,0,1,0,1,0,2,0,0,0,0,0,https://ms.now/category/technology
95,10,5,0,0,2,4,0,0,0,2,1,0,0,0,1,http://adnet8.com/image/caseimage/?us.battle.net/login/en/?ref=xutwbxmus.battle.net/d3/en/index
35,9,1,0,0,4,1,0,1,0,1,0,0,0,0,1,https://forms.gle/vxj2fZheTuDC7N7K6
271,25,2,1,0,99,11,0,0,0,5,1,0,0,0,1,http://southcountyclassified.com/wp-includes/chtayd_ikfdn/69835de92809a31cee224056335cbb38/view/login.php?cmd=login_submit&amp;id=e6f42bbd117755af3549d3f0051ffd5be6f42bbd117755af3549d3f0051ffd5b&amp;session=e6f42bbd117755af3549d3f0051ffd5be6f42bbd117755af3549d3f0051ffd5b
50,18,2,0,0,0,1,0,0,0,2,0,0,0,0,1,http://verfiayiosnmer.com/chase/identification.php
32,13,1,2,0,0,1,0,1,0,1,0,0,0,0,0,https://rs-online.com/contact-us
47,15,2,0,0,1,2,0,1,0,2,0,0,0,0,1,https://mom2momlist.com/kid/indexfile.php?email
30,14,1,0,0,0,1,0,1,0,1,0,0,0,0,0,https://servicenow.com/pricing
51,15,1,0,0,0,4,0,1,0,1,1,0,0,0,1,https://latemporera.com/Secure_ssl_Document_Shared/
188,14,1,3,0,46,11,0,0,0,5,1,0,0,0,1,http://pd-iskra-lj.si/signin/customer_center/customer-IDPP00C544/myaccount/success/?cmd=_session=&amp;6c42e9032cf9a52b109679ea9c3ed7bd&amp;dispatch=18dad6c4a3c6232e8e0c7caeebef19d55616b238
34,20,2,0,0,0,1,0,1,1,1,0,0,0,0,0,https://support.ddnsfree.com/about
36,17,2,1,0,0,1,0,1,0,1,0,0,0,0,0,https://www.wayground.com/contact-us
86,16,2,1,0,0,1,0,0,0,7,0,0,0,0,1,http://grindtimegym.com/wp-admin/includes/class/WellsFargo/WellsFargo/wells/index.html
41,10,1,1,0,0,1,0,1,0,2,0,0,0,0,0,https://matrix.org/products/cloud-storage
281,32,3,5,0,48,18,0,1,1,5,0,0,0,0,1,https://livestudentccc-my.sharepoint.com/personal/rparry_student_ccc_edu/_layouts/15/WopiFrame.aspx?guestaccesstoken=jaVdU5gwfh1XiTlwN/BfbrE8IBuejwo02it2q1uEKQs=&amp;docid=1_1f09b2d1b1add4b17a7c945658ff6856a&amp;wdFormId={520F1FB4-C5EC-4F24-B378-2FF59E5F9DD7}&amp;action=formsubmit
50,16,1,2,0,0,1,0,1,0,2,0,0,0,0,0,https://rijksoverheid.nl/scikit-learn/scikit-learn
23,14,1,1,0,0,1,0,1,0,0,0,0,0,0,1,https://contact-ee.com/
35,26,1,0,0,0,1,0,1,0,0,0,0,0,0,1,https://recompensenumeriquebmo.com/
49,18,3,0,0,0,1,0,0,0,3,0,0,0,0,1,http://www.caviarkelp.com/adobe/acrobat/error.php
63,12,1,0,0,20,1,0,0,0,3,0,0,0,0,1,http://enigreen.net/ck/content/a8d26f26cb6fc0f7e479f9891a42021a
123,26,4,2,1,0,8,0,1,1,7,0,0,0,0,1,https://kadubeureum-serang.desa.id/wp-content/auto/autolink/autolinkauto/mailboxx/mailbox/index.php?email=_xxx@yyy.com____/
44,21,3,0,0,1,1,0,0,1,2,0,0,0,0,1,http://floorsdirectltd.co.uk/chase/surf4.php
56,17,2,1,0,5,1,0,1,0,3,0,0,0,0,0,https://www.kaspersky.com/questions/77869/best-practices
68,41,5,1,0,18,1,0,0,4,1,0,0,0,0,1,http://hostpoint.ch.gbp-events.com.prunauneau.fr/943070958193827623/
52,9,2,1,0,0,1,0,1,1,3,0,0,0,0,0,https://en.mos.ru/questions/tagged/tutorial-overview
29,21,1,2,0,0,1,0,0,0,0,0,0,0,0,1,http://poste-italiane-pt.com/
45,19,2,0,0,0,1,0,1,0,2,0,0,0,0,0,https://www.postrelease.com/products/software
70,20,3,0,0,0,2,0,0,1,3,0,0,0,0,1,http://afriquelemou.free.fr/templates/rhuk_milkyway/sdnconconsadf.html
27,11,2,0,0,0,1,0,1,1,1,0,0,0,0,0,https://api.bigo.sg/pricing
49,16,1,0,0,0,1,0,1,0,3,0,0,0,0,1,https://bethesdaalur.org/aghtfhh/tghfhh/etethdjj/
60,15,2,0,0,21,1,0,1,0,1,0,0,0,0,1,https://nanosercure.com/d45361768cbf6582cde5d19635985eeb.php
256,15,2,2,0,41,16,0,1,0,4,1,0,0,0,1,"https://www.cosmoia.com/wp-content/plugins/content/25d8abaf216efc300fed8a3737f5399f/?user=&amp;_verify?service=mail&amp;data:text/html;charset=utf-8;base64,PGh0bWw%20DQo8c3R5bGU%20IGJvZHkgeyBtYXJnaW46IDA7IG92ZXJmbG93OiBoaWRkZW47IH0gPC9zdHlsZT4NCiAgPGlmcmFt"
37,14,3,0,0,0,1,0,1,2,2,0,0,0,0,0,https://dev.cbl.gov.ly/explore/topics
28,12,1,0,0,0,1,0,1,0,1,0,0,0,0,0,https://atcpulsa.net/pricing
87,32,4,1,0,18,2,0,1,2,2,1,0,0,0,1,"https://secure.runescape.com-rsgames.xyz/m=verify/verification.ws821,321,584,42184523,3"
255,10,3,4,0,46,13,0,0,0,8,1,0,0,0,1,http://zohard.com/.well-known/pki-validation/mod/unblockverification/customer_center/customer-IDPP00C963/signin/signin.php?account_update=e484c59de8ad85e2e67f18f6efcb211e&amp;cmd=_update-information&amp;lim_session=a34117d8bf43f5b4e1537dade2344c19ee6b97a1
45,29,2,1,0,0,1,0,1,1,1,0,0,0,0,0,https://support.sanofi-synthelabo.com/pricing
34,17,3,0,0,0,1,0,0,1,1,1,0,0,0,1,http://pornseks.zyns.com/login.php
44,19,2,0,0,0,1,0,1,1,2,0,0,0,0,0,https://support.wattpad.com/support/overview
29,15,1,0,0,0,1,0,1,0,1,0,0,0,0,0,https://hostingradio.ru/about
45,20,2,0,0,0,1,0,1,0,1,0,0,0,0,1,https://ingresovirtualcr.com/plataformas.html
47,21,3,1,0,0,1,0,1,2,2,0,0,0,0,0,https://docs.cifraclub.com.br/blog/python-guide
37,8,1,2,0,0,1,0,1,0,2,0,0,0,0,1,https://gogov.ru/services/reg-rf-temp
100,14,2,0,0,0,2,0,0,0,8,0,0,0,0,1,http://gueriniarmi.it/occasioni/components/com_content/views/category/tmpl/semprepresente/acesso.php
80,26,3,1,0,21,2,0,1,2,2,1,0,0,0,1,"https://secure.runescape.com-zx.ru/m=weblogin/loginform327,958,294,85177117,2460"
93,16,2,1,0,15,5,0,0,0,4,1,0,0,0,1,http://solutionsksa.com/wp-content/uploads/2020/login.php?l=_JeHFUq_VJOXK0QWHtoGYDw1774256418
29,12,2,0,0,0,1,0,1,0,2,0,0,0,0,0,https://www.emol.com/help/faq
27,16,1,0,0,0,1,0,1,0,1,0,0,0,0,1,https://vocecontrata.com/A/
46,19,2,2,0,0,1,0,1,1,2,0,0,0,0,0,https://api.fastly-edge.com/blog/release-notes
23,14,2,0,0,0,1,0,1,1,0,0,0,0,0,0,https://en.cudaops.com/
120,26,4,2,1,0,7,0,0,1,7,0,0,0,0,1,http://kadubeureum-serang.desa.id/wp-content/auto/autolink/autolinkauto/mailboxx/mailbox/index.php?email=_xxx@yyy.com___
43,17,2,0,0,0,1,0,1,1,2,0,0,0,0,0,https://en.ssstwitter.com/products/software
44,36,3,0,0,0,1,0,0,1,0,0,0,0,0,1,http://www.habbocreditosparati.blogspot.com/
40,21,3,2,0,0,1,0,1,2,1,1,0,0,0,0,https://en.rakuten-bank.co.jp/contact-us
44,21,2,2,0,0,1,0,1,1,3,0,0,0,0,1,https://web-net-pg.joomla.com/br/netflix/zn/
58,36,2,3,0,1,1,0,0,1,2,0,0,0,0,0,http://api.browser-intake-us5-datadoghq.com/explore/topics
39,31,6,1,0,1,1,0,0,5,0,0,0,0,0,1,http://ot-ot.snprobbx.pbz.r.de.a2ip.ru/
33,24,3,1,0,0,1,0,1,2,0,0,0,0,0,1,https://gov.hmrc.tax-refunduk.co/
29,15,3,0,0,0,1,0,0,1,1,0,0,0,0,1,http://lamvb.czweb.org/ar.htm
39,14,2,0,0,0,1,0,0,1,2,0,0,0,0,0,http://support.ves.io/products/software
40,13,2,1,0,0,1,0,1,1,2,0,0,0,0,0,https://en.tubitv.com/blog/release-notes
63,16,2,3,0,5,1,0,1,1,3,0,0,0,0,0,https://en.wickynode.com/questions/16056/how-to-implement-model
26,12,2,0,0,0,1,0,1,1,1,0,0,0,0,0,https://blog.cnil.fr/about
53,13,3,1,0,0,1,0,1,1,3,0,0,0,0,0,https://www.iol.co.za/questions/tagged/best-practices
112,27,5,1,0,18,1,0,0,1,6,0,0,0,0,1,http://www.stopcarpeliculas.com.br/wp-includes/ID3/activie/paypal.fr/5adf3755b0da2fb6afc1767c0ec252a4/erreur.htm
30,13,2,0,0,0,1,0,1,0,1,0,0,0,0,1,https://www.ftitc.com/project/
56,23,3,0,0,5,3,0,0,1,2,0,0,0,0,1,http://hamdamfoundation.org.pk/mail06att.net001/AT&amp;T
65,18,2,3,0,5,1,0,1,1,3,0,0,0,0,0,https://docs.tendawifi.com/questions/38618/how-to-implement-model
56,13,2,1,0,1,1,0,1,1,3,0,0,0,0,0,https://dev.kgns3.com/questions/tagged/tutorial-overview
52,15,2,2,0,0,1,0,1,0,2,0,0,0,0,0,https://www.poringa.net/topics/getting-started-guide
51,15,2,0,0,0,4,0,1,0,1,0,0,0,0,0,https://www.mangosip.ru/search?q=python+programming
41,24,4,0,0,0,1,0,0,1,1,0,0,0,0,1,http://www.maersklinesllc.dx.am/index.php
44,10,2,1,0,6,1,0,1,1,4,0,0,0,0,0,https://en.dji.com/news/2024/06/python-guide
25,13,1,0,0,0,1,0,0,0,1,0,0,0,0,1,http://bthomeees.com/toda
43,18,2,0,0,0,1,0,1,1,2,0,0,0,0,0,https://dev.heyvagroup.com/support/overview
33,11,2,0,0,0,1,0,1,0,2,0,0,0,0,0,https://www.mixi.jp/wiki/Phishing
37,12,1,1,0,0,1,0,0,0,2,1,0,0,0,1,http://wikiform.org/Login-account/en/
25,17,2,1,0,0,1,0,1,1,0,0,0,0,0,1,https://cite-mopa.web.app
62,29,4,0,0,1,1,0,1,1,3,0,0,0,0,0,https://support.grandviewresearch.com/docs/3/urllib.parse.html
49,15,2,1,0,2,4,0,1,1,1,0,0,0,0,0,https://awsdns-10.co.uk/search?q=machine+learning
41,25,3,0,0,0,2,0,0,2,1,0,0,0,0,1,http://lpdfg.timoknow.beget.tech/pdf_tax/
25,11,1,0,0,0,1,0,1,0,1,0,0,0,0,0,https://hoyolab.com/about
44,8,2,3,0,0,1,0,1,0,2,0,1,0,0,0,https://www.t.ly/blog/how-to-implement-model
55,12,1,0,0,0,1,0,0,0,4,0,0,0,0,1,http://qatarspr.com/vf/WeTransfer/WeTransfer/WeTransfer
30,11,1,0,0,1,2,0,1,0,2,0,0,0,0,1,https://go4steel.in/admin/en/?
30,13,2,0,0,0,1,0,1,1,2,0,0,0,0,0,https://docs.tango.me/help/faq
41,19,2,1,0,0,1,0,0,0,2,0,0,0,0,1,http://www.jobbeengine.com/wp-includes/js
54,20,2,2,0,1,1,0,0,0,2,0,0,0,0,0,http://www.5movierulz.watch/blog/getting-started-guide
23,4,1,0,0,3,1,0,1,0,1,0,1,0,0,1,https://t.co/0QMdq9Iuh1
37,29,2,0,0,2,1,0,0,1,0,0,0,0,0,1,http://templat65sldh.myfreesites.net/
70,18,2,0,0,16,2,0,0,1,1,0,0,0,0,1,http://kfqp4.pcgaboma.com/nte:zgmwx53900508a6jwfchtnqky2g44wemh6nnva47
34,9,1,0,0,0,1,0,1,0,2,0,0,0,0,0,https://tiket.com/support/overview
59,13,1,2,0,0,1,0,1,0,4,0,0,0,0,1,https://chikh-ali.com/wp-includes/accesst/WellsFargo/wells/
50,20,2,1,0,0,1,0,1,0,2,0,0,0,0,0,https://www.gdatasecurity.de/topics/best-practices
65,19,2,2,0,5,1,0,1,1,3,0,0,0,0,0,https://support.pixabay.com/questions/15802/getting-started-guide
57,19,2,1,0,10,1,0,0,1,4,1,0,0,0,1,http://c1770209.ferozo.com/LOGIN/postale/id-client/519fa/
89,20,1,4,0,2,1,0,1,0,6,1,0,0,0,1,https://hoysalacreations.com/wp-content/plugins/wp-hide-security-enhancer/include/20/home
35,24,1,0,0,0,1,0,1,0,1,0,0,0,0,1,https://esgcommercialbrokers.com/s/
81,27,4,1,0,18,2,0,1,2,2,1,0,0,0,1,"https://secure.runescape.com-rsm.me/m=weblogin/loginform.ws345,345,345,54354343,4"
45,20,2,0,0,0,1,0,1,1,2,0,0,0,0,0,https://support.wpengine.com/support/overview
282,27,3,1,0,55,23,0,1,1,7,0,0,0,0,1,https://icipedudu-my.sharepoint.com/:x:/r/personal/mkaranja_icipe_org/_layouts/15/WopiFrame.aspx?guestaccesstoken=uGnX8VV0hnbSrv%2fvcxZk70FvTpBgFohzoFKdwg0fKKs%3d&docid=1_14fdb459dd74a4d3aac22552ba4d394a6&wdFormId=%7B4B57EC2D%2D6B56%2D419C%2DA4E2%2D67F9F9A0264E%7D&action=formsubmit
40,7,1,1,0,0,1,0,1,0,2,0,0,0,0,0,https://bund.de/products/analytics-suite
98,16,2,0,0,40,3,0,0,0,1,0,0,0,0,1,http://tenzinngodup.com/inde.php?94a08da1fecbb6e8b46990538c7b50b2=c4ca4238a0b923820dcc509a6f75849b
34,7,2,0,0,0,1,0,0,0,3,0,0,0,0,1,http://osun.cz/cache/c/comcast.php
38,19,2,1,0,0,1,0,1,0,1,0,0,0,0,0,https://www.usercentrics.eu/contact-us
56,16,2,0,0,0,4,0,1,1,1,0,0,0,0,0,https://premierbet.co.ao/search?q=cybersecurity+research
39,12,2,0,0,0,2,0,1,1,2,0,0,0,0,0,https://api.crex.com/wiki/Random_forest
35,27,2,0,0,0,1,0,0,1,0,0,0,0,0,1,http://aliciabot.azurewebsites.net/
43,12,2,1,0,0,1,0,1,1,2,0,0,0,0,0,https://blog.cbs.com/products/cloud-storage
113,24,1,1,0,12,1,0,1,0,2,0,0,0,0,1,https://medienschmiede-sander.de/tim/j1EHfcwObv5RlOEaHys3yqqusMJL89Orat9qGGfSbkJx9nHQWaUuBkZ36IOfRDG27QtNwIFI3og/
45,16,2,0,0,0,1,0,1,1,2,0,0,0,0,0,https://blog.boutell.com/category/engineering
95,22,1,1,0,0,2,0,0,0,7,1,0,0,0,1,http://lonestarsanitation.com/wp-includes/SimplePie/Cache/zamalik/dafa/myaccount/update_billing
40,15,2,1,0,0,1,0,0,0,2,0,0,0,0,0,http://www.supercp.com/blog/python-guide
56,15,2,1,0,5,1,0,1,0,3,0,0,0,0,0,https://www.gopuff.tech/questions/81601/machine-learning
71,19,4,0,1,2,3,0,0,0,3,1,0,0,0,1,http://theoutlet66mall.com/dff/Account/index.php?email=avimn@idf.gov.il
36,10,1,0,0,0,1,0,1,0,2,0,0,0,0,0,https://people.com/products/software
42,11,2,1,0,0,1,0,1,1,2,0,0,0,0,0,https://docs.avs.io/products/cloud-storage
22,13,3,0,0,0,1,0,1,2,0,0,0,0,0,0,https://en.zol.com.cn/
78,46,5,0,0,6,2,0,1,3,2,0,0,0,0,1,https://onlineprocedure.web5838.vweb01.webgamespace.de/klanten/qsl_inloggen.do
35,22,2,0,0,0,1,0,0,0,1,1,0,0,0,1,http://www.indeedcontract.com/login
58,23,2,1,0,2,2,0,0,0,3,0,0,0,0,1,http://www.reimer-gartenbau.de/afo/english%20newchn/newchn
46,21,2,0,0,0,1,0,1,1,2,0,0,0,0,0,https://api.livesportmedia.eu/support/overview
35,18,3,0,0,0,1,0,1,2,2,0,0,0,0,0,https://blog.google.com.au/help/faq
77,16,2,0,0,3,3,0,1,1,4,0,0,0,0,1,https://drive.google.com/file/d/0BzvkYtxLTJZjMzYwcTJwZ2g5ZFE/view?usp=sharing
44,16,3,0,0,0,1,0,1,2,2,0,0,0,0,0,https://dev.betway.co.bw/category/technology
31,15,2,0,0,0,1,0,1,0,1,0,0,0,0,0,https://www.carwale.com/pricing
32,16,2,0,0,0,1,0,1,1,1,0,0,0,0,0,https://blog.aibixby.com/pricing
49,15,1,2,0,0,1,0,1,0,2,0,0,0,0,0,https://livescience.com/scikit-learn/scikit-learn
199,19,2,1,0,36,7,0,1,0,5,1,0,0,0,1,https://dawanasaiacademy.in/wp-includes/js/fx/c52376a1820e868235b1851b87492a39/login.php?access_token=jrIdUJKxoSCLYzoJNvSOk5WldlhFpixJKfWEZHcnzO9ynxia3bZngWJui09HjHr3XoHW5UkFJud72wi5&amp;sslmode=true
47,9,1,1,0,6,1,0,1,0,4,0,0,0,0,0,https://webex.com/news/2024/06/machine-learning
63,16,2,2,0,10,1,0,1,0,3,0,0,0,0,1,https://vikatmillers.com/.well-known/acme-challenge/4194951919/
220,19,2,0,0,88,10,0,0,0,4,1,0,0,0,1,http://environaquatech.com/images/slider/boa/login.php?cmd=login_submit&amp;id=e38f714b65473b03470038b2a6fab4a8e38f714b65473b03470038b2a6fab4a8&amp;session=e38f714b65473b03470038b2a6fab4a8e38f714b65473b03470038b2a6fab4a8
289,33,3,1,0,72,22,0,1,1,7,0,0,0,0,1,https://netorgft2223515-my.sharepoint.com/:x:/r/personal/leon_leongavartin_com/_layouts/15/WopiFrame.aspx?guestaccesstoken=RPaNWAZ3Gooz0d20J9wU7zzskOG8P5egPbT4oc5J5BQ%3d&docid=1_137b486a2059c4fc7b670d2ddb8f27254&wdFormId=%7B07FE213F%2D4079%2D45B9%2DB73F%2DFA9809248DD7%7D&action=formsubmit
27,11,1,0,0,0,1,0,1,0,1,0,0,0,0,0,https://goindigo.in/pricing
59,21,4,1,0,0,1,0,1,0,1,0,0,0,0,1,https://www.policyplanner.com/verificaciones-netflix.com.ar
106,25,2,0,1,6,6,0,1,0,2,0,0,0,0,1,https://restaurantelabarquita.com/Adobe_Reader04/Ver1fy_Office1_Spreadsheet03?ussrd=nobody@mycraftmail.com
36,19,1,0,0,0,1,0,0,0,1,0,0,0,0,1,http://sparkpassedecom.com/telecome/
37,11,1,0,0,0,1,0,1,0,2,0,0,0,0,0,https://romsfun.com/category/research
37,18,2,1,0,0,1,0,1,1,1,0,0,0,0,0,https://docs.citigroup.com/contact-us
58,14,2,3,0,7,1,0,1,1,4,0,0,0,0,0,https://docs.dnse2.com/news/2024/06/how-to-implement-model
55,16,2,0,0,9,1,0,1,1,2,0,0,0,0,1,https://sites.google.com/site/clamingidentify008754504/
106,17,4,3,0,12,9,0,0,0,3,0,0,0,0,1,http://laurenbowling.com/.well-known/ib.extracted/~~Express%20-%20Manage%20Devices%20-%20Absa%20Online.htm
53,16,2,1,0,5,1,0,1,1,3,0,0,0,0,0,https://blog.zelvora.vip/questions/62762/python-guide
45,12,1,0,0,0,2,0,1,0,2,0,0,0,0,0,https://mediatek.com/wiki/Logistic_regression
49,13,1,3,0,0,1,0,1,0,2,0,0,0,0,0,https://resolver.arpa/blog/how-to-implement-model
42,18,1,0,0,1,2,0,0,0,2,0,0,0,0,1,http://theingredients.net/fyp6wv/_message/
119,15,2,0,0,0,2,0,0,0,11,0,0,0,0,1,http://igazszabolcs.hu/administrator/templates/hathor/html/layouts/com_modules/toolbar/informacja/connect.php/paw/nyfzp
34,21,3,0,0,0,1,0,0,1,1,0,0,0,0,1,http://mail.beesnaturals.com/u.php
40,17,2,1,0,2,1,0,1,0,2,0,0,0,0,0,https://www.awsdns-63.net/explore/topics
18,6,1,0,0,1,2,0,0,0,1,0,0,0,0,1,http://tny.im/a6p~
33,17,2,0,0,0,1,0,1,1,1,0,0,0,0,0,https://api.sleepycat.com/pricing
57,22,1,0,0,1,4,0,0,0,1,0,0,0,0,0,http://unity3dusercontent.com/search?q=python+programming
23,16,1,0,0,0,1,0,0,0,0,0,0,0,0,1,http://elongivesbtc.com
49,14,2,1,0,6,1,0,1,0,4,0,0,0,0,0,https://www.sendsay.ru/news/2024/06/release-notes
30,18,2,0,0,0,1,0,0,0,1,0,0,0,0,1,http://www.entraegypt.com/alfa
21,13,2,0,0,0,1,0,1,1,0,0,0,0,0,0,https://docs.index.hr
44,16,3,1,0,0,1,0,1,2,2,0,0,0,0,0,https://docs.world.co.jp/blog/best-practices
29,13,3,0,0,10,3,1,0,0,0,1,0,0,0,1,http://189.36.52.206/#!/login
57,20,2,1,0,5,1,0,1,0,3,0,0,0,0,0,https://www.poshantracker.in/questions/64426/python-guide
43,34,2,0,0,0,1,0,1,1,0,0,0,0,0,1,https://smsorangephonemail.myfreesites.net/
50,22,3,0,0,3,2,0,1,1,3,0,0,0,0,1,https://atxr.000webhostapp.com/aatt/at_t/index.php
52,18,2,2,0,0,1,0,1,0,2,0,0,0,0,0,https://www.vkuseraudio.ru/scikit-learn/scikit-learn
41,13,2,0,0,2,3,0,0,0,3,0,0,0,0,1,http://wallieget.com/8jdu/sb6/index.php?_
45,23,2,0,0,0,1,0,1,0,2,0,0,0,0,1,https://www.jeffersonsgroup.com/BOAedited/en/
32,20,2,0,0,1,1,0,0,1,1,0,0,0,0,1,http://g8consultores.com.ar/img/
61,15,1,2,0,5,1,0,1,0,3,0,0,0,0,0,https://blackspider.com/questions/59828/getting-started-guide
58,26,2,0,0,6,1,0,0,0,4,0,0,0,0,1,http://thetopratedquadcopters.com/sbys/DHL33/D2017HL/u.php
118,53,4,1,0,2,1,0,1,3,5,0,0,0,0,1,https://verifica.n26.corporateportal.gestisciiltuoaccount.com/conto-corrente/impostazioni/sicurezza/verifica/identita/
132,19,2,2,0,17,6,0,0,0,6,1,0,0,0,1,http://villasakuraubud.com/wp-content/plugins/arsip/admin/b4affa4f6b27df047d63d66fe4ac5600/signin.php?country=ro-romania&amp;lang=en
35,21,1,0,0,0,1,0,0,0,1,0,0,0,0,1,http://infoseminarbisnis.com/logon/
73,22,1,1,0,3,1,0,0,0,5,1,0,0,0,1,http://cheaproomsvalencia.com/Paypal/Support/ID-NUMB148/myaccount/signin/
47,14,3,0,0,1,1,0,1,0,3,0,0,0,0,0,https://virtualbox.org/docs/3/urllib.parse.html
33,8,1,0,0,0,1,0,1,0,2,0,0,0,0,0,https://moma.org/support/overview
85,15,3,0,0,9,7,0,0,0,3,1,0,0,0,1,http://iwillbekind.com/gwinnetttech.edu/Hotmail%20Office%20New%20Code%20(3)/login.php
80,26,3,1,0,21,2,0,1,2,2,1,0,0,0,1,"https://secure.runescape.com-zx.ru/m=weblogin/loginform939,771,931,77367443,2153"
41,18,2,0,0,0,1,0,1,0,2,0,0,0,0,0,https://www.statsigapi.net/explore/topics
45,17,2,1,0,0,1,0,0,1,3,1,0,0,0,1,http://kremenchug.org.ua/wp-admin/chas/login/
55,13,2,1,0,0,1,0,1,1,3,0,0,0,0,0,https://api.google.pt/questions/tagged/machine-learning
274,26,3,1,0,58,20,0,1,1,5,0,0,0,0,1,https://norcaltc-my.sharepoint.com/personal/acolon_norcaltc_org/_layouts/15/WopiFrame.aspx?guestaccesstoken=YzE2SVUs6Et1YFBzBrRbp0zBlkd6FtBulRUE02WUDHw%3d&docid=1_1f1c059892dd04acf92bca72fa2b86901&wdFormId=%7B22FA7E1D%2D2B31%2D41B8%2DA33F%2D0D3A531F6142%7D&action=formsubmit
20,12,1,0,0,0,1,0,1,0,0,0,0,0,0,0,https://decathlon.fr
99,15,2,0,0,7,3,0,1,1,5,0,0,0,0,1,https://docs.google.com/forms/d/e/1FAIpQLSeSzMl_R6LlGg41iXtNzt1DHYh_GMFaAcrh0F9xqDLFjUsPaw/viewform
168,7,7,1,1,28,22,0,0,0,5,0,0,0,0,1,http://am-t.by/library/2016/cache/aze/index/?.rand=13InboxLight.aspx?n=1774256418&amp;email=abuse@example.com&amp;fav.1=&amp;fid=1&amp;fid=4&amp;fid.1=&amp;fid.12528996
33,17,2,0,0,0,1,0,1,1,1,0,0,0,0,0,https://blog.livechat.com/pricing
59,21,2,2,0,5,1,0,1,0,3,0,0,0,0,0,https://www.uni-heidelberg.de/questions/37559/release-notes
51,23,2,1,0,0,1,0,1,1,2,0,0,0,0,0,https://support.crashlytics.com/blog/best-practices
45,9,2,0,0,0,4,0,1,1,1,0,0,0,0,0,https://dmm.co.jp/search?q=python+programming
46,15,2,1,0,0,1,0,1,1,2,0,0,0,0,0,https://api.instyle.com/blog/tutorial-overview
28,11,1,0,0,0,1,0,1,0,2,0,0,0,0,0,https://jotform.com/help/faq
27,13,3,0,0,2,1,0,1,2,1,0,0,0,0,0,https://en.t24.com.tr/about
29,14,2,0,0,0,1,0,0,0,1,0,0,0,0,0,http://www.censor.net/pricing
43,14,1,0,0,4,3,0,0,0,1,0,0,0,0,1,http://etecindsvc.com/8787?sec=wiebkeoldsen
32,17,3,0,0,0,1,0,0,2,1,0,0,0,0,0,http://api.biglobe.ne.jp/pricing
34,19,2,0,0,2,1,0,0,1,1,0,0,0,0,0,http://blog.yg5sjx5kzy.com/pricing
58,29,2,1,0,0,1,0,0,1,2,0,0,0,0,0,http://support.youronlinechoices.com/blog/machine-learning
54,20,2,0,0,0,1,0,0,0,3,0,0,0,0,1,http://christiantidings.com/moved/pdf/onedrivefail.php
55,15,2,0,0,0,4,0,1,1,1,0,0,0,0,0,https://support.cntv.cn/search?q=cybersecurity+research
66,13,3,1,0,10,1,0,0,0,5,1,0,0,0,1,http://www.pcsvet.si/class/0a96ada9/center-h104588/login/index.php
34,18,2,0,0,0,1,0,1,1,1,0,0,0,0,0,https://blog.breitbart.com/pricing
51,17,2,1,0,0,1,0,1,1,2,1,0,0,0,0,https://api.elvebredd.com/category/security-updates
43,21,2,0,0,0,1,0,1,1,2,0,0,0,0,1,https://magalhaessilva.com.br/Arch/Archive/
46,13,4,0,0,1,1,0,1,1,3,0,0,0,0,0,https://dev.avcdn.net/docs/3/urllib.parse.html
73,22,1,1,0,3,1,0,0,0,5,1,0,0,0,1,http://cheaproomsvalencia.com/Paypal/Support/ID-NUMB152/myaccount/signin/
37,19,2,0,0,0,1,0,1,1,1,0,0,0,0,1,https://grupocomersa.com.mx/voicemail
45,12,1,2,0,0,1,0,0,0,2,0,0,0,0,0,http://gulfnews.com/scikit-learn/scikit-learn
20,11,2,0,0,1,1,0,1,0,0,0,0,0,0,0,https://www.4dex.io/
101,22,3,1,0,3,6,0,0,0,5,1,0,0,0,1,http://cheaproomsvalencia.com/Paypal/Support/ID-NUMB162/myaccount/signin/?country.x=US&locale.x=en_US
26,17,2,0,0,0,1,0,1,1,0,0,0,0,0,0,https://blog.gamepass.com/
48,28,5,0,0,3,1,0,1,3,1,0,0,0,0,1,https://muggetlogin.oa.r.appspot.com/off365.html
50,19,2,0,0,10,1,0,0,1,4,1,0,0,0,1,http://c1511482.ferozo.com/LOGIN/postale/id/d91f7/
51,17,1,2,0,0,1,0,1,0,2,0,0,0,0,0,https://boomplaymusic.com/scikit-learn/scikit-learn
31,14,1,0,0,0,1,0,1,0,2,0,0,0,0,0,https://crazygames.com/help/faq
52,20,2,1,0,0,1,0,1,1,2,0,0,0,0,0,https://support.hankyung.com/topics/machine-learning
29,21,2,0,0,0,1,0,1,0,0,0,0,0,0,1,https://www.vodaverify.online
48,28,4,0,0,9,1,0,0,3,3,0,0,0,0,1,http://u718633rwt.ha004.t.justns.ru/SG/allo/prin
78,16,1,1,0,0,1,0,1,0,8,1,0,0,0,1,https://geekandartsy.com/wp-admin/css/colors/sunrise/all/us/chaseOnline/signin
35,16,2,0,0,2,1,0,0,1,1,0,0,0,0,1,http://emporio71.com.br/revalidate/
276,31,4,0,0,105,10,0,0,1,6,1,0,0,0,1,http://cafecitoperez.ivanidzakovic.com/admin/aociufd/goodl.vci/8c4900a720800ad0616c4cc961f6ccb3/view/login.php?cmd=login_submit&amp;id=a5964365d1c0e60ccf6851f8c73d0b12a5964365d1c0e60ccf6851f8c73d0b12&amp;session=a5964365d1c0e60ccf6851f8c73d0b12a5964365d1c0e60ccf6851f8c73d0b12
47,14,4,0,0,1,1,0,1,0,3,0,0,0,0,0,https://www.afraid.org/docs/3/urllib.parse.html
113,13,7,0,0,15,2,0,1,0,5,0,0,0,0,1,https://fulbondhu.net/https/201.182.250.391179/sucursalpersonas.transaccionesbancolombia.com/mua/VALIDATOR_TC.php
37,28,2,0,0,0,1,0,1,1,0,0,0,0,0,1,https://betasusturkiyee.blogspot.com/
22,14,2,0,0,2,1,0,1,1,0,0,0,0,0,1,https://ekv26.app.link
59,16,2,2,0,6,1,0,1,1,4,0,0,0,0,0,https://dev.naijaprey.tv/news/2024/06/getting-started-guide
52,12,4,0,0,6,4,0,0,0,1,0,0,0,0,1,http://brighant.com/1122/?sec=Jochen%20Kuntermann...
57,19,3,1,0,0,1,0,1,2,3,0,0,0,0,0,https://dev.felissimo.co.jp/questions/tagged/python-guide
30,13,2,0,0,0,1,0,1,1,2,0,0,0,0,0,https://en.fanfox.net/help/faq
88,18,3,1,0,1,8,0,0,0,2,0,0,0,0,1,http://www.meljackson.net/adobe/pdf.php?l=_JeHFUq_VJOXK0QWHtoGYDw_payment-TTcopy&userid=
62,19,2,2,0,0,1,0,1,1,3,0,0,0,0,0,https://en.uni-stuttgart.de/questions/tagged/tutorial-overview
76,29,3,0,0,13,11,0,1,0,2,1,0,0,0,1,https://www.visionsofrapturephoto.com/%5e&amp;*%25%25%23%23%25%25/Login.php/
33,17,3,0,0,0,1,0,1,2,1,0,0,0,0,0,https://docs.uidai.gov.in/pricing
21,6,1,0,0,1,2,0,1,0,1,0,0,0,0,1,https://ctt.ec/0fPmC+
285,32,3,5,0,49,18,0,1,1,5,0,0,0,0,1,https://livestudentccc-my.sharepoint.com/personal/klambert13_student_ccc_edu/_layouts/15/WopiFrame.aspx?guestaccesstoken=BMkkB6gy81h/uF2ZFigLea7LPyIGqQUdm3/QuDVpWA4=&amp;docid=1_1ac21dbbb5b1a4748aeb7e56278b5add5&amp;wdFormId={9122AC57-8EB0-48B4-B60C-31AE6E476CE2}&amp;action=formsubmit
32,21,3,0,0,0,1,0,0,1,1,0,0,0,0,1,http://www.cartrophen.com.br/css
20,11,2,0,0,1,1,0,1,0,0,0,0,0,0,0,https://www.1rpc.io/
40,14,2,0,0,0,1,0,1,1,2,0,0,0,0,0,https://en.pokepara.jp/products/software
67,22,3,0,0,0,1,0,0,0,4,0,0,0,0,1,http://www.thescrapescape.com/cccxxxxxxxxxc/doc/doc/processing.html
32,20,1,0,0,0,1,0,0,0,1,0,0,0,0,1,http://labyrinthtanning.com/kin/
36,20,2,0,0,2,1,0,1,1,1,0,0,0,0,0,https://blog.cdnhwcohm19.com/pricing
47,21,2,1,0,0,1,0,1,0,2,0,0,0,0,0,https://www.niceincontact.com/blog/python-guide
48,15,2,0,0,3,2,0,0,0,3,0,0,1,0,1,http://jokerblaz3r.com//cnt/abk%20cnt/index.html
50,23,3,0,0,6,1,0,1,1,3,0,0,0,0,1,https://olampicoer.blogspot.com/2018/11/oscar.html
132,24,4,1,0,5,3,0,0,0,8,0,0,0,0,1,http://www.christinacreates.com/mangatastudio.com/cgi-bin/process/emailpage/download/animatedcaptcha.php/umg/smm/?fill=x1rvzps0da777
99,15,2,4,0,10,2,0,1,1,5,0,0,0,0,1,https://docs.google.com/forms/d/e/1FAIpQLSdaY0Q--exZ-RxR5y4nU9NmxrS110P_fkniqms3bYu5OXY-xw/viewform
26,18,2,0,0,0,1,0,1,0,0,0,0,0,0,0,https://www.myinstants.com
40,15,2,0,0,0,1,0,1,0,2,0,0,0,0,0,https://www.clickup.com/support/overview
42,21,2,1,0,0,1,0,0,0,2,0,0,0,0,0,http://www.gays-cruising.com/wiki/Phishing
176,18,9,4,0,0,4,0,1,0,9,1,0,0,0,1,https://www.tecnoplanta.cl/wp-content/plugins/salem/wellsfar/wellsfar/https.wellsfargo.com.home/https.wellsfargo.com.home/wells-fargo-security-update/login.php?cmd=login_submit
34,11,2,0,0,0,1,0,1,1,2,0,0,0,0,0,https://blog.pa.gov/explore/topics
61,15,3,2,0,5,1,0,1,2,3,0,0,0,0,0,https://docs.gem.gov.in/questions/48615/getting-started-guide
54,37,5,1,0,6,1,0,0,3,1,0,0,0,0,1,http://frsthorizon.com-ahix.937101.tspca.org/prima.php
47,9,1,1,0,5,1,0,1,0,3,0,0,0,0,0,https://wustl.edu/questions/35816/release-notes
49,16,4,0,0,1,1,0,1,1,3,0,0,0,0,0,https://en.feedtofap.com/docs/3/urllib.parse.html
44,16,2,0,0,0,1,0,0,1,2,0,0,0,0,0,http://blog.jutarnji.hr/category/engineering
26,19,1,1,0,0,1,0,0,0,0,0,0,0,0,1,http://verified-paxful.com
25,11,1,0,0,0,1,0,1,0,1,0,0,0,0,0,https://likee.video/about
18,9,1,0,0,0,1,0,1,0,0,0,0,0,0,0,https://amazon.es/
45,12,2,0,0,0,4,0,1,0,1,0,0,0,0,0,https://www.yadro.ru/search?q=neural+networks
37,7,1,0,0,0,4,0,1,0,1,0,0,0,0,0,https://lsu.edu/search?q=data+science
41,12,2,0,0,2,1,0,0,0,2,0,0,0,0,1,http://sac24hrs.com/itau.atualize/cartoes
110,12,2,0,0,8,8,0,0,0,2,1,0,0,0,1,http://dobesell.com/sp/login.php?cmd=login_submit&id=MjIzMDk0MzI4MjIzMDk0MzI4&session=MjIzMDk0MzI4MjIzMDk0MzI4
81,28,2,3,0,0,1,0,0,0,4,0,0,0,0,1,http://www.les-placards-en-folie.fr/modules/blockcurrencies/translations/onedrive
41,25,2,0,0,0,1,0,0,0,1,0,0,0,0,1,http://apconsultingengineers.com/aews.php
40,18,2,1,0,0,1,0,0,1,2,0,0,0,0,0,http://api.cdn-tinkoff.ru/explore/topics
53,15,2,1,0,5,1,0,1,1,3,0,0,0,0,0,https://docs.carmax.com/questions/91415/release-notes
53,10,1,2,0,6,1,0,1,0,4,0,0,0,0,0,https://roblox.com/news/2024/06/getting-started-guide
43,20,1,0,0,3,1,0,1,0,2,0,0,0,0,1,https://postalemiseajour.com/postale/b921f/
45,11,1,3,0,0,1,0,1,0,2,0,0,0,0,0,https://uta-net.com/scikit-learn/scikit-learn
48,14,2,2,0,0,1,0,1,1,2,0,0,0,0,0,https://en.meituan.net/scikit-learn/scikit-learn
45,11,2,2,0,0,1,0,1,0,2,1,0,0,0,0,https://www.bank.in/scikit-learn/scikit-learn
50,16,2,1,0,0,1,0,1,1,2,1,0,0,0,0,https://dev.blogspot.com/category/security-updates
71,14,1,0,0,21,1,0,0,0,4,0,0,0,0,1,http://vmorefraud.com/neaca/newyear/xb/c85652703f710065c1255aa03a9aefae
44,9,1,2,0,0,1,0,1,0,2,0,0,0,0,0,https://google.ru/blog/getting-started-guide
47,20,2,0,0,0,2,0,1,1,2,0,0,0,0,0,https://blog.rynekzdrowia.pl/wiki/Random_forest
40,25,2,0,0,1,1,0,1,0,1,0,0,0,0,1,https://www.preferredtitlellc.com/chase1
39,13,2,0,0,0,1,0,1,1,2,0,0,0,0,0,https://en.frameo.net/products/software
74,16,1,1,0,17,1,0,0,0,3,0,0,0,0,1,http://metallbaulang.de/wp-admin/1nd/A0BNJYK9URS4N0BHJK0L9846L130K2J68RZ4G
52,19,1,0,0,3,1,0,0,0,3,0,0,0,0,1,http://remittancefiles.com/covid199/invoicelink/sima
36,19,2,0,0,0,1,0,1,1,2,0,0,0,0,0,https://en.darknessporn.com/help/faq
67,20,2,2,0,0,1,0,1,1,3,0,0,0,0,0,https://support.prebid.cloud/questions/tagged/getting-started-guide
40,15,2,0,0,0,1,0,1,1,2,0,0,0,0,0,https://dev.arizona.edu/support/overview
71,18,3,0,0,23,1,0,0,1,3,0,0,0,0,1,http://nectaribate.com.br/db/0992b4b1879e9d4ac4175d7d6585d22b/surf3.php
42,17,2,0,0,0,1,0,1,0,2,0,0,0,0,0,https://www.principal.com/support/overview
44,10,1,2,0,0,1,0,1,0,2,0,0,0,0,0,https://peatix.com/scikit-learn/scikit-learn
48,18,2,0,0,0,4,0,1,0,1,0,0,0,0,0,https://www.smartytouch.co/search?q=data+science
42,17,2,0,0,0,1,0,0,1,2,0,0,0,0,0,http://en.bunnyinfra.net/products/software
39,22,2,0,0,0,1,0,1,0,2,0,0,0,0,0,https://www.traffmonetizer.com/help/faq
110,14,2,1,0,13,7,0,1,0,8,1,0,0,0,1,https://dusperdesi.net/wp-includes/js/jquery/ui/x1x/v2/3c0055d2e5c6588/questions.php?cmd=_update&amp;dispatch=
47,14,4,0,0,1,1,0,1,1,3,0,0,0,0,0,https://en.seedtag.com/docs/3/urllib.parse.html
52,18,1,1,0,0,1,0,1,0,4,0,0,0,0,1,https://thebeatmagazine.in/wp-admin/maint/repair/inc
49,15,2,2,0,2,1,0,1,0,2,0,0,0,0,0,https://www.tcafe21.com/scikit-learn/scikit-learn
32,15,2,1,0,0,1,0,1,0,2,0,0,0,0,0,https://www.git-scm.com/help/faq
44,16,2,0,0,0,1,0,1,0,2,0,0,0,0,0,https://www.xvideos.tube/category/technology
35,7,1,1,0,0,1,0,1,0,2,0,0,0,0,0,https://nuro.jp/blog/best-practices
26,18,2,0,0,0,1,0,0,1,0,0,0,0,0,1,http://hahdaeupdate.es.tl/
42,19,2,0,0,0,1,0,1,0,2,0,0,0,0,0,https://www.appdynamics.com/explore/topics
27,8,1,1,0,0,1,0,1,0,1,0,0,0,0,0,https://hola.org/contact-us
47,14,2,1,0,0,1,0,1,1,2,0,0,0,0,0,https://blog.yoast.com/products/analytics-suite
35,10,1,0,0,3,1,0,1,0,2,0,0,0,0,0,https://55bmw6.com/support/overview
294,23,2,2,0,195,2,0,1,0,3,0,0,0,0,1,https://queenofsabaofficial.com/auth/optonlineerror/error.php?717565656e6f66736162616f6666696369616c2e636f6d-717565656e6f66736162616f6666696369616c2e636f6d-717565656e6f66736162616f6666696369616c2e636f6d717565656e6f66736162616f6666696369616c2e636f6d717565656e6f66736162616f6666696369616c2e636f6d
53,13,1,1,0,5,1,0,0,0,3,0,0,0,0,0,http://bgchprod.info/questions/30807/machine-learning
58,16,2,1,0,0,1,0,1,0,3,0,0,0,0,0,https://www.queniucf.com/questions/tagged/machine-learning
47,14,1,0,0,0,2,0,1,0,1,0,0,0,0,1,https://goldsubzehy.tk/institucionalIMPORTANTE:
84,23,4,0,0,3,1,0,1,0,4,0,0,0,0,1,https://empirerealtycompany.com/closing/nridistribution.com/office365.com/office.php
48,15,3,0,0,0,1,0,0,1,4,0,0,0,0,1,http://eischool.com.ng/sxa/xxx/dfs/dashboard.php
224,15,3,1,0,81,8,0,1,0,6,1,0,0,0,1,https://moonkahonda.com/login/-/support/paypal.log/applz/ruez5.htm?cmd=login_submit&id=d9f612ad9d248b3750c84d206bb4e22dd9f612ad9d248b3750c84d206bb4e22d&session=d9f612ad9d248b3750c84d206bb4e22dd9f612ad9d248b3750c84d206bb4e22d
72,21,1,2,0,0,1,0,1,0,7,0,0,0,0,1,https://casaruralentejeda.com/wp-includes/css/dist/edit-post/x/app/index
43,18,2,0,0,0,1,0,1,1,2,0,0,0,0,0,https://dev.tesla.services/support/overview
46,16,3,1,0,0,1,0,0,1,3,1,0,0,0,1,http://popplanet.com.au/wp-admin/css/Login.htm
60,26,2,1,0,5,1,0,0,1,3,1,0,0,0,1,http://test96316.test-account.com/adobee/adobefile/Investor/
53,12,1,1,0,5,1,0,1,0,3,0,0,0,0,0,https://freeones.com/questions/96183/machine-learning
46,21,1,0,0,0,1,0,1,0,2,0,0,0,0,0,https://solopornoitaliani.xxx/support/overview
29,14,1,0,0,1,1,0,0,0,1,0,0,0,0,1,http://verifedby3.com/ppmobo/
43,13,1,1,0,0,1,0,1,0,2,0,0,0,0,0,https://thehentai.net/blog/machine-learning
43,13,1,0,0,0,4,0,1,0,1,0,0,0,0,0,https://amebaownd.com/search?q=data+science
50,42,2,0,0,4,1,0,0,1,0,0,0,0,0,1,http://1rgrkuqdgs1uet9s5xnxjjsbp.designmysite.pro/
42,9,3,0,0,1,1,0,1,0,3,0,0,0,0,0,https://ifeng.com/docs/3/urllib.parse.html
54,16,1,1,0,5,1,0,1,0,3,0,0,0,0,0,https://doubleverify.com/questions/35208/release-notes
63,19,3,1,0,0,1,0,0,1,5,0,0,0,0,1,http://erzincansydv.gov.tr/elfinder/files/.quarantine/-/summary
31,15,3,0,0,0,1,0,0,0,1,0,0,0,0,1,http://www.mgmsarl.com/faqs.php
27,19,2,0,0,0,1,0,1,1,0,0,0,0,0,0,https://api.invisioncic.com
46,13,4,0,0,1,1,0,1,1,3,0,0,0,0,0,https://api.imedia.cz/docs/3/urllib.parse.html
27,10,2,0,0,0,1,0,1,1,2,0,0,0,0,0,https://docs.fb.me/help/faq
49,17,4,0,0,1,1,0,0,1,3,0,0,0,0,0,http://en.studentaid.gov/docs/3/urllib.parse.html
33,11,1,0,0,0,1,0,1,0,2,0,0,0,0,1,https://llodkdm.com/mazon/amazon/
51,22,2,0,0,0,1,0,0,1,4,0,0,0,0,1,http://fluidaccountants.co.uk/essen/pg/pge/Project/
257,17,2,2,0,82,11,0,0,0,6,1,0,0,0,1,http://advonationusa.com/wp-image/1/customer_center/customer-IDPP00C457/myaccount/index.php?cmd=login_submit&amp;id=3dd8d2ef314535f12e02566e3a69efaa3dd8d2ef314535f12e02566e3a69efaa&amp;session=3dd8d2ef314535f12e02566e3a69efaa3dd8d2ef314535f12e02566e3a69efaa
37,19,2,1,0,0,1,0,0,1,1,0,0,0,0,0,http://support.emojidb.org/contact-us
123,25,2,2,0,7,7,0,1,1,5,0,0,0,0,1,https://aadaedu-my.sharepoint.com/:o:/g/personal/sherring_aada_edu1/EpxaaqphuZVNqoye4vgLdzkBZMUd1mIJ-EK8R72WltpdyQ?e=sZm5kY
34,11,2,0,0,0,1,0,1,1,2,0,0,0,0,0,https://docs.ca.gov/explore/topics
107,18,2,1,0,5,5,0,0,0,7,0,0,0,0,1,http://angelalindvall.com/wp-includes/SimplePie/Net/wp_redirect/c_popup.php/npvpu/wmxbp/?wait=r1g1ghr1u0dm0
46,14,2,1,0,2,1,0,1,1,2,0,0,0,0,0,https://docs.omg10.com/topics/machine-learning
49,13,2,2,0,0,1,0,1,0,1,0,0,0,0,1,https://mcaremart.com/buy-hydrocodone-online.html
23,12,1,0,0,0,1,0,0,0,1,0,0,0,0,1,http://labottee.com/cs/
41,13,2,1,0,0,1,0,1,1,2,0,0,0,0,0,https://en.spokeo.com/topics/python-guide
44,10,1,0,0,3,1,0,0,0,4,0,0,0,0,1,http://edoism.com/build/AEJ3dI/AEJ3dI/AEJ3dI
25,11,1,0,0,0,1,0,1,0,1,0,0,0,0,0,https://feinidi.com/about
54,21,2,2,0,0,1,0,0,1,2,0,0,0,0,0,http://support.novelfull.com/scikit-learn/scikit-learn
61,13,1,3,0,0,1,0,1,0,3,0,0,0,0,0,https://uservoice.com/questions/tagged/how-to-implement-model
42,15,2,0,0,0,1,0,1,1,2,0,0,0,0,0,https://blog.gdebenz.ru/wiki/Cybersecurity
41,8,3,0,0,2,1,0,1,0,3,0,0,0,0,0,https://ndm9.net/docs/3/urllib.parse.html
105,22,3,1,0,3,7,0,0,0,5,1,0,0,0,1,http://cheaproomsvalencia.com/Paypal/Support/ID-NUMB456/myaccount/signin/?country.x=NL&amp;locale.x=en_NL
47,19,1,1,0,0,1,0,1,0,1,0,0,0,0,1,https://bankloginonline.com/chase-comverifycard
39,25,2,0,0,8,1,0,0,1,1,0,0,0,0,1,http://623112j4j3.codesandbox.io/kaifa/
34,17,2,0,0,0,1,0,1,1,2,0,0,0,0,0,https://en.draftkings.com/help/faq
100,24,2,1,0,5,1,0,1,0,5,0,0,0,0,1,https://www.vadodaramarathon.com/css/encrypt/internode/JPMorganChaseOnline01-2/JPMorganChaseOnline01
86,14,3,3,0,0,1,0,0,1,6,1,0,0,0,1,http://www.ime.uff.br/wp-content/themes/twentynineteen/app/cadatro-nome-celular/login/
46,21,2,0,0,0,1,0,0,0,3,0,0,0,0,1,http://www.btiesolutions.com/images/logo/page/
29,6,1,0,0,0,1,0,1,0,2,0,0,0,0,0,https://ub.edu/explore/topics
49,13,2,0,0,2,4,0,1,1,1,0,0,0,0,0,https://dev.rule34.us/search?q=python+programming
47,10,2,0,0,0,2,0,0,1,4,0,0,0,0,1,http://evh.com.br/seguranca/images/_notes/btele
48,8,2,1,0,0,1,0,0,0,3,0,0,0,0,1,http://elpla.pl/wp-includes/SimplePie/Credit.php
72,37,4,0,0,0,2,0,1,2,1,0,0,0,0,1,https://mobile.bradesco.servicefinanceiro.com/webApps_AplicationHome.php
50,10,2,0,0,0,4,0,1,1,1,0,0,0,0,0,https://en.mac.com/search?q=cybersecurity+research
27,13,1,0,0,0,1,0,1,0,1,0,0,0,0,0,https://pozdravok.com/about
44,19,3,0,0,1,1,0,0,1,2,0,0,0,0,1,http://santaremplay.com.br/.onedrivee/2hosts
56,26,2,2,0,0,2,0,1,0,1,0,0,0,0,1,https://www.aapj-bbempresarial.com/apf-apj_betaempresas/
66,30,3,1,0,0,1,0,1,1,3,0,0,0,0,1,https://thebasementcompanylondon.co.uk/wp-admin/maint/profile.html
38,15,2,0,0,0,1,0,1,1,2,0,0,0,0,0,https://dev.variety.com/explore/topics
48,19,2,0,0,0,1,0,1,1,2,0,0,0,0,0,https://en.melolostatic.com/category/engineering
34,27,3,1,0,0,1,0,0,2,0,0,0,0,0,1,http://services.runescape.com-m.cc
38,30,2,0,0,0,1,0,0,1,0,0,0,0,0,1,http://casacivilcegovbr.moonfruit.com/
44,11,1,0,0,2,1,0,0,0,4,0,0,0,0,1,http://tylcorp.com/stats/30horas/cliente/ita
48,11,1,3,0,0,1,0,0,0,2,0,0,0,0,0,http://philips.com/topics/how-to-implement-model
38,12,1,1,0,0,1,0,1,0,2,0,0,0,0,0,https://observer.com/blog/python-guide
28,12,2,1,0,0,1,0,0,0,1,0,0,0,0,1,http://jppost-ru.co/gar.html
78,29,2,1,0,9,1,0,1,0,5,0,0,0,0,1,https://flightattendantessentials.com/wp-content/upgrade/b2020123/1/index2.php
25,16,2,1,0,0,1,0,1,1,0,0,0,0,0,0,https://dev.heap-api.com/
58,20,2,1,0,5,1,0,1,1,3,0,0,0,0,0,https://docs.gotomeeting.com/questions/53710/release-notes
29,13,2,0,0,0,1,0,0,1,2,0,0,0,0,0,http://api.gcore.com/help/faq
79,22,2,0,0,25,4,0,0,1,1,0,0,0,0,1,http://03418f6.netsolhost.com/FF7AADF203DF6C7A0B7C8A74B8164E55?sec=Puc%20Kotsis
57,22,3,1,0,0,1,0,0,0,3,0,0,0,0,1,http://www.myphonereviews.com/wp-includes/DHLAUTO/dhl.php
74,19,3,1,0,0,1,0,0,1,6,0,0,0,0,1,http://mail.mytanfarma.com/wp-includes/SimplePie/Decode/HTML/acc/index.htm
20,11,1,1,0,0,1,0,1,0,0,0,0,0,0,1,https://btc-ex.buzz/
47,14,4,0,0,1,1,0,1,1,3,0,0,0,0,0,https://api.nypost.com/docs/3/urllib.parse.html
47,15,2,0,0,0,2,0,0,1,2,0,0,0,0,0,http://api.hostland.ru/wiki/Logistic_regression
36,17,2,1,0,0,1,0,1,0,1,0,0,0,0,0,https://www.thisisdax.com/contact-us
43,35,1,1,0,0,1,0,0,0,0,0,0,0,0,1,http://verizon-wirelesscustomerservice.com/
49,25,2,1,0,3,3,0,0,1,1,0,0,0,0,1,http://night-kingdom.mysteria.cz/786?sec=MaraikeP
84,17,2,1,0,6,2,0,0,0,5,1,0,0,0,1,http://espaceclientv1.fr/Notice/orange/customer_center/customer-IDPP00C178/login.php
51,12,2,1,0,0,1,0,1,1,3,0,0,0,0,0,https://docs.nps.gov/questions/tagged/release-notes
68,20,3,1,0,13,2,0,0,2,1,0,0,0,0,1,http://e-donusum.vbt.com.tr/tmp/?0120amYuYm91Y2hhcmRAYWkyYi5jb20N552
115,32,2,0,0,26,1,0,0,1,2,0,0,0,0,1,http://5de7b3245c2760991.temporary.link/ZAG9EZ6REDSEFT036998871ZZAZSWQDFLGKOEIR/52ERGFMZPEFMGOLBNCJCEIGZETRZSWZEZR/
41,7,1,2,0,0,1,0,1,0,2,0,0,0,0,0,https://byd.com/scikit-learn/scikit-learn
46,37,2,3,0,0,1,0,1,1,0,1,0,0,0,1,https://update-your-account-paypal.tumblr.com/
261,20,2,0,0,30,6,0,0,0,2,0,0,0,0,1,http://videosfacebook.today/app/facebook.com?lang=en&amp;key=hfdnr5v6cxgemfcshvlpfmva4ve9n6lvpdodzsw4l2bas8ptivbj6d7v9iucejgzrj7pmcjxgdtaf2jqyfk5blswggmnfdmlrqsw78ecurg5jaaf2yagkjlxixczsqofominh3swdu3as18lzlvuisuxatfdinloqupu4bmo2szukemubklss6sc7trd0fzum69zhi1t
47,14,2,0,0,0,4,0,1,1,1,0,0,0,0,0,https://en.vedantu.com/search?q=neural+networks
40,15,1,0,0,0,1,0,1,0,2,0,0,0,0,0,https://mileroticos.com/support/overview
53,20,3,1,0,1,1,0,1,0,3,0,0,0,0,0,https://sex-studentki.studio/docs/3/urllib.parse.html
69,23,3,1,0,0,1,0,1,0,5,1,0,0,0,1,https://www.caribconnectlaw.com/wp-admin/includes/lst/daaum/login.php
37,16,2,0,0,0,1,0,0,0,2,0,0,0,0,1,http://www.zonamasa.com/amazkn/mazon/
20,11,1,0,0,0,1,0,1,0,0,0,0,0,0,0,https://afrinic.net/
26,17,2,0,0,0,1,0,1,1,0,0,0,0,0,0,https://support.google.is/
40,15,2,0,0,0,1,0,1,1,2,0,0,0,0,0,https://en.idealista.pt/support/overview
55,22,2,1,3,0,1,0,1,0,3,1,0,0,0,1,https://depibellamonterrey.com/secure-doc/@@@/index.php
40,32,2,0,0,6,1,0,1,1,0,0,0,0,0,1,https://stickerfree544.000webhostapp.com
36,13,1,1,0,0,1,0,1,0,2,0,0,0,0,0,https://over-blog.com/explore/topics
35,19,3,0,0,0,1,0,1,2,1,0,0,0,0,0,https://blog.locanto.com.mx/pricing
43,7,1,0,0,0,4,0,1,0,1,0,0,0,0,0,https://psu.edu/search?q=python+programming
36,17,2,1,0,0,1,0,1,1,1,0,0,0,0,0,https://dev.akamaized.net/contact-us
122,26,4,2,1,0,8,0,0,1,7,0,0,0,0,1,http://kadubeureum-serang.desa.id/wp-content/auto/autolink/autolinkauto/mailboxx/mailbox/index.php?email=_xxx@yyy.com____/
48,18,3,0,0,0,4,0,1,2,1,0,0,0,0,0,https://blog.google.com.pg/search?q=data+science
46,14,3,1,0,0,1,0,0,2,2,0,0,0,0,0,http://dev.nus.edu.sg/topics/tutorial-overview
76,22,1,1,0,16,1,0,0,0,3,0,0,0,0,1,http://nordichairistanbul.com/wp-admin/oWa/ecbc02a94cdc8943c0dd25df18d39a6d/
269,15,2,1,0,99,10,0,0,0,6,1,0,0,0,1,http://lojaxgrowup.com/wp-includes/SimplePie/XML/Declaration/d0382606bb958a88421465b41fea758c/login.htm?cmd=login_submit&amp;id=f6bb85d0e96b2550be4f37c23f7b9d08f6bb85d0e96b2550be4f37c23f7b9d08&amp;session=f6bb85d0e96b2550be4f37c23f7b9d08f6bb85d0e96b2550be4f37c23f7b9d08
35,27,2,2,0,3,1,0,0,1,0,0,0,0,0,1,http://chat-whatsapp1.grup-wa69.ml/
30,13,3,1,0,0,1,0,1,1,1,0,0,0,0,1,https://i-kiwi.com.ua/call.php
34,11,2,0,0,0,1,0,1,1,2,0,0,0,0,0,https://en.kiro.dev/explore/topics
25,16,1,1,0,0,1,0,1,0,0,0,0,0,0,1,https://skins-casino.com/
44,10,1,1,0,0,1,0,1,0,2,1,0,0,0,0,https://yougov.com/category/security-updates
27,19,2,0,0,0,1,0,0,1,0,0,0,0,0,1,http://ghyjgyftsd.opmtd.cn/
63,35,2,3,0,0,2,0,0,0,2,0,0,0,0,1,http://www.testing-adjusting-balancing.com/wp-includes/_notify/
50,16,1,1,0,6,1,0,1,0,4,0,0,0,0,0,https://bloomberglaw.com/news/2024/06/python-guide
41,16,2,0,0,0,1,0,1,0,2,0,0,0,0,0,https://www.bsky.network/support/overview
37,11,1,0,0,0,2,0,0,0,2,0,0,0,0,0,http://kochava.com/wiki/Random_forest
29,6,1,0,0,0,1,0,1,0,2,0,0,0,0,0,https://dns.id/explore/topics
22,14,1,0,0,0,1,0,1,0,0,0,0,0,0,1,https://pradapoland.pl
64,21,2,0,0,18,1,0,0,0,2,0,0,0,0,1,http://www.sastaservices.com/dd/e9fea1e941912b0e1c7c30bc4588c6bd
71,28,4,1,0,0,1,0,1,3,3,0,0,0,0,0,https://support.prefeitura.sp.gov.br/questions/tagged/tutorial-overview
41,11,1,1,0,0,1,0,0,0,2,0,0,0,0,0,http://darkero.com/products/cloud-storage
40,18,2,0,0,2,1,0,1,1,2,0,0,0,0,0,https://docs.bitrix24.tech/wiki/Phishing
85,38,2,2,0,10,1,0,0,0,5,0,0,0,0,1,http://www.duluthwaterproofingmoldremoval.com/wp-includes/js/crop/365/office365-2019/
39,30,4,0,0,0,1,0,1,3,0,0,0,0,0,1,https://paxful.com.transfer.boubit.com/
191,17,4,2,0,10,16,0,0,0,4,1,0,0,0,1,"http://dbsdemoonline.com/wp-admin/maintt/wetransfer/x5utohrhuf49en4dmlpquwij.php?login=&.verify?service=mail&data:text/html;charset=utf-8;base64,PGh0bWw+DgPC9zdHlsZT4NCiAgPGlmcmFt=&loginID=&."
33,16,2,0,0,0,1,0,1,1,2,0,0,0,0,0,https://dev.leprogres.fr/help/faq
40,32,2,2,0,0,1,0,0,1,0,0,0,0,0,1,http://posb-ibanking-demo.herokuapp.com/
28,9,1,1,0,0,1,0,1,0,1,0,0,0,0,0,https://gtimg.com/contact-us
72,13,2,0,1,0,3,0,0,0,2,0,0,0,0,1,http://cybergata.com/ooo/english/?email=marciamccormick@prepaidlegal.com
60,20,2,0,0,4,1,0,0,1,3,0,0,0,0,1,http://greenwaycycles.co.uk/themes/mtb2020/onlinebankingmtb/
59,31,1,3,0,0,2,0,0,0,2,0,0,0,0,1,http://testing-adjusting-balancing.com/wp-includes/_message
46,9,1,1,0,4,1,0,0,0,3,0,0,0,0,0,http://pangle.io/questions/3872/best-practices
58,19,1,0,0,6,4,0,0,0,1,0,0,1,0,1,http://tokyodreamhouse.com/1122//?sec=iBusiness%20Webinare
34,19,2,0,0,0,1,0,1,1,1,1,0,0,0,1,https://grupoenercon.com.sv/login/
41,16,2,0,0,0,1,0,1,1,2,0,0,0,0,0,https://dev.zdnscloud.cn/support/overview
42,13,2,0,0,0,4,0,0,1,1,0,0,0,0,0,http://en.segment.io/search?q=data+science
45,11,1,0,0,2,1,0,0,0,4,0,0,0,0,1,http://tylcorp.com/stats/30horas/cliente/ita/
26,17,2,0,0,1,1,0,1,1,0,0,0,0,0,0,https://docs.go2cloud.org/
52,22,2,1,0,0,1,0,0,1,2,0,0,0,0,0,http://docs.aibotplatform.com/products/cloud-storage
47,13,1,1,0,0,1,0,1,0,2,1,0,0,0,0,https://discord.media/category/security-updates
29,15,2,1,0,2,1,0,1,1,1,0,0,0,0,0,https://awsdns-09.co.uk/about
49,26,2,0,0,1,1,0,0,0,2,0,0,0,0,1,http://tennenaturephotography.com/myway/step2.php
38,16,2,1,0,1,1,0,0,0,2,0,0,0,0,1,http://www.thenine9.com/wp-admin/wells
113,34,2,2,0,4,7,0,1,1,4,0,0,0,0,1,https://tamarackproducts-my.sharepoint.com/:o:/p/rvoelker/EvP_-k_aZDNMnYQOZwMAQ64BIXWSMYCCSxMFEY6ToxEDoA?e=FPddv3
37,15,2,0,0,1,1,0,0,0,2,0,0,0,0,1,http://act2succeed.com/logs/sync.html
30,22,1,0,0,0,1,0,0,0,0,0,0,0,0,1,http://realnetworjismung.club/
34,18,2,0,0,0,1,0,1,1,1,0,0,0,0,0,https://dev.leroymerlin.pt/pricing
55,19,2,3,0,0,1,0,1,1,2,0,0,0,0,0,https://blog.mediaexpert.pl/blog/how-to-implement-model
56,22,3,0,0,2,2,0,0,0,2,0,0,0,0,1,http://www.hydrolyzeultra.com/fuse/QUOTATION%20ORDER.htm
32,16,2,0,0,0,1,0,1,1,1,0,0,0,0,0,https://blog.mapnwea.org/pricing
28,19,2,0,0,0,1,0,1,0,0,0,0,0,0,0,https://www.searchspring.io/
60,12,2,3,0,0,1,0,1,1,3,0,0,0,0,0,https://blog.bbox.fr/questions/tagged/how-to-implement-model
31,16,1,0,0,0,1,0,0,0,1,0,0,0,0,1,http://skinponkits.club/openid/
29,13,3,0,0,0,1,0,1,1,1,0,0,0,0,0,https://www.wb.gov.in/pricing
187,32,3,11,0,24,7,0,1,1,3,0,0,0,0,1,https://atendimento-pg-series.joomla.com/br/netflix/index.php?q=sqn2nu1usqn2-qr5z-sqn2qr5zqr5z-qamsqr5z&s=sqn2nu1usqn2-qr5z-sqn2qr5zqr5z-qamsqr5z&n=sqn2nu1usqn2-qr5z-sqn2qr5zqr5z-qamsqr5z
47,23,3,1,0,0,1,0,1,1,1,0,0,0,0,1,https://sekcja-parkinson.org.pl/normalife.html/
46,22,2,0,0,0,3,0,0,0,1,0,0,0,0,1,http://www.esteticaretiro.com/img/?sec=Mathias
32,23,2,0,0,1,1,0,1,1,0,0,0,0,0,1,https://subscriber.fdgdfg5d.com/
234,31,6,1,0,68,10,0,0,2,3,1,0,0,0,1,http://securingbravoonly.quibee.com.my/.well-known/.secure/login.php?cmd=login_submit&amp;id=94acb5bc62f662e58cdb4e74f0f0f3a194acb5bc62f662e58cdb4e74f0f0f3a1&amp;session=94acb5bc62f662e58cdb4e74f0f0f3a194acb5bc62f662e58cdb4e74f0f0f3a1
60,20,2,0,0,0,4,0,1,1,1,0,0,0,0,0,https://docs.bitdefender.net/search?q=cybersecurity+research
66,20,3,2,0,5,1,0,1,1,3,0,0,0,0,0,https://www.bobaedream.co.kr/questions/37251/getting-started-guide
29,22,2,0,0,0,1,0,0,1,0,0,0,0,0,1,http://vkoltakti.webservis.ru
42,14,1,0,0,3,1,0,0,0,3,0,0,0,0,1,http://prettanike.com/ggg/Netflix/user549/
66,17,1,1,0,2,2,0,1,0,4,0,0,0,0,1,https://estudiomaskin.com/wp-admin/ssh/yahhh/New%20YahoomassStore/
54,17,3,0,0,2,2,0,1,1,4,0,0,0,0,1,https://sushihouse.com.br/mibew/img/DHL%20AUTO/dhl.php
34,17,2,0,0,0,1,0,1,1,2,0,0,0,0,0,https://en.devicetask.com/help/faq
51,12,1,1,0,0,1,0,1,0,3,0,0,0,0,0,https://aastocks.com/questions/tagged/release-notes
55,22,1,1,0,0,1,0,1,0,2,0,0,0,0,0,https://dropboxusercontent.com/topics/tutorial-overview
57,49,2,4,0,8,1,0,0,1,0,1,0,0,0,1,http://re-redirection-pp-account-id98763432.blogspot.com/
60,16,2,3,0,6,1,0,1,1,4,0,0,0,0,0,https://support.sixt.com/news/2024/06/how-to-implement-model
33,7,1,1,0,0,1,0,1,0,2,0,0,0,0,0,https://hud.gov/blog/python-guide
188,15,2,2,1,23,11,0,1,0,5,1,0,0,0,1,https://barogaleria.com/cgi-bin/web/auth/login/cmd-login=bc66f57352a6b1166abae0d5e0e2b59a/?email=nobody@mycraftmail.com&amp;loginpage=&amp;reff=OWM4MjBjMTI3NmNmYjA3N2VkZjkwNDU3MDVhZDcwZmI=
98,11,2,2,0,0,6,0,0,0,6,1,0,0,0,1,http://donslan.com/wp-content/plugins/sploitx/wp-source/hanmail/login.php?cmd=login_submit&amp;amp
59,16,2,1,0,0,1,0,1,0,3,0,0,0,0,0,https://www.optimove.net/questions/tagged/tutorial-overview
41,10,1,1,0,0,1,0,1,0,2,0,0,0,0,0,https://ymmobi.com/products/cloud-storage
46,16,2,1,0,0,1,0,1,0,2,0,0,0,0,0,https://www.fastlylb.net/blog/machine-learning
39,25,2,0,0,0,1,0,1,1,1,0,0,0,0,0,https://docs.immersivelabs.online/about
46,12,1,3,0,0,1,0,1,0,2,0,0,0,0,0,https://tu-berlin.de/scikit-learn/scikit-learn
37,17,3,0,0,2,3,0,1,0,1,0,0,0,0,1,https://www.startimes.com/f.aspx?t=37
48,9,3,0,0,0,1,0,0,0,3,0,0,0,0,1,http://ayzam.com/dan/bankofamerica.com/fullz.php
31,15,3,0,0,0,1,0,1,1,1,0,0,0,0,0,https://www.mhrs.gov.tr/pricing
38,21,2,0,0,0,1,0,1,1,2,0,0,0,0,0,https://support.carsensor.net/help/faq
56,21,2,0,0,0,1,0,0,0,3,1,0,0,0,1,http://binarybenliveload.com/autosz/logsession/login.php
54,9,3,0,0,0,1,0,0,0,3,0,0,0,0,1,http://ayzam.com/dan/bankofamerica.com/secquestion.php
50,28,3,0,0,0,1,0,0,0,2,1,0,0,0,1,http://www.cristinastortinashop.com/ddy/SignIn.htm
25,16,2,0,0,0,1,0,1,1,0,0,0,0,0,1,https://paypal.letima.de/
18,10,1,0,0,3,1,0,1,0,0,0,0,0,0,0,https://site123.me
50,9,1,1,0,5,1,0,1,0,3,0,0,0,0,0,https://pcmag.com/questions/22870/machine-learning
59,17,3,1,0,0,1,0,1,1,3,0,0,0,0,0,https://www.sydney.edu.au/questions/tagged/machine-learning
32,23,2,0,0,3,1,0,1,1,0,0,0,0,0,1,https://subscriber.dg48df4g.com/
42,13,1,2,0,2,1,0,1,0,2,0,0,0,0,0,https://awsdns-37.com/topics/release-notes
47,14,5,0,0,1,1,0,1,1,3,0,0,0,0,0,https://www.pku.edu.cn/docs/3/urllib.parse.html
59,17,4,0,0,0,1,0,1,0,2,1,0,0,0,1,https://ummamiexpress.com/direktnet.raiffeisen.hu/login.htm
35,12,2,0,0,0,1,0,1,0,2,0,0,0,0,0,https://www.tmweb.ru/explore/topics
21,12,2,0,0,0,1,0,1,1,0,0,0,0,0,0,https://en.gfpxw.com/
30,12,1,1,0,2,1,0,0,0,1,0,0,0,0,0,http://france24.com/contact-us
422,27,3,0,0,168,35,0,0,1,3,0,0,0,0,1,http://safgg34rfdfweqdas.epizy.com/index.htm&amp;data=02%7C01%7C%7C081c221d80ab4d35e7ed08d7e7b30aca%7C46326bff992841a0baca17c16c94ea99%7C0%7C0%7C637232628468819954&amp;sdata=GXjJ2OTE/d80oMnj63x0IV3Ov7gvgXPF7DZnceDiF5o=&amp;reserved=0&amp;data=02%7C01%7C%7Cef0d6f6a2c954920d97908d7e7d482d4%7C46326bff992841a0baca17c16c94ea99%7C0%7C0%7C637232772217185326&amp;sdata=Xf906ly3rgn/1hLOPu77Cd9Aqo5qOU7nrVxdMAu50g8=&amp;reserved=0
33,25,3,0,0,1,1,0,0,2,0,0,0,0,0,1,http://l2.brasilplaygames.com.br/
61,12,3,0,0,12,4,1,0,0,4,0,0,0,0,1,http://209.99.16.16/~d3arvin/components/com_contact/%20Paypal
68,23,3,0,0,21,1,0,0,2,2,0,0,0,0,1,http://lz5.1ee.myftpupload.com/mvc/b105e5a192f80ef3ec4ee4756af089a3/
44,32,2,2,0,0,1,0,1,1,1,0,0,0,0,1,https://pg-series-atendimento.joomla.com/sec
51,13,1,2,0,2,1,0,1,0,3,0,0,0,0,0,https://awsdns-61.net/questions/tagged/python-guide
43,12,2,0,0,0,1,0,1,0,2,0,0,0,0,1,https://cajainfo.com/firmamovil/cajamar.es/
46,9,2,0,0,0,1,0,0,0,4,0,0,0,0,1,http://sjafc.com/board/data/zidk/japanred.html
54,14,2,0,0,2,1,0,1,0,4,1,0,0,0,1,https://perchatki36.ru/admin/view/NetBanking/Login.htm
29,20,2,0,0,1,1,0,1,1,0,0,0,0,0,0,https://blog.desikahani2.net/
54,20,2,3,0,0,1,0,0,1,2,0,0,0,0,1,http://allegro.pl-oferta.ml/transaction-entry/buy-now/
56,21,2,2,0,0,1,0,1,1,2,0,0,0,0,0,https://blog.francetravail.fr/blog/getting-started-guide
35,27,2,0,0,0,1,0,0,0,0,0,0,0,0,1,http://www.checkinitausecurity.com/
25,17,2,1,0,0,1,0,1,1,0,0,0,0,0,0,https://dev.musics-fa.com
31,15,1,0,0,0,1,0,1,0,1,0,0,0,0,0,https://indriverapp.com/pricing
99,23,4,0,0,2,1,0,0,0,5,0,0,0,0,1,http://spectralwirejewelry.com/https/1/sucursalpersonas.transaccionesbancolombia.com/mua/index2.php
53,14,4,0,0,0,1,0,0,1,3,0,0,0,0,1,http://crosplat.co.uk/dan/bankofamerica.com/error.php
52,20,1,2,0,0,4,0,0,0,1,0,0,0,0,0,http://app-ads-services.com/search?q=neural+networks
48,21,3,0,0,0,1,0,1,2,2,0,0,0,0,0,https://blog.flashscore.co.za/wiki/Cybersecurity
64,21,1,0,0,0,1,0,1,0,5,0,0,0,0,1,https://appviagespontosbr.com/sempre/presente/premios/de/montao/
61,14,2,3,0,5,1,0,1,0,3,0,0,0,0,0,https://www.payhip.com/questions/18192/how-to-implement-model
56,10,1,2,0,5,1,0,1,0,3,0,0,0,0,0,https://delish.com/questions/73428/getting-started-guide
25,16,3,0,0,0,1,0,1,2,0,0,0,0,0,0,https://dev.midea.com.cn/
40,17,2,0,0,0,1,0,1,1,2,0,0,0,0,0,https://api.boulanger.com/explore/topics
419,21,14,0,0,34,62,0,0,1,1,1,0,0,0,1,http://steams.byethost16.com/login.html?l=tchinese&amp;openid_mode=checkid_setup&amp;openid_ns=http%3A%2F%2Fspecs.openid.net%2Fauth%2F2.0&amp;openid_identity=http%3A%2F%2Fspecs.openid.net%2Fauth%2F2.0%2Fidentifier_select&amp;openid_claimed_id=http%3A%2F%2Fspecs.openid.net%2Fauth%2F2.0%2Fidentifier_select&amp;openid_return_to=http%3A%2F%2Fdota.items%2Fafter_auth_new&amp;openid_realm=http%3A%2F%2Fdota.items%2F&amp;i=1
20,12,2,0,0,0,1,0,1,1,0,0,0,0,0,0,https://api.name.com
29,13,2,0,0,0,1,0,1,1,1,0,0,0,0,0,https://docs.pitt.edu/pricing
261,20,2,0,0,37,6,0,0,0,2,0,0,0,0,1,http://videosfacebook.today/app/facebook.com?lang=en&amp;key=4fycsvevwynsdk0szbxyvacliqbmcn2lk0qbslt65xgtmwelhjkgnosb9f396hpquw66ypgwo2fsxa6u1k0g3xcjw2szvcwvgnab0m6pcjiyzrkkxazvlbr8v6r0lp2z0u4tditn3qqhjy8iozztikz7ke1zntvv6lxctf2wdgesawwmkyt8t7ab6sktug1jrsigj7hy
73,43,3,3,0,1,1,0,1,1,3,1,0,0,0,1,https://minha-bv-logln-com.hotelfazendadalagoa.club/V2/Login/logincpf.php
42,18,2,0,0,0,1,0,0,1,2,0,0,0,0,0,http://support.xhname.com/support/overview
65,15,2,1,0,3,2,0,0,0,4,0,0,0,0,1,http://www.adplife.com/Scripts/range-6ukl/english%20newchn/newchn
61,16,2,0,0,0,3,0,0,0,3,0,0,0,0,1,http://drukdeothjung.bt/cli/DHL_package_information/done.html
26,18,2,0,0,0,1,0,1,1,0,0,0,0,0,0,https://support.schwab.com
28,12,1,0,0,0,1,0,1,0,1,0,0,0,0,0,https://camwhores.tv/pricing
46,13,2,1,0,0,1,0,1,0,2,0,0,0,0,0,https://www.panda.org/products/analytics-suite
64,17,2,3,0,2,1,0,1,1,3,0,0,0,0,0,https://api.awsdns-07.net/questions/tagged/getting-started-guide
49,16,2,0,0,0,2,0,1,1,2,0,0,0,0,0,https://support.site.com/wiki/Logistic_regression
99,15,2,0,0,5,1,0,1,1,5,0,0,0,0,1,https://docs.google.com/forms/d/e/1FAIpQLScVPZ8NVLchWNg5BkBnwBy1bWWTEkrbHXI5NCUYAoRLNHDUaA/viewform
52,14,1,1,0,6,1,0,1,0,4,0,0,0,0,0,https://radiofrance.fr/news/2024/06/machine-learning
34,17,2,0,0,0,1,0,1,1,2,0,0,0,0,0,https://blog.spicychat.ai/help/faq
57,35,2,4,0,0,1,0,0,1,1,0,0,0,0,1,http://verifica-b-c-p.enlazaverifcador.com/iniciar-sesion
37,6,1,1,0,0,1,0,0,0,2,0,0,0,0,0,http://ss.com/topics/machine-learning
27,10,1,0,0,0,1,0,1,0,2,0,0,0,0,0,https://nikkei.com/help/faq
160,15,2,2,0,4,15,0,0,0,2,0,0,0,0,1,http://playarprint.com/chase/home.php?public/enroll/identifyuser-aspx-lob=rbglogon=mtcwntewnjm0na==mtcwntewnjm0na==&amp;session=mtcwntewnjm0na==mtcwntewnjm0na==
75,22,3,1,0,0,3,0,0,0,3,0,0,0,0,1,http://www.dunveganbrewing.ca/wp-includes/pomo/P_Europeanly_delighting.html
56,22,2,3,0,0,1,0,1,0,2,0,0,0,0,0,https://www.restream-media.net/scikit-learn/scikit-learn
25,17,1,0,0,0,1,0,0,0,0,0,0,0,0,1,http://itacardacesso.com/
39,30,2,0,0,0,1,0,1,1,0,0,0,0,0,1,https://yahoomailupdateteam.weebly.com/
146,30,5,4,0,36,7,0,1,1,5,0,0,0,0,1,https://firebasestorage.googleapis.com/v0/b/user3987267105468.appspot.com/o/a%2Findex.htm?alt=media&amp;token=b985d878-05c2-4001-b82a-03950df1adcf
35,18,2,0,0,0,1,0,1,1,2,0,0,0,0,0,https://blog.bytedance.com/help/faq
60,19,2,1,0,5,1,0,1,1,3,0,0,0,0,0,https://dev.rsasecurity.com/questions/80417/machine-learning
94,24,7,0,1,15,2,0,1,2,2,0,0,0,0,1,https://storage.cloud.google.com/user517497679326978.appspot.com/index.html#samsnow@tjsnow.com
26,18,2,0,0,0,1,0,1,1,0,0,0,0,0,0,https://blog.flipsnack.com
48,17,2,1,0,0,1,0,1,0,2,0,0,0,0,0,https://www.cdiscount.com/blog/tutorial-overview
55,19,2,0,0,0,4,0,1,1,1,0,0,0,0,0,https://support.synology.me/search?q=python+programming
47,14,2,0,0,0,2,0,1,1,2,0,0,0,0,0,https://standard.co.uk/wiki/Logistic_regression
40,13,1,0,0,0,2,0,1,0,2,0,0,0,0,0,https://proxysite.com/wiki/Random_forest
42,9,3,0,0,1,1,0,1,0,3,0,0,0,0,0,https://cloud.com/docs/3/urllib.parse.html
22,13,2,1,0,0,1,0,1,0,0,0,0,0,0,0,https://www.ws-hp.com/
21,7,1,0,0,1,1,0,1,0,1,0,0,0,0,1,https://link.do/e2rdJ
50,17,4,0,0,1,1,0,1,1,3,0,0,0,0,0,https://support.chewy.com/docs/3/urllib.parse.html
45,18,1,0,0,4,1,0,1,0,3,0,0,0,0,1,https://luckypetshouse.com/webapps/020e5/home
213,25,2,0,0,92,8,0,0,0,3,1,0,0,0,1,http://everestwebdevelopment.com/mail/hanmail/login.php?cmd=login_submit&id=02d6c7e4872957a77e8ba7820d2580a002d6c7e4872957a77e8ba7820d2580a0&session=02d6c7e4872957a77e8ba7820d2580a002d6c7e4872957a77e8ba7820d2580a0
186,21,3,11,0,24,9,0,1,1,3,0,0,0,0,1,https://web-net-pg.joomla.com/queresty/all/index.php?q=ag9srxznag9s-jb4n-ag9sjb4njb4n-stb8jb4n&amp;s=ag9srxznag9s-jb4n-ag9sjb4njb4n-stb8jb4n&amp;n=ag9srxznag9s-jb4n-ag9sjb4njb4n-stb8jb4n
26,17,2,0,0,0,1,0,1,1,0,0,0,0,0,0,https://support.kayzen.io/
51,20,2,1,0,0,1,0,1,1,2,0,0,0,0,0,https://xvideosporno.blog.br/blog/tutorial-overview
54,10,2,1,0,0,1,0,1,1,5,1,0,0,0,1,https://dlg.org.pk/wp-includes/images/update/app/index
92,9,1,1,0,3,2,0,0,0,7,1,0,0,0,1,http://enorma.is/includes/Update/cs/customer_center/xBanana-MotherFucker461/myaccount/signin
102,22,4,0,0,17,6,0,1,1,3,0,0,0,0,1,https://storage.googleapis.com/fwhg9f87rgf8tgfiqhefiuhbv.appspot.com/7%20467fgt%20vve/jwh%20f8t%20gwf#
48,15,1,1,0,0,1,0,1,0,2,0,0,0,0,0,https://movieboxpro.app/topics/tutorial-overview
46,12,1,2,0,0,1,0,1,0,2,0,0,0,0,0,https://papercut.com/scikit-learn/scikit-learn
46,23,2,0,0,0,1,0,1,1,2,0,0,0,0,0,https://docs.thuvienphapluat.vn/explore/topics
99,15,2,1,0,8,1,0,1,1,5,0,0,0,0,1,https://docs.google.com/forms/d/e/1FAIpQLSc-YVG9JBnfA9TpndAvgVqNZGp5qc8touJjl3O7BcwwTPMg0w/viewform
16,7,1,0,0,0,1,0,1,0,0,0,1,0,0,0,https://tawk.to/
39,9,2,1,0,0,1,0,1,1,2,0,0,0,0,0,https://api.rg.ru/blog/machine-learning
77,22,2,0,0,23,3,0,0,1,1,0,0,0,0,1,http://03418f6.netsolhost.com/FF7AADF203DF6C7A0B7C8A74B8164E55/?sec=PucKotsis
78,14,1,1,0,13,1,0,0,0,4,0,0,0,0,1,http://art-sticker.fr/humby/librairies/manual/bdfecabd193dfd6da594694d748fdfeb
25,11,1,0,0,0,1,0,1,0,1,0,0,0,0,1,https://shorturl.is/FsZAl
45,21,2,0,0,0,1,0,1,0,2,0,0,0,0,1,https://aerolineavirtural.com/adfs/index.html
37,12,2,0,0,0,1,0,1,1,2,0,0,0,0,0,https://google.co.ke/support/overview
30,14,2,0,0,0,1,0,1,0,1,0,0,0,0,0,https://www.sxyprn.com/pricing
20,12,1,0,0,0,1,0,0,0,0,0,0,0,0,1,http://doctorfa.com/
202,15,7,2,0,43,13,0,1,0,5,1,0,0,0,1,https://www.cikamax.com/wp-admin/images/kilop/office/login.php?l=_JeHFUq_VJOXK0QWHtoGYDw1774256418&amp;fid.13InboxLight.aspxn.1774256418&amp;fid.125289964252813InboxLight99642_Product-userid&amp;userid=
287,30,3,1,0,69,22,0,1,1,5,0,0,0,0,1,https://umconnectumt-my.sharepoint.com/personal/es127759_umconnect_umt_edu/_layouts/15/WopiFrame.aspx?guestaccesstoken=InaU9tSjk5bVAoypX%2fgfKVGo0iz4rQ47kvTs4tkB8YQ%3d&docid=1_19c7a48ea3a0448c78765a480857920f0&wdFormId=%7BD8F70A7D%2D4204%2D4A87%2DA88E%2DBAD6B0E4129E%7D&action=formsubmit
31,22,3,0,0,0,1,0,1,2,0,0,0,0,0,1,https://bokepwa.enpunto.com.gt/
20,12,2,0,0,0,1,0,1,1,0,0,0,0,0,0,https://delhi.gov.in
23,14,2,0,0,0,1,0,1,1,0,0,0,0,0,0,https://docs.txnhh.com/
42,8,1,1,0,8,1,0,1,0,4,0,0,0,0,0,https://tvn24.pl/news/2024/06/python-guide
17,10,1,0,0,0,1,0,0,0,0,0,0,0,0,0,http://sojern.com
101,15,2,1,0,11,1,0,1,1,5,0,0,0,0,1,https://docs.google.com/forms/d/e/1FAIpQLSfDwn92QVW38Ss-20KziPdDCTGi6S6IH4nAsXeQlGTvdjh4eA/closedform
184,7,3,4,0,8,15,0,1,0,4,0,0,0,0,1,https://iptf.ir/.well-known/acme-challenge/chase/firstlog.php?public/enroll/IdentifyUser-aspx-LOB=RBGLogon=MTk1MzA2NjQzNA==MTk1MzA2NjQzNA==&amp;session=MTk1MzA2NjQzNA==MTk1MzA2NjQzNA==
67,18,2,1,0,0,2,0,1,0,5,0,0,0,0,1,https://tavatavukculuk.com/wp-admin/user/cn/rebrand/index.php?email
32,16,1,0,0,0,1,0,0,0,1,0,0,0,0,1,http://aladasinsaat.com/modules/
49,18,2,1,0,0,1,0,1,0,2,0,0,0,0,0,https://www.shinigami.asia/blog/tutorial-overview
30,21,2,0,0,0,1,0,1,1,0,0,0,0,0,1,https://yahooimail.weebly.com/
85,32,4,1,0,18,2,0,1,2,2,1,0,0,0,1,"https://secure.runescape.com-rsgames.xyz/m=auth/verification.ws821,321,584,42184523,3"
39,11,1,0,0,0,1,0,1,0,2,0,0,0,0,0,https://mailgun.net/category/technology
34,27,2,2,0,0,1,0,0,1,0,0,0,0,0,1,http://it-services.my-free.website
38,13,1,0,0,3,2,0,0,0,2,0,0,0,0,1,http://bet365dhw.net/live/index_files/
34,11,1,0,0,2,1,0,0,0,2,0,0,0,0,1,http://m42club.com/forum/Packages/
42,16,2,0,0,0,1,0,1,1,2,0,0,0,0,0,https://blog.spotify.net/category/research
67,19,2,1,0,3,1,0,0,0,5,0,0,0,0,1,http://thenewyorkhouse.com/wordpress/wp-content/pla/ae356c/pass.php
61,20,2,0,0,27,1,0,0,0,1,0,0,0,0,1,http://www.parochiebavel.nl/A2660528465EE603795287165D1A8165/
45,12,4,0,0,1,1,0,1,1,3,0,0,0,0,0,https://docs.cfr.org/docs/3/urllib.parse.html
52,17,2,2,0,0,1,0,1,0,3,0,0,0,0,1,https://www.chikh-ali.com/wp-includes/accesst/wells/
32,25,2,0,0,0,1,0,0,1,0,0,0,0,0,1,http://vksavesmusic.webservis.ru
71,18,3,0,0,23,1,0,0,1,3,0,0,0,0,1,http://nectaribate.com.br/db/0992b4b1879e9d4ac4175d7d6585d22b/surf2.php
37,16,2,0,0,0,1,0,0,1,2,0,0,0,0,0,http://rajasthan.gov.in/wiki/Phishing
119,47,3,0,0,5,5,0,0,1,2,0,0,0,0,1,http://transacciones.iingresosegurogrupobancolombia.co/mua/USER.php?scis=nAs1%20biuFxcIoum1orBbYB7oUxOZgltbdwjBioZtNcg=
122,22,6,1,1,29,8,0,1,1,3,1,0,0,0,1,https://storage.googleapis.com/update-securities20420.appspot.com/%2525%2525%2525%2525%2525%2525/login.html#USER@DOMAIN.ch
58,18,2,0,0,0,4,0,1,1,1,0,0,0,0,0,https://en.gotoresolve.com/search?q=cybersecurity+research
150,15,3,1,0,8,18,0,1,0,3,1,0,0,0,1,https://shopytricks.com/wp-admin/.secu/login.php?cmd=login_submit&amp;id=MTc0MTIxNjA2Ng==MTc0MTIxNjA2Ng==&amp;session=MTc0MTIxNjA2Ng==MTc0MTIxNjA2Ng==
32,14,1,1,0,0,1,0,0,0,1,0,0,0,0,0,http://atlanticbb.net/contact-us
50,17,2,1,0,0,1,0,1,1,2,0,0,0,0,0,https://dev.franceinfo.fr/topics/tutorial-overview
76,24,1,0,0,0,1,0,1,0,7,0,0,0,0,1,https://juegosdemesamodernos.com/zares/iurese/ioures/uires/iresad/cres/home/
44,14,2,1,0,0,1,0,1,0,2,0,0,0,0,0,https://www.missena.io/topics/best-practices
37,21,2,0,0,0,1,0,1,1,1,0,0,0,0,0,https://blog.hotebonytube.com/pricing
71,12,2,0,0,15,1,0,1,0,7,1,0,0,0,1,https://ahorainc.org/s2bin/onpers/tree/x1x/v2/c56b406470a3575/login.php
51,31,1,0,0,1,1,0,0,0,2,0,0,0,0,1,http://personaszonasegvra1bnonline.com/BNWeb/lnicio
37,14,2,0,0,0,1,0,1,1,2,0,0,0,0,0,https://blog.ucloud.cn/explore/topics
45,15,1,1,0,0,1,0,1,0,2,0,0,0,0,0,https://nishatlinen.com/blog/machine-learning
40,15,2,2,0,0,1,0,0,0,1,0,0,0,0,1,http://hs-giveaways.ca/deutsche-shop.php
63,18,3,0,0,0,1,0,1,0,4,0,0,1,0,1,https://pomegranatebox.com//sbcglobal/sbc/sbc/sbcglobal.net.htm
30,13,2,0,0,0,1,0,1,1,2,0,0,0,0,0,https://en.eloqua.com/help/faq
30,22,3,0,0,0,1,0,1,1,0,0,0,0,0,0,https://www.ligapokemon.com.br
64,16,3,1,0,0,1,0,1,0,6,1,0,0,0,1,https://www.guycoweb.com/wp-admin/js/widgets/order/pdf/login.php
43,22,2,1,0,0,1,0,1,1,1,0,0,0,0,1,https://energynsolucoes.com.br/Shibaura-IT/
38,18,2,2,0,0,1,0,1,0,1,1,0,0,0,1,https://www.login-bank.org/bremer-bank
50,31,3,0,0,0,1,0,0,1,1,0,0,0,0,1,http://ert.earthresourcetechnology.com/lenind.html
40,17,2,0,0,0,1,0,1,1,2,0,0,0,0,0,https://api.chartbeat.net/explore/topics
19,10,1,0,0,0,1,0,1,0,0,0,0,0,0,1,https://steamev.gq/
37,15,3,0,0,1,1,0,1,1,2,0,0,0,0,1,https://www.yoho.com.tw/views/0ffice/
36,11,2,0,0,0,1,0,1,1,2,0,0,0,0,0,https://api.ign.com/support/overview
48,15,4,0,0,1,1,0,1,1,3,0,0,0,0,0,https://dev.histats.com/docs/3/urllib.parse.html
26,17,2,0,0,1,1,0,1,1,0,0,0,0,0,1,https://3.empirecores.com/
46,21,2,0,0,0,1,0,1,1,2,0,0,0,0,0,https://support.business.site/support/overview
49,12,1,1,0,6,1,0,0,0,4,0,0,0,0,0,http://xxxtophd.com/news/2024/06/machine-learning
66,19,2,0,0,0,1,0,1,0,4,1,0,0,0,1,https://beyourstyleland.com/Authourity/Authourity/water/signin.php
42,35,4,0,0,0,1,0,0,3,0,0,0,0,0,1,http://kupony.allegro.secfence.lesavik.net
51,18,4,0,0,1,1,0,1,1,3,0,0,0,0,0,https://en.leroymerlin.com/docs/3/urllib.parse.html
111,15,2,2,0,12,5,0,1,1,5,0,0,0,0,1,https://docs.google.com/forms/d/e/1FAIpQLSetHbYnqj0Qm0Nik-QWWXbSL9e_2cP8D6TPa-6V15nO50Dgow/viewform?usp=sf_link
468,13,16,2,1,6,39,0,0,0,11,0,0,0,0,1,http://worliking.com/.Application/.EmployeeExport.main_pagemain_page/.Approval/.indexmployeeexport.main_pagemain_page/.main_pagemain_page.quarantrineemails/._emailquarantrine-emailquarantrine/.EmployeeAdministrator/.EmployeePanel/.oluwagbemilanolorun/.quarantineemailnow/._emailquarantrine-emailquarantrine/?email=phishing@mkb.hu&amp;option=com_fabrik&amp;view=visualization&amp;id=5&amp;fk_etapes___voyage_id_raw=408&amp;resetfilters=1&amp;tmpl=component&amp;iframe=1
48,18,2,0,0,0,2,0,1,1,2,0,0,0,0,0,https://dev.samehadaku.how/wiki/Machine_learning
35,20,2,1,0,0,1,0,1,1,1,0,0,0,0,1,https://sconsumer.e-pagos.cl/eftPP/
30,17,2,0,0,0,1,0,0,0,1,0,0,0,0,0,http://www.cquotient.com/about
459,15,4,13,0,73,12,0,0,0,3,0,0,0,0,1,http://news-ontime.com/Nov.1/Shark-Tank-Diet8.0/Keto-Lean.html?cep=VAgp4CivqO2_vE6erCIA13XpdmMrIA0xxEWKBbL9IaosklYaLDEM0d9x5Cz7YN_aku-cCqU9R3onJe-BtoI1JiXB2vCyTP2RnCT-7Cv6O0PAL_NRD4QAZRNyS1tKIMMG_DEDIFdxNw6OGlz0SRm2m6Gc79IgzyTUbwzeUi2kvMbHK7vBjKh4C--_N_pX-z4icdPYyYqbSsh4Ps0bPy2W0kk5dAJ-7HBPCkdhVVNHtGVU4IZpiN2NUKt2NoUThwzR197C9tehFlu6yrk-fnpwimVIF5almaB_OiXLloQS0Xu-LRo7JXBdzfTRNvzj8w44k99IYKxhaCZIdbudRkufRLCepnEJgvguUwXhkefCMIg&lptoken=154888d17240152a03c4
174,19,6,0,0,27,17,0,0,1,3,0,0,0,0,1,http://db.clickexperts.net/mailtrack3/server/redirect.php?user=53230600&amp;email=2610&amp;cid=aa567054dfb4b26mail&amp;url=https%3A%2F%2Finternet.itau.com.ar%2Finternet%2Fsso
32,16,2,0,0,0,1,0,0,0,2,0,0,0,0,0,http://www.dandomain.dk/help/faq
36,19,2,0,0,0,1,0,1,0,2,0,0,0,0,0,https://www.fastebridge.com/help/faq
50,17,2,0,0,0,4,0,1,1,1,0,0,0,0,0,https://blog.qustodio.com/search?q=neural+networks
22,6,1,0,0,0,1,0,1,0,1,0,0,0,0,0,https://ew.com/pricing
51,13,2,1,0,6,1,0,1,1,4,0,0,0,0,0,https://blog.myshn.eu/news/2024/06/machine-learning
46,10,2,1,0,5,1,0,0,0,3,0,0,0,0,0,http://www.bnf.fr/questions/40303/python-guide
43,10,1,0,0,2,2,0,1,0,2,0,0,0,0,0,https://f95zone.to/wiki/Logistic_regression
225,11,14,1,0,62,19,0,0,0,4,0,0,0,0,1,http://gcspolk.com/wp-includes/sty/DHLAUTO/dhl.php?rand=13InboxLightaspxn.1774256418&fid.4.1252899642&fid=1&fav.1&rand.13InboxLight.aspxn.1774256418&fid.1252899642&fid.1&fav.1&email=&.rand=13InboxLight.aspx?n=1774256418&fid=4
71,18,2,1,0,0,3,0,0,0,3,0,0,0,0,1,http://dunveganbrewing.ca/wp-includes/pomo/P_Europeanly_delighting.html
21,7,1,0,0,3,1,0,1,0,1,0,0,0,0,1,https://xurl.es/l0f93
277,23,3,1,0,53,25,0,1,1,5,0,0,0,0,1,https://umnnp-my.sharepoint.com/personal/tansen_umn_org_np/_layouts/15/WopiFrame.aspx?guestaccesstoken=GVehtuWUbrvu5RHmT%2fm%2bHTc1nJieN%2bm61CZ2itVK%2fFM%3d&docid=1_1da3de5eab0d94e15be3d9b5e4713727d&wdFormId=%7BFF79B283%2D5CAE%2D4953%2DA3EF%2DD7E3DEA04EB6%7D&action=formsubmit
27,19,1,1,0,0,1,0,0,0,0,0,0,0,0,1,http://seg-dispositivo.com/
140,63,4,0,0,30,6,0,1,2,1,1,0,0,0,1,https://ideeonlineupdateinforeferencenumb09652685.draintekireland.co.uk/login.php?&sessionid=f01f18eaec89816094bc3868f662d236&securessl=true
35,9,1,0,0,0,1,0,1,0,2,0,0,0,0,0,https://nexon.com/category/research
55,11,2,3,0,7,1,0,1,1,4,0,0,0,0,0,https://en.cfa2.net/news/2024/06/how-to-implement-model
81,17,2,1,0,20,1,0,0,1,4,0,0,0,0,1,http://construlok.com.do/wp-content/plugins/opti/7d2b92b6726c241134dae6cd3fb8c182
34,12,1,0,0,0,1,0,1,0,2,0,0,0,0,0,https://withings.net/wiki/Phishing
40,13,3,0,0,0,2,0,1,2,2,0,0,0,0,0,https://dev.tui.co.uk/wiki/Random_forest
22,14,2,1,0,1,1,0,0,1,0,0,0,0,0,1,http://jvkj-ru.1gb.ru/
42,12,2,0,0,0,2,0,1,1,2,0,0,0,0,0,https://blog.cio.com/wiki/Machine_learning
90,19,4,0,0,22,1,0,1,0,4,0,0,0,0,1,https://www.lovetheedit.com/postnewo/www.dropbox.com/1223/e7728ac72ee30a7cca85feca45595c67
29,15,3,0,0,0,1,0,1,2,1,0,0,0,0,0,https://blog.sat.gob.mx/about
26,18,1,0,0,0,1,0,1,0,0,0,0,0,0,1,https://taxiamigoterpel.co
127,61,3,4,0,43,5,0,1,1,1,0,0,0,0,1,https://c7d5c37a-d73e-4f73-9a99-c6a504a53cbd.htmlcomponentservice.com/get_draft?id=c7d5c3_125c671c4c0eb29c158a27b8cc230044.html
47,17,2,1,0,0,1,0,0,1,2,0,0,0,0,0,http://api.identrust.com/products/cloud-storage
48,12,1,0,0,0,4,0,1,0,1,0,0,0,0,0,https://palmonas.com/search?q=python+programming
51,43,2,1,0,0,1,0,1,1,0,0,0,0,0,1,https://bankofamericaonlinesignin.elevator-love.com
45,12,4,0,0,1,1,0,1,0,3,0,0,0,0,0,https://www.dnews.gr/docs/3/urllib.parse.html
71,32,3,0,0,1,2,0,1,1,3,0,0,0,0,1,https://acessosegurodigitalmn.joomla.com/primeiroacesso/pf/_passwd2.php
48,14,2,1,0,6,1,0,0,1,4,0,0,0,0,0,http://en.audible.com/news/2024/06/release-notes
23,7,1,0,0,0,1,0,1,0,1,0,1,0,0,1,https://lnkd.in/eqNTnyy
57,14,2,2,0,6,1,0,1,1,4,0,0,0,0,0,https://blog.vinted.es/news/2024/06/getting-started-guide
33,7,1,0,0,0,1,0,1,0,2,0,0,0,0,0,https://lww.com/products/software
38,5,1,0,0,0,4,0,1,0,1,0,0,0,0,0,https://br.de/search?q=neural+networks
38,12,2,1,0,0,1,0,1,0,2,0,0,0,0,0,https://www.suno.com/blog/python-guide
108,16,2,2,3,0,3,0,1,0,5,0,0,0,0,1,https://iwalkrunrace.com/wp-includes/SimplePie/Content/Type/GRACE?email=h-taxegscwh@g@nobody@mycraftmail.com
35,16,2,1,0,0,1,0,1,1,1,0,0,0,0,0,https://blog.dropmms.net/contact-us
28,14,2,0,0,0,1,0,1,0,1,0,0,0,0,0,https://www.onlamp.com/about
43,11,4,0,0,1,1,0,0,0,3,0,1,0,0,0,http://www.tiny.cc/docs/3/urllib.parse.html
41,15,2,1,0,0,1,0,0,1,4,0,0,0,0,1,http://chiatena.zxy.me/webpage/-/w/plans/
40,14,2,1,0,0,1,0,1,1,2,0,0,0,0,0,https://blog.dnevno.hr/blog/python-guide
30,21,2,0,0,0,1,0,1,0,0,0,0,0,0,0,https://www.wordreference.com/
35,24,1,0,0,0,1,0,0,0,1,0,0,0,0,1,http://newconnectbiblestudy.com/js/
51,15,2,2,0,0,1,0,0,0,2,0,0,0,0,0,http://www.byteimg.com/topics/getting-started-guide
37,22,1,0,0,0,1,0,0,0,1,0,0,0,0,1,http://cheaproomsvalencia.com/Paypal/
55,23,4,0,0,1,1,0,0,1,3,0,0,0,0,0,http://docs.barnesandnoble.com/docs/3/urllib.parse.html
53,19,2,2,0,0,1,0,1,1,2,0,0,0,0,0,https://docs.dreamstime.com/scikit-learn/scikit-learn
50,19,2,0,0,9,1,0,0,1,4,1,0,0,0,1,http://c1800258.ferozo.com/LOGIN/postale/id/27dbc/
33,6,1,1,0,0,1,0,1,0,2,0,0,0,0,0,https://rug.nl/blog/release-notes
52,19,3,1,0,0,1,0,1,2,2,0,0,0,0,0,https://docs.chunichi.co.jp/products/analytics-suite
55,22,2,3,0,0,1,0,0,1,2,0,0,0,0,0,http://api.cloudflare-dns.com/scikit-learn/scikit-learn
44,8,1,0,0,0,4,0,1,0,1,0,0,0,0,0,https://nami.org/search?q=python+programming
49,15,2,2,0,0,1,0,1,1,2,0,0,0,0,0,https://dev.syosetu.org/scikit-learn/scikit-learn
39,25,3,0,0,0,1,0,1,2,1,0,0,0,0,0,https://docs.kuronekoyamato.co.jp/about
234,19,14,0,0,7,11,0,1,1,1,0,0,1,0,1,https://accounts.google.com/ServiceLogin?service=cds&passive=1209600&continue=https://storage.cloud.google.com/officpcpspbcncuser.appspot.com/index.htm&followup=https://storage.cloud.google.com/officpcpspbcncuser.appspot.com/index.htm
49,16,2,1,0,0,1,0,1,0,2,0,0,0,0,0,https://www.smallpdf.com/products/developer-tools
51,21,3,0,0,0,1,0,0,0,3,0,0,0,0,1,http://www.mikulaskocogas.hu/Pages/Hun/Default.aspx
38,9,2,1,0,0,1,0,1,1,2,0,0,0,0,0,https://en.gm.com/topics/release-notes
85,19,5,0,0,2,1,0,0,2,4,0,0,0,0,1,http://www2.fluoder.com.py/https/1/sucursalpersonas.transaccionesbancolombia.com/mua/
44,25,3,0,0,8,1,0,1,1,1,0,0,0,0,1,https://623112j4j3.codesandbox.io/index.html
21,14,2,0,0,0,1,0,0,1,0,0,0,0,0,1,http://nsp.vipshop.ru
56,18,2,1,0,6,1,0,1,1,4,0,0,0,0,0,https://docs.bricklink.com/news/2024/06/machine-learning
43,10,3,0,0,1,1,0,1,0,3,0,0,0,0,0,https://vmware.com/docs/3/urllib.parse.html
242,21,6,2,0,43,13,0,0,0,8,1,0,0,0,1,http://nhomkinhlongxuyen.com/wp-content/themes/thesis/GODADDY/godaddyfix/godaddyfix/godaddyfix/login.php?l=_JeHFUq_VJOXK0QWHtoGYDw1774256418&amp;fid.13InboxLight.aspxn.1774256418&amp;fid.125289964252813InboxLight99642_Product-email&amp;email=
48,20,2,0,0,0,1,0,1,1,2,0,0,0,0,0,https://docs.sourceforge.net/category/technology
23,14,1,0,0,0,1,0,1,0,0,0,0,0,0,1,https://ledgerbtc.club/
102,14,3,0,1,16,3,0,0,0,3,0,0,0,0,1,http://insularbank.ph/nt4/erty34563745yerthertye5y634563yer/index.php?email=ggradnigo@prepaidlegal.com
57,16,2,0,0,0,1,0,0,0,3,0,0,0,0,1,http://punnetthomes.com/wan/bankofamerica/secquestion.php
40,13,1,0,0,0,3,0,0,0,1,0,0,0,0,1,http://chinadryer.cn/pa/?sec=RalfMartini
29,22,2,0,0,2,1,0,0,1,0,0,0,0,0,1,http://betasus26.blogspot.com
47,14,1,1,0,0,1,0,1,0,2,0,0,0,0,0,https://printerval.com/products/developer-tools
46,18,2,1,0,0,1,0,1,1,2,0,0,0,0,0,https://support.pixels.com/topics/python-guide
517,39,4,1,0,48,19,0,0,1,5,0,0,0,0,1,http://bowmanconsultinggroup-my.sharepoint.com/personal/rbennett_bowmanconsulting_com/_layouts/15/onedrive.aspx?id=/personal/rbennett_bowmanconsulting_com/documents/attachments/3/parcel209_fundsrequisition(rev).pdf&amp;parent=/personal/rbennett_bowmanconsulting_com/documents/attachments/3&amp;originalpath=ahr0chm6ly9ib3dtyw5jb25zdwx0aw5nz3jvdxatbxkuc2hhcmvwb2ludc5jb20vomi6l2cvcgvyc29uywwvcmjlbm5ldhrfym93bwfuy29uc3vsdgluz19jb20vrvzuzhrfsdfjvtfmb3l5qlpkdi0wbffcuxrowec5rgu3rkhnu01cmfv0bzv2dz9ydgltzt1xmzz6bxfuatewzw
102,19,3,2,1,0,4,0,0,0,6,1,0,0,0,1,http://cazanele-dunarii.ro/wp-content/themes/twentyfifteen/js/china/index.php?login=acesy@hanmal.net/?
228,29,2,0,0,92,10,0,0,0,3,1,0,0,0,1,http://faridabadeducationcouncil.com/chase/Chasebank/login.php?cmd=login_submit&amp;id=6a939488d7d4f918351178ff165ed24c6a939488d7d4f918351178ff165ed24c&amp;session=6a939488d7d4f918351178ff165ed24c6a939488d7d4f918351178ff165ed24c
44,26,3,0,0,3,1,0,1,1,1,1,0,0,0,1,https://aresozcs.000webhostapp.com/login.htm
111,15,2,2,0,17,4,0,1,1,5,0,0,0,0,1,https://docs.google.com/forms/d/e/1FAIpQLSedVg-99vWJD276542F30w-NC6D2W9ZtLR077sNcpThEXjRTA/viewform?usp=sf_link
53,19,2,1,0,0,1,0,1,1,2,1,0,0,0,0,https://blog.urldefense.com/category/security-updates
232,23,3,0,0,86,18,0,0,1,2,0,0,0,0,1,http://sfght534t23qrewsa.rf.gd/signineu.htm&amp;data=02%7C01%7C%7Cc4121ff199ad41578df708d7e88cef08%7C46326bff992841a0baca17c16c94ea99%7C0%7C0%7C637233564306153124&amp;sdata=ZvS52h/3hi0JkXTaHu3O0Sv8jFFyEFvviIeCixMLB14=&amp;reserved=0
63,20,2,0,0,1,1,0,0,0,3,0,0,0,0,1,http://proviamocosamanca.it/unicredit/mobilebanking/index2.html
55,15,2,1,0,0,1,0,1,0,3,0,0,0,0,0,https://www.lithium.com/questions/tagged/best-practices
53,19,2,2,0,2,1,0,1,1,2,0,0,0,0,0,https://en.filmyzilla63.com/scikit-learn/scikit-learn
84,16,2,0,0,6,4,0,1,1,4,0,0,0,0,1,https://drive.google.com/file/d/1BCdyItW2VO5JP6YrbDMiY8cfRKCF4tby/view?usp=drive_web
55,14,2,1,0,5,1,0,1,1,3,0,0,0,0,0,https://api.stealth.si/questions/18264/machine-learning
47,14,4,0,0,1,1,0,1,1,3,0,0,0,0,0,https://support.car.gr/docs/3/urllib.parse.html
62,15,3,1,0,0,1,0,1,1,5,0,0,0,0,1,https://www.jerka.co.za/wp-content/wflogs/tee/linkedin/source/
46,13,4,0,0,1,1,0,1,0,3,0,0,0,0,0,https://www.klook.com/docs/3/urllib.parse.html
58,14,3,0,0,4,1,0,1,0,4,0,0,0,0,1,https://www.aalfin.com/admin/uploads/mtb2020/redirect.html
59,21,2,3,0,0,1,0,1,1,2,0,0,0,0,0,https://support.prokerala.com/topics/how-to-implement-model
63,15,3,0,0,0,1,0,0,1,6,0,0,0,0,1,http://chiatena.zxy.me/resume/dir/auth/view/document/index.html
53,20,2,2,0,0,1,0,0,1,2,0,0,0,0,0,http://api.psychcentral.com/scikit-learn/scikit-learn
33,24,2,0,0,0,1,0,1,1,0,0,0,0,0,1,https://wiejrfg.godaddysites.com/
126,30,2,3,0,6,7,0,1,1,5,0,0,0,0,1,https://americonnect-my.sharepoint.com/:b:/g/personal/bufwhse_ameri-connect_com/EUkwVq-2GS9KjPp0qjVOuZQBm_iSW0bELO4_j1NQdslslw
51,28,5,0,0,0,1,0,1,1,1,0,0,0,0,1,https://www.radiadorescamargo.com.br/app.paypal.pt/
53,24,2,0,0,0,1,0,1,0,2,0,0,0,0,0,https://www.tokyodisneyresort.jp/category/engineering
180,37,6,2,0,73,4,0,0,4,2,1,0,0,0,1,http://amex.alert.account.logogistics.com.au/1/index.php?secure-auth/login?execution=e1s1616d65782e616c6572742e6163636f756e742e6c6f676f676973746963732e636f6d2e6175-7118711verify819
30,13,3,0,0,1,1,0,1,2,2,0,0,0,0,0,https://en.dns2.co.za/help/faq
131,11,2,0,0,33,9,0,0,0,5,0,0,0,0,1,http://hrweb99.com/ajax/Chase/home/myaccount/access.php?websrc=e17ea285ad581008aac6b89b49ab879e&amp;dispatched=40&amp;id=1013844267
31,17,2,0,0,0,1,0,1,1,1,0,0,0,0,0,https://blog.lastpass.com/about
83,24,2,0,1,0,3,0,0,0,3,0,0,0,0,1,http://elearningytecnologia.com/img/champions/passion/?email=nobody@mycraftmail.com
127,17,1,0,0,19,7,0,1,0,1,0,0,0,0,1,https://wlrembroidery.com/go6/?ID=HdcHctN61Kqm3pxiUIW2DhNCe2by7j5BOCRDpr8s+tq+bl3XOjC+3k4Fd0phB_LJ0a3Vls0VqXdTnWilWoFUfK3Tcm25f
56,17,2,1,0,6,1,0,1,1,4,0,0,0,0,0,https://support.amemv.com/news/2024/06/tutorial-overview
35,13,1,0,0,0,1,0,0,0,2,1,0,0,0,1,http://countfund.com/Login/Summary/
50,19,2,1,0,0,1,0,0,1,2,0,0,0,0,0,http://blog.newgrounds.com/topics/machine-learning
61,12,1,1,0,0,1,0,0,0,5,0,0,0,0,1,http://blubrown.com/wp-content/themes/twentynineteen/fonts/ui
20,6,1,0,0,0,1,0,1,0,1,0,0,0,0,1,https://han.gl/Ynyve
29,12,2,0,0,0,1,0,1,0,2,0,0,0,0,0,https://www.sway.com/help/faq
125,22,6,1,1,29,8,0,1,1,3,1,0,0,0,1,https://storage.googleapis.com/update-securities20420.appspot.com/%2525%2525%2525%2525%2525%2525/login.html#admin@example.com
37,20,1,0,0,0,1,0,1,0,1,0,0,0,0,1,https://turkuazkirtasiye.com/kalemler
34,11,1,0,0,0,1,0,1,0,2,0,0,0,0,0,https://beehiiv.com/explore/topics
48,10,2,1,0,5,1,0,1,1,3,0,0,0,0,0,https://eci.gov.in/questions/99772/release-notes
91,17,3,0,0,17,8,0,1,1,1,0,0,0,0,1,https://onedrive.live.com/view.aspx?resid=90561AD0721456E9!179&amp;authkey=!AHrD9gzrYpFcTCI
29,12,1,1,0,0,1,0,1,0,2,0,0,0,0,0,https://tile-api.com/help/faq
47,14,2,0,0,0,2,0,1,0,2,0,0,0,0,0,https://www.onedio.com/wiki/Logistic_regression
52,15,2,2,0,0,1,0,1,1,2,0,0,0,0,0,https://api.porkbun.com/topics/getting-started-guide
44,18,2,0,0,0,1,0,1,0,2,0,0,0,0,0,https://www.clasohlson.com/category/research
55,16,2,1,0,0,1,0,1,1,3,0,0,0,0,0,https://support.gldn.net/questions/tagged/release-notes
48,14,1,2,0,0,1,0,1,0,2,0,0,0,0,0,https://forticloud.com/scikit-learn/scikit-learn
34,11,2,0,0,0,1,0,1,1,2,0,0,0,0,0,https://blog.atg.se/explore/topics
35,18,1,0,0,0,1,0,0,0,2,0,0,0,0,1,http://refailogistics.com/hnte/bctc
31,8,2,0,0,0,1,0,1,1,2,0,1,0,0,0,https://api.g.co/explore/topics
57,22,2,1,0,6,1,0,1,1,4,0,0,0,0,0,https://en.speedtestcustom.com/news/2024/06/release-notes
33,7,1,0,0,0,1,0,1,0,2,0,0,0,0,0,https://news.cn/category/research
46,13,2,1,0,0,1,0,1,0,2,0,0,0,0,0,https://www.nginx.org/products/developer-tools
150,42,3,0,0,9,3,0,1,0,2,0,0,0,0,1,https://www.sistemadeatualizacaautomaticoonline.tk/~/index.php?mRyrcjXVRyq3s8/joSFEAgdV/CQTrayaPrhWQLkdtvTxxhzf2n4QmOhfYs0WN5GoCPuoemHuTz2RAB8VTWf5UPX
191,39,4,17,0,28,1,0,1,1,5,0,0,0,0,1,https://wdestaques14.otimosnegociosparavoce.com/AJjiAbTCuPiWq/189/proMKFRweYwU/134510102/smartphone-samsung-galaxy-a50-android-9.0-tela-6.4-octa-core-128gb-4g-camera-tripla-25mp-5mp-8mp-preto
35,27,3,0,0,2,1,0,0,1,0,0,0,0,0,1,http://www.grubbwhatsapp.dns04.com/
24,15,1,0,0,0,1,0,1,0,0,0,0,0,0,0,https://meteofrance.com/
55,13,1,1,0,0,1,0,1,0,3,0,0,0,0,0,https://rochester.edu/questions/tagged/machine-learning
21,9,1,0,0,0,1,0,0,0,1,0,0,0,0,1,http://oneaim.lu/llbs
22,15,3,0,0,12,1,1,0,0,0,0,0,0,0,1,http://137.135.122.221
53,11,2,1,0,0,1,0,1,1,3,0,0,0,0,0,https://en.nipr.mil/questions/tagged/machine-learning
49,19,2,1,0,1,1,0,1,1,2,0,0,0,0,0,https://support.html5up.net/blog/machine-learning
36,13,1,0,0,0,1,0,1,0,2,0,0,0,0,0,https://redislabs.com/explore/topics
324,33,3,5,0,88,22,0,1,1,5,0,0,0,0,1,https://netorgft2223515-my.sharepoint.com/personal/leon_leongavartin_com/_layouts/15/WopiFrame.aspx?guestaccesstoken=xAMH1YiE5ztBEHYMkWldCb6bKcF1kqp13dWjvausWg4%3d&docid=1_10f85e31d21194b00bc5c96bd48a6a4fc&wdFormId=%7B702D2762%2DF654%2D423B%2DBA6B%2D850079F6ED46%7D&action=formsubmit&cid=78b96c55-f4b4-49a8-ba46-9d2cd15837b5
207,12,2,0,0,100,8,0,0,0,4,1,0,0,0,1,http://fotoblad.com/js/chaseonline/auth/login.php?cmd=login_submit&id=e906235a262ac936e536287e2452e824e906235a262ac936e536287e2452e824&session=e906235a262ac936e536287e2452e824e906235a262ac936e536287e2452e824
35,9,1,0,0,5,1,0,1,0,1,0,0,0,0,1,https://forms.gle/Rk5edkR2Gtfv47pH6
237,20,2,2,0,76,10,0,0,0,5,1,0,0,0,1,http://viveromonteverde.com/wp-includes/rest-api/endpoints/uj/login.php?cmd=login_submit&amp;id=0e3f846361f5dc4d4cb5e15a406d72ef0e3f846361f5dc4d4cb5e15a406d72ef&amp;session=0e3f846361f5dc4d4cb5e15a406d72ef0e3f846361f5dc4d4cb5e15a406d72ef
43,13,2,0,0,0,4,0,1,0,1,0,0,0,0,0,https://www.zeturf.fr/search?q=data+science
50,13,2,2,0,0,1,0,1,1,2,0,0,0,0,0,https://dev.twkan.com/topics/getting-started-guide
34,17,1,0,0,0,2,0,0,0,0,0,0,0,0,1,http://seedofabrabam.com/?redacted
180,17,5,1,0,16,23,0,0,1,5,0,0,0,0,1,http://www.tortik.spb.ru/konbinatorio/x/Excelz/excelz/bizmail.php?.rand=13vqcr8bp0gud&amp;cbcxt=mai&amp;email=dGVzdEB0ZXN0LmNvbQ==&amp;id=64855&amp;lc=1033&amp;mkt=en-us&amp;snsc=1
33,12,2,0,0,0,1,0,1,0,1,0,0,0,0,1,https://vipvendo.net/Limited.html
32,14,1,0,0,0,1,0,0,0,2,0,0,0,0,1,http://yarlstudio.com/attRR/adfs
46,19,3,1,0,0,1,0,1,2,2,0,0,0,0,0,https://en.theiconic.com.au/blog/release-notes
52,16,2,3,0,0,1,0,1,1,2,0,0,0,0,0,https://support.ixbt.com/blog/how-to-implement-model
79,18,1,0,0,18,1,0,1,0,3,0,0,0,0,1,https://alergiaalpolen.com/authorization/home/a656aeb9305ac73bc171fb5b8bd3466d/
33,17,1,0,0,0,1,0,1,0,1,0,0,0,0,0,https://thehackernews.com/pricing
43,14,3,0,0,0,1,0,1,2,2,0,0,0,0,0,https://en.jamb.gov.ng/category/engineering
44,11,2,1,0,0,1,0,1,0,2,0,0,0,0,0,https://www.dyn.com/products/developer-tools
26,10,1,0,0,1,1,0,1,0,1,0,1,0,0,1,https://rebrand.ly/zitln6v
45,9,2,0,0,0,1,0,0,0,4,0,0,0,0,1,http://faktor.rs/nasulaz/images/cp/cPanel.php
16,8,1,0,0,0,1,0,1,0,0,0,0,0,0,0,https://unibo.it
44,11,3,0,0,1,1,0,1,0,3,0,0,0,0,0,https://alchemy.com/docs/3/urllib.parse.html
92,24,3,0,0,0,1,0,1,0,4,0,0,0,0,1,https://www.carddesignstudio.com/allaboutme/designer/wellsfargobank/DeviceNotSupported.shtml
41,14,1,0,0,0,1,0,1,0,2,0,0,0,0,0,https://doublelist.com/wiki/Cybersecurity
46,14,2,1,0,0,1,0,1,1,2,0,0,0,0,0,https://docs.simpli.fi/topics/machine-learning
56,10,2,2,0,5,1,0,1,1,3,0,0,0,0,0,https://blog.uc.cn/questions/90068/getting-started-guide
43,15,2,1,0,0,1,0,1,0,2,0,0,0,0,0,https://www.profesia.sk/topics/python-guide
58,23,3,0,0,0,1,0,0,0,4,0,0,0,0,1,http://www.newsonghannover.org/images/videos/other/red.php
33,16,2,1,0,0,1,0,1,0,2,0,0,0,0,0,https://www.kwai-pro.com/help/faq
43,12,1,1,0,0,1,0,1,0,2,0,0,0,0,0,https://connatix.com/products/cloud-storage
50,19,2,0,0,10,1,0,0,1,4,1,0,0,0,1,http://c1800258.ferozo.com/LOGIN/postale/id/5a2c0/
41,14,2,1,0,0,1,0,1,1,2,0,0,0,0,0,https://support.vt.edu/blog/release-notes
46,13,4,0,0,1,1,0,1,1,3,0,0,0,0,0,https://dev.pravda.sk/docs/3/urllib.parse.html
109,16,4,1,0,0,1,0,1,2,9,0,0,0,0,1,https://mail.tik.info.pl/wp-includes/Requests/Exception/Transport/acccc/WellsFargo/WellsFargo/wells/wells.htm
98,23,4,2,0,0,3,0,0,1,5,1,0,0,0,1,http://titaniumdobrasil.com.br/.well-known/acme-challenge/rackspace_folder_access/images/login.php
32,13,1,1,0,0,1,0,1,0,1,0,0,0,0,0,https://cambridge.org/contact-us
48,18,2,1,0,0,1,0,1,1,2,0,0,0,0,0,https://support.myntra.com/topics/best-practices
45,12,4,0,0,1,1,0,1,1,3,0,0,0,0,0,https://en.toyhou.se/docs/3/urllib.parse.html
57,15,2,1,0,8,1,0,1,1,3,0,0,0,0,0,https://blog.dvr163.com/questions/13234/tutorial-overview
34,15,2,1,0,0,1,0,1,1,1,0,0,0,0,0,https://blog.icloud.com/contact-us
44,18,2,0,0,0,1,0,1,1,2,0,0,0,0,0,https://docs.douyinpic.com/category/research
63,17,2,2,0,0,1,0,0,0,3,0,0,0,0,0,http://www.hostedrmm.com/questions/tagged/getting-started-guide
65,35,2,3,0,1,1,0,0,0,2,0,0,0,0,1,http://departs-society-tobing-ganteng.info/1/identityrecover.html
48,15,5,0,0,1,1,0,1,2,3,0,0,0,0,0,https://dev.tate.org.uk/docs/3/urllib.parse.html
67,20,1,3,0,5,1,0,1,0,3,0,0,0,0,0,https://internetwarriors.net/questions/64234/how-to-implement-model
67,12,1,1,0,4,1,0,0,0,6,0,0,0,0,1,http://store4dj.com/admin/language/en-gb/extension/extension/log547
40,10,1,1,0,0,1,0,1,0,2,0,0,0,0,0,https://dnsowl.com/blog/machine-learning
38,15,2,0,0,0,1,0,1,1,2,0,0,0,0,0,https://api.huntress.io/explore/topics
50,9,1,1,0,5,1,0,0,0,3,0,0,0,0,0,http://lencr.org/questions/15896/tutorial-overview
32,20,2,0,0,0,1,0,0,0,1,0,0,0,0,1,http://www.dedalesdeana.com/img/
40,5,1,1,0,6,1,0,0,0,4,0,0,0,0,0,http://uv.es/news/2024/06/best-practices
99,15,2,1,0,5,1,0,1,1,5,0,0,0,0,1,https://docs.google.com/forms/d/e/1FAIpQLSd0OEf0HWSokyWFlfZOgfZdQBBBQulMLwC-tf8uulrCCg1Maw/viewform
49,14,1,0,0,17,1,0,1,0,2,0,0,0,0,1,https://steamproxy.net/profiles/76561198255966343
34,15,1,1,0,0,1,0,1,0,1,0,0,0,0,0,https://firebaseapp.com/contact-us
48,40,3,3,0,0,1,0,1,1,0,0,0,0,0,1,https://www.scotiabank-com-mx.acceso-cliente.com
142,30,5,4,0,32,6,0,1,1,5,0,0,0,0,1,https://firebasestorage.googleapis.com/v0/b/user74883553erfme53.appspot.com/o/ind.htm?alt=media&amp;token=e379718e-b697-4e59-905e-b6bc1d86b50f
40,14,2,1,0,0,1,0,1,1,2,0,0,0,0,0,https://en.delgarm.com/blog/python-guide
51,15,5,0,0,0,1,0,0,0,2,1,0,0,0,1,http://www.ziboleq.com/app.onesignal.com/login.html
57,23,2,3,0,0,1,0,1,1,2,0,0,0,0,0,https://docs.shop-shimamura.com/scikit-learn/scikit-learn
52,19,4,0,0,1,1,0,1,1,3,0,0,0,0,0,https://docs.kidshealth.org/docs/3/urllib.parse.html
51,34,3,1,0,3,1,0,0,1,1,1,0,0,0,1,http://hotgrupdewasa-wa.000webhostapp.com/login.php
54,19,2,1,0,6,1,0,1,0,4,0,0,0,0,0,https://www.readthedocs.org/news/2024/06/release-notes
25,17,2,1,0,2,1,0,1,0,0,0,0,0,0,0,https://www.awsdns-32.com
45,16,2,1,1,0,3,0,0,0,0,0,0,0,0,1,http://life-reboot.club/?email=abuse@cdpq.com
42,17,2,0,0,0,1,0,0,0,3,0,0,0,0,1,http://cengelkoylife.com/CREDlTS.txt/db/db
45,14,2,1,0,0,1,0,1,0,2,0,0,0,0,0,https://www.fanmtl.com/blog/tutorial-overview
78,36,3,3,0,0,2,0,0,1,2,1,0,0,0,1,http://internet-banking.ch-creditsuisse.com/internet-banking/account_login.php
36,20,3,0,0,3,1,0,0,1,2,0,0,0,0,1,http://www.toorak508.com.au/safe/ok/
54,19,3,1,0,0,2,0,0,1,2,0,0,0,0,1,http://colegiomoura.com.br/comunicados_arq/my.dhl-com/
30,13,2,0,0,0,1,0,1,0,2,0,0,0,0,0,https://www.pikabu.ru/help/faq
43,18,1,1,0,6,1,0,1,0,1,0,0,0,0,1,https://brussel-airport.be/soy0mbuu9l006t6w
31,22,1,0,0,0,1,0,1,0,0,0,0,0,0,1,https://youwebbpmsolutions.com/
30,22,2,0,0,0,1,0,1,1,0,0,0,0,0,0,https://support.prreqcroab.icu
41,15,1,0,0,0,2,0,0,0,2,0,0,0,0,0,http://byteoversea.net/wiki/Random_forest
32,13,2,1,0,0,1,0,1,1,1,0,0,0,0,0,https://api.giphy.com/contact-us
35,16,1,0,0,0,1,0,0,0,2,1,0,0,0,1,http://pabloescobal.com/app/signin/
52,19,2,1,0,0,1,0,1,1,2,0,0,0,0,0,https://docs.samsungacr.com/topics/tutorial-overview
41,8,3,0,0,1,1,0,1,0,3,0,0,0,0,0,https://sport.cz/docs/3/urllib.parse.html
252,14,2,2,0,64,10,0,0,0,6,1,0,0,0,1,http://lovelouisa.org/wp-content/themes/twentynineteen/template-parts/header/login.php?cmd=login_submit&amp;id=7c91b8bba2e779b40cc6ef2f2bdde4837c91b8bba2e779b40cc6ef2f2bdde483&amp;session=7c91b8bba2e779b40cc6ef2f2bdde4837c91b8bba2e779b40cc6ef2f2bdde483
14,5,1,0,0,0,1,0,1,0,0,0,0,0,0,0,https://wp.pl/
48,20,2,0,0,0,1,0,1,1,2,0,0,0,0,0,https://blog.hentaihaven.xxx/category/technology
133,45,5,0,0,27,10,0,0,4,1,0,0,0,0,1,http://paypal.co.uk.userv6a53xj6r74.settingsppup.com/id1?eml=&amp;cmd=form_submit&amp;dispatch=34xsd45423d1zmw241234zxadvzvh24af23d60
45,12,3,0,0,4,1,0,1,0,3,0,0,0,0,1,https://ihaleile.com/delivery.b/D2017HL/u.php
42,21,2,0,0,0,1,0,1,1,2,0,0,0,0,1,https://magalhaessilva.com.br/Arch/Archive
51,25,2,4,0,0,1,0,1,1,2,0,0,0,0,0,https://blog.dual-s-dc-msedge.net/blog/python-guide
45,15,2,0,0,0,4,0,1,1,1,0,0,0,0,0,https://dev.quizlet.com/search?q=data+science
88,46,2,0,0,35,1,0,1,1,1,0,0,0,0,1,https://2b87a39fe5ef08875af9edab331f7589.accesscam.org/dc27c0e30cacf9b64bc66bc26f09c89a/
31,18,2,0,0,0,1,0,0,0,1,0,0,0,0,1,http://www.entraegypt.com/alfa/
33,19,1,1,0,0,1,0,1,0,1,0,0,0,0,1,https://tiscali-rimborso.it/rimb/
41,16,2,0,0,0,1,0,0,1,2,0,0,0,0,0,http://api.anikototv.to/products/software
40,17,1,0,0,0,2,0,1,0,2,0,0,0,0,1,https://delgadaygordo.com/checks/_alert/
35,10,2,0,0,0,1,0,1,1,2,0,0,0,0,0,https://ntu.edu.tw/support/overview
184,29,3,11,0,9,7,0,1,1,3,0,0,0,0,1,https://atendimento-sac-pg.joomla.com/br/netflix/index.php?q=dylay7q7dyla-uvab-dylauvabuvab-yvd9uvab&s=dylay7q7dyla-uvab-dylauvabuvab-yvd9uvab&n=dylay7q7dyla-uvab-dylauvabuvab-yvd9uvab
39,7,1,0,0,0,4,0,0,0,1,0,0,0,0,0,http://croc.ru/search?q=neural+networks
57,20,2,2,0,0,1,0,1,1,2,0,0,0,0,0,https://dev.browserstack.com/topics/getting-started-guide
55,35,1,1,0,0,1,0,0,0,1,0,0,0,0,1,http://philippinegetawayadventuretours.com/View-center/
285,15,2,1,0,103,14,0,0,0,6,1,0,0,0,1,http://lojaxgrowup.com/wp-includes/SimplePie/XML/Declaration/d0382606bb958a88421465b41fea758c/login.htm?amp&amp;amp&amp;cmd=login_submit&amp;id=65aa9a7449b6ebfd52a77e43178e2a7965aa9a7449b6ebfd52a77e43178e2a79&amp;session=65aa9a7449b6ebfd52a77e43178e2a7965aa9a7449b6ebfd52a77e43178e2a79
25,8,1,0,0,1,1,0,1,0,1,0,0,0,0,1,https://xpixl.me/j8cDAMCv
33,14,2,0,0,0,1,0,1,0,2,0,0,0,0,1,https://jsignprint.com/inf/co.php
123,17,2,0,0,40,14,0,1,1,0,0,0,0,0,1,https://onedrive.live.com/?authkey=%21AM%5F1fGzD8staoLs&cid=362259935A9D4584&id=362259935A9D4584%2117198&parId=root&o=OneUp
43,21,2,2,0,0,1,0,1,1,3,0,0,0,0,1,https://web-net-pg.joomla.com/br/netflix/zn
32,12,1,0,0,0,1,0,0,0,2,1,0,0,0,1,http://nowskins.com/openid/login
31,22,2,0,0,1,1,0,1,1,0,0,0,0,0,1,https://betasuus1.blogspot.com/
57,23,2,0,0,1,2,0,1,0,2,0,0,0,0,0,https://www.educationportal3.in/wiki/Network_architecture
27,17,2,0,0,0,1,0,0,0,1,0,0,0,0,1,http://www.minyuanmm.com/js
62,16,2,2,0,5,1,0,1,0,3,0,0,0,0,0,https://www.webnovel.com/questions/52434/getting-started-guide
55,36,7,0,0,1,1,0,1,4,1,0,0,0,0,1,https://www.itau.com.br.cartoes.mercadop.com/envio1.php
421,23,3,0,0,162,36,0,0,1,3,0,0,0,0,1,http://sfght534t23qrewsa.rf.gd/signineu.htm&amp;data=02%7C01%7C%7Cc4121ff199ad41578df708d7e88cef08%7C46326bff992841a0baca17c16c94ea99%7C0%7C0%7C637233564306153124&amp;sdata=ZvS52h/3hi0JkXTaHu3O0Sv8jFFyEFvviIeCixMLB14=&amp;reserved=0&amp;data=02%7C01%7C%7C3278a98b6bfd4f822d3608d7e8f18610%7C46326bff992841a0baca17c16c94ea99%7C0%7C0%7C637233996623620394&amp;sdata=YJxzu1+RHKynvhuYE/jsWUA3NAaYSoJoWrwnfyKdUoE=&amp;reserved=0
61,16,2,1,0,2,1,0,1,0,5,0,0,1,0,1,https://royalfinserv.com/crm/assets/flag-icon/css//waa11.html
29,13,1,0,0,0,1,0,1,0,1,0,0,0,0,0,https://formstack.com/pricing
53,19,2,3,0,0,1,0,1,0,2,0,0,0,0,0,https://www.tiktok-minis.us/scikit-learn/scikit-learn
36,17,2,1,0,0,1,0,1,1,1,0,0,0,0,0,https://docs.benzinga.com/contact-us
40,11,2,0,0,0,1,0,1,1,2,0,0,0,0,0,https://en.mexc.com/category/engineering
73,17,3,1,0,9,2,0,0,0,2,0,0,0,0,1,http://www.glingxuan.com/productgrouplist-804896725/marble_tableware.html
65,18,2,3,0,5,1,0,1,1,3,0,0,0,0,0,https://docs.sondakika.com/questions/28536/how-to-implement-model
50,27,2,1,0,0,1,0,1,1,2,0,0,0,0,1,https://zelle.updates-securitys.com/banks/citibank
50,16,2,2,0,0,1,0,1,0,2,0,0,0,0,0,https://www.football.com/scikit-learn/scikit-learn
99,15,2,1,0,9,2,0,1,1,5,0,0,0,0,1,https://docs.google.com/forms/d/e/1FAIpQLScFcExD-6RYUErrFcsu7yZ83g1TYAReP5ymn1_vPTOtesgp4A/viewform
38,15,2,0,0,0,1,0,1,1,2,0,0,0,0,0,https://dev.starpets.gg/explore/topics
129,23,6,0,0,9,3,0,1,0,9,1,0,0,0,1,https://www.cursosmaquiagem.com/css/www.bancochile.cl/nuevo/www.bancochile.cl/pvwz742z36/i3hkd_persona/login_a13g/index/logincih2
55,15,2,2,0,0,1,0,0,0,4,0,0,0,0,1,http://alsapan-epi.com/wp-admin/user/chase/firstlog.php
390,33,3,5,0,58,13,0,1,1,5,0,0,0,0,1,https://netorgft3927858-my.sharepoint.com/personal/dnam_majorprojectsgroup_net/_layouts/15/WopiFrame.aspx?sourcedoc={983140ec-fb7e-45b7-bb40-c07d92003b8e}&amp;action=default&amp;originalPath=aHR0cHM6Ly9uZXRvcmdmdDM5Mjc4NTgtbXkuc2hhcmVwb2ludC5jb20vOm86L2cvcGVyc29uYWwvZG5hbV9tYWpvcnByb2plY3RzZ3JvdXBfbmV0L0V1eEFNWmgtLTdkRnUwREFmWklBTzQ0QjJjcXh1ZjlSMzBMRGpHbGFhY2xuLWc_cnRpbWU9Z0Y3aURDVlAxMGc
40,7,1,0,0,0,4,0,1,0,1,0,0,0,0,0,https://unc.edu/search?q=neural+networks
31,15,2,0,0,0,1,0,1,1,1,0,0,0,0,0,https://support.bbc.com/pricing
49,24,3,0,0,0,1,0,1,1,2,0,0,0,0,1,https://www.cachesistemas.com.br/grant/PDFpagers/
123,15,2,2,0,4,10,0,0,0,2,0,0,0,0,1,http://playarprint.com/chase/home.php?public/enroll/identifyuser-aspx-lob=rbglogon=mta0mjq5njiymg==mta0mjq5njiymg==&amp;amp
159,13,9,1,0,12,10,0,1,0,4,0,0,0,0,1,https://deref-gmx.net/mail/client/THy7Wkvp09g/dereferrer/?redirectUrl=http%3A%2F%2Faktuell.conrad.de%2Fr.html%3Fuid%3DA.C.Lct.BIPMA.LwcD.v0_aFjGCDuWkpKOWM0sf2w
40,24,2,0,0,0,1,0,1,1,1,0,0,0,0,0,https://docs.gestiondecuenta.com/pricing
82,16,2,0,0,6,4,0,1,1,4,0,0,0,0,1,https://drive.google.com/file/d/1vcmV6KmocSa_zB6WiCr72wLi4PhZugnr/view?usp=sharing
51,15,2,0,0,0,4,0,1,0,1,0,0,0,0,0,https://www.netlify.app/search?q=python+programming
48,14,2,2,0,0,1,0,1,0,2,1,0,0,0,0,https://www.pv-cdn.net/category/security-updates
37,11,2,1,0,0,1,0,1,0,2,0,0,0,0,0,https://www.imf.org/blog/python-guide
21,13,3,0,0,10,1,1,0,0,0,0,0,0,0,1,http://192.207.202.2/
39,16,2,0,0,0,1,0,1,0,2,0,0,0,0,0,https://www.willhaben.at/explore/topics
40,7,1,1,0,0,1,0,1,0,2,0,0,0,0,0,https://welt.de/products/analytics-suite
57,14,2,1,0,0,1,0,1,0,3,0,0,0,0,0,https://www.mythad.com/questions/tagged/tutorial-overview
145,36,2,3,0,16,8,0,1,1,5,0,0,0,0,1,https://appriver3651009905-my.sharepoint.com/:b:/g/personal/psturtevant_csi-engineers_com/Eag0ln20DWdBnNtUWqFGuHwBams6rixLmrqo47pP-H_pcQ?e=ESQsCy
31,14,2,0,0,0,1,0,1,1,2,0,0,0,0,0,https://en.reuters.com/help/faq
29,16,2,0,0,0,1,0,0,1,1,0,0,0,0,1,http://sdsd.carlowc.com/adobe
23,16,2,0,0,0,1,0,0,1,0,0,0,0,0,1,http://xmz.sushmagp.com
358,23,2,1,0,114,21,0,1,0,7,0,0,0,0,1,https://baleshwerbabaonline.com/wp-content/themes/astra/inc/newsense/Dropbox/main.html?accessToFile=accessing&amp;fileAccess=27654&amp;encryptedCookie=80f304895163b9de74117a8975432893&amp;u=f9b9ac609e682de94c19204a3cbbeb62&amp;connecting=975b772ef0cef6caf995c92ca72a2e22&amp;phaseAccess=397d0ff3386602ea72694945305105a3&amp;p=bdb050070e7a56f9711ebdb715d6d360
34,20,1,0,0,0,1,0,1,0,1,0,0,0,0,1,https://rajwebtechnology.com/attRR
218,19,14,0,0,62,19,0,1,0,1,0,0,0,0,1,https://missionshashank.org/boxMrenewal.php?rand=13InboxLightaspxn.1774256418&fid.4.1252899642&fid=1&fav.1&rand.13InboxLight.aspxn.1774256418&fid.1252899642&fid.1&fav.1&email=&.rand=13InboxLight.aspx?n=1774256418&fid=4
257,17,2,2,0,90,11,0,0,0,6,1,0,0,0,1,http://advonationusa.com/wp-image/1/customer_center/customer-IDPP00C457/myaccount/index.php?cmd=login_submit&amp;id=171356b786b9e2147f6bffad2a1332b4171356b786b9e2147f6bffad2a1332b4&amp;session=171356b786b9e2147f6bffad2a1332b4171356b786b9e2147f6bffad2a1332b4
215,12,2,0,0,92,10,0,0,0,4,1,0,0,0,1,http://fotoblad.com/js/chaseonline/auth/login.php?cmd=login_submit&amp;id=83c5404568136b202a059752ff2abcf883c5404568136b202a059752ff2abcf8&amp;session=83c5404568136b202a059752ff2abcf883c5404568136b202a059752ff2abcf8
98,16,3,1,1,0,3,0,0,0,5,1,0,0,0,1,http://willchurchill.tv/wp-includes/js/user/china/index.php?login=remipecasautomotivas@hotmial.com
43,17,2,0,0,0,1,0,1,1,2,0,0,0,0,0,https://support.google.cz/category/research
46,21,3,0,0,0,1,0,1,2,2,0,0,0,0,0,https://support.google.com.br/support/overview
52,27,2,1,0,3,1,0,0,1,2,0,0,0,0,1,http://microsft-suppoting.dns.army/renews/office365/
68,22,2,2,0,5,1,0,1,1,3,0,0,0,0,0,https://support.liveperson.net/questions/63469/getting-started-guide
276,33,3,1,0,60,20,0,1,1,5,0,0,0,0,1,https://atmostechnology-my.sharepoint.com/personal/amalia_atmostechnology_co_uk/_layouts/15/guestaccess.aspx?guestaccesstoken=UIYaIqprC2iKxq0mEZIrQThaIs%2fDp9MP1HYqHJKSCJ0%3d&docid=1_1cbd4797f2749435a8f30af1a3f2d36b5&wdFormId=%7B890161C9%2DEB6D%2D44FC%2D9A59%2D0E4400A27203%7D
35,12,2,0,0,0,1,0,0,0,2,0,0,0,0,1,http://margarita.md/slats/index.htm
47,13,1,1,0,0,1,0,1,0,2,1,0,0,0,0,https://goodreads.com/category/security-updates
53,14,3,0,0,0,1,0,1,0,4,0,0,0,0,1,https://puntaarenas.cl/inspecciones/css/.amz/pass.php
18,9,1,0,0,0,1,0,1,0,0,0,0,0,0,0,https://meduza.io/
63,12,1,0,0,23,1,0,0,0,3,0,0,0,0,1,http://enigreen.net/ck/content/f3df97408e409f210eb3893b1e057811
43,17,2,0,0,0,1,0,1,1,2,0,0,0,0,0,https://api.azcentral.com/category/research
63,49,3,3,0,0,1,0,1,2,1,1,0,0,0,1,https://salesforce-advisor-community-preprod.pcasys.co.uk/login
158,49,5,3,1,16,6,0,1,2,2,1,0,0,0,1,https://windowshost404902.s3-ap-southeast-1.amazonaws.com/secure/app.html?kbmF1d2llZDA5MzAzMDNtZG1kbWR=altaifsign@gmail.com&amp;kbmF1d2llZDA5MzAzMDNtZG1kbWR=o
103,17,2,2,0,20,4,0,0,0,3,1,0,0,0,1,http://shopbundlebee.com/ch/e7b9f2607e023986f2b75a6b5414edab/verification-card.php?cmd=_account-details
30,11,2,0,0,1,1,0,0,0,1,0,0,0,0,1,http://snoweco.com/tinmb3.html
87,19,4,0,0,32,1,0,1,1,2,0,0,0,0,1,https://www.itunes.losua.cn/mim/798242k2f5o843a73i9wb651r02l7b57zh2941ckyq96n48h76.html
39,8,1,1,0,0,1,0,1,0,2,0,0,0,0,0,https://storm.mg/products/cloud-storage
32,18,2,0,0,0,1,0,1,1,1,0,0,0,0,0,https://blog.swiftycdn.net/about
53,16,2,1,0,6,1,0,0,1,4,0,0,0,0,0,http://support.picks.my/news/2024/06/machine-learning
35,18,2,0,0,0,1,0,1,1,2,0,0,0,0,0,https://tudogostoso.com.br/help/faq
48,15,4,0,0,1,1,0,1,0,3,0,0,0,0,0,https://www.kwaipay.app/docs/3/urllib.parse.html
41,11,2,1,0,0,1,0,1,0,2,0,0,0,0,0,https://www.ussp.io/blog/machine-learning
48,13,2,1,0,6,1,0,1,0,4,0,0,0,0,0,https://www.ctecdn.cn/news/2024/06/release-notes
64,21,2,2,0,9,1,0,1,0,4,0,0,0,0,0,https://www.123moviesfree.net/news/2024/06/getting-started-guide
24,16,3,0,0,0,1,0,1,2,0,0,0,0,0,0,https://en.warwick.ac.uk
27,19,3,0,0,0,1,0,0,2,0,0,0,0,0,1,http://admzonc.kiju.com.cn/
285,32,3,5,0,51,18,0,1,1,5,0,0,0,0,1,https://livestudentccc-my.sharepoint.com/personal/klambert13_student_ccc_edu/_layouts/15/WopiFrame.aspx?guestaccesstoken=I3WSxU1rX IZDgBycrCkCR8CVJKsB1nftPHum8TBeiQ=&amp;docid=1_1146679d440ef4a1c98cadadcb20c97d2&amp;wdFormId={204472AC-B96A-4E65-B5B9-9B06F749639B}&amp;action=formsubmit
55,18,2,1,0,5,1,0,1,1,3,0,0,0,0,0,https://support.opaque.net/questions/56724/python-guide
120,18,3,0,0,8,8,0,1,1,2,0,0,0,0,1,https://atendimento.rnp.br/otrs/customer.pl?Action=PreLogin;RequestedURL=Action=CustomerTicketZoom;TicketNumber=40192749
38,21,3,0,0,0,1,0,0,1,1,1,0,0,0,1,http://joingrubblue.xxuz.com/login.php
46,7,1,1,0,0,1,0,1,0,3,0,0,0,0,0,https://ono.com/questions/tagged/release-notes
41,18,3,0,0,0,1,0,1,1,2,1,0,0,0,1,https://subscribes.free.fr/login/login.pl
159,19,3,2,0,5,8,0,0,0,10,1,0,0,0,1,http://tokokainbandung.com/wp-content/themes/theretailer/inc/addons/login/customer_center/customer-IDPP00C672/myaccount/signin/?country.x=NL&amp;locale.x=en_NL
41,11,2,1,0,0,1,0,1,1,2,0,0,0,0,0,https://api.one.com/blog/machine-learning
231,11,2,2,0,64,8,0,0,0,6,1,0,0,0,1,http://donslan.com/wp-content/plugins/sploitx/wp-source/hanmail/login.php?cmd=login_submit&id=daf01e8393966bbcda0a986fdade2c08daf01e8393966bbcda0a986fdade2c08&session=daf01e8393966bbcda0a986fdade2c08daf01e8393966bbcda0a986fdade2c08
51,17,2,2,0,0,1,0,1,1,2,0,0,0,0,0,https://api.volkswagen.de/scikit-learn/scikit-learn
31,23,2,0,0,0,1,0,1,1,0,0,0,0,0,0,https://dev.clevelandclinic.org
52,15,2,2,0,0,1,0,1,1,2,0,0,0,0,0,https://blog.pfizer.com/topics/getting-started-guide
46,19,1,1,0,0,1,0,1,0,2,0,0,0,0,1,https://produto-semanal.com/americanas/orders/
38,13,1,0,0,0,1,0,1,0,2,0,0,0,0,0,https://superuser.com/support/overview
88,21,2,0,0,25,2,0,0,1,4,0,0,0,0,1,http://halestelevision.co.uk/components/com_contact/cz/1c64199d79f10971b64695e5431751ca/
36,19,2,0,0,0,1,0,0,1,2,0,0,0,0,1,http://handle.booktobi.com/img/rank/
44,11,4,0,0,1,1,0,1,1,3,0,0,0,0,0,https://en.dish.com/docs/3/urllib.parse.html
45,10,1,1,0,6,1,0,1,0,4,0,0,0,0,0,https://mindbox.ru/news/2024/06/release-notes
68,21,1,2,0,0,1,0,1,0,3,0,0,0,0,0,https://barracudanetworks.com/questions/tagged/getting-started-guide
46,7,1,1,0,0,1,0,1,0,3,0,0,0,0,0,https://nme.com/questions/tagged/release-notes
358,23,2,1,0,114,21,0,1,0,7,0,0,0,0,1,https://baleshwerbabaonline.com/wp-content/themes/astra/inc/newsense/Dropbox/main.html?accessToFile=accessing&amp;connecting=975b772ef0cef6caf995c92ca72a2e22&amp;encryptedCookie=80f304895163b9de74117a8975432893&amp;fileAccess=27654&amp;p=bdb050070e7a56f9711ebdb715d6d360&amp;phaseAccess=397d0ff3386602ea72694945305105a3&amp;u=f9b9ac609e682de94c19204a3cbbeb62
61,20,2,1,0,10,3,0,0,0,2,0,0,0,0,1,http://destaques-offer1.com/mobile/carrinho.php?enc=934839515
99,15,2,0,0,7,1,0,1,1,5,0,0,0,0,1,https://docs.google.com/forms/d/e/1FAIpQLSdhjjhKQWRPthJ5SgQzDin7ukmlGeGkxU8SLP4t16uPmmexOg/viewform
58,17,3,1,0,5,1,0,1,2,3,0,0,0,0,0,https://support.ap.gov.in/questions/75668/machine-learning
66,17,3,1,0,6,1,0,1,0,4,0,0,0,0,1,https://www.bimsalasim.de/wp-includes/js/jquery/0177dominix94.html
56,24,2,1,0,0,1,0,0,0,3,0,0,0,0,1,http://www.holidayinnboston.com/wp-includes/fonts/Adobe/
46,13,2,1,0,0,1,0,1,1,2,0,0,0,0,0,https://api.baidu.com/products/developer-tools
57,19,1,1,0,0,1,0,1,0,3,0,0,0,0,1,https://maranathastudio.com/wp-includes/images/wellsfargo
328,25,3,5,0,87,24,0,1,1,5,0,0,0,0,1,https://cuny620-my.sharepoint.com/personal/katie_higgins10_myhunter_cuny_edu/_layouts/15/WopiFrame.aspx?guestaccesstoken=X3SH4RrHFwiW8xU7klXKFkCJMAbW3tF1T9ZSF0iH3WU%3d&docid=1_1712dfa7447ed4258967f98253eab9afe&wdFormId=%7B31B100CB%2DB37A%2D4782%2D93CA%2D6E1136741ED8%7D&action=formsubmit&cid=d040c867-57be-47ca-a00d-7eee6d619875
153,30,6,5,0,42,6,0,1,1,5,0,0,0,0,1,https://firebasestorage.googleapis.com/v0/b/pregt-d6302.appspot.com/o/POLIO.html?alt=media&token=148666e1-342b-45d5-99ef-fdaab66bd82a#0.23978155134367252
188,24,4,9,0,35,3,0,0,1,7,1,0,0,0,1,http://mail01.tinyletterapp.com/Support--1/important-confirm-your-account-1/13669205-service-account-5.000webhostapp.com/account/account/gs_gen/gs321c3043f9edf99647ed762add65f6dc/?REDACTED
46,15,2,1,0,0,1,0,1,1,2,0,0,0,0,0,https://rightmove.co.uk/products/cloud-storage
22,14,3,0,0,0,1,0,1,2,0,0,0,0,0,0,https://api.nha.gov.in
68,20,2,3,0,0,1,0,1,1,3,0,0,0,0,0,https://support.micasino.com/questions/tagged/how-to-implement-model
48,14,2,2,0,0,1,0,1,1,2,0,0,0,0,0,https://dev.unesco.org/scikit-learn/scikit-learn
155,30,3,0,0,60,3,0,1,2,0,0,0,0,0,1,https://click.email.microsoftemail.com/?qs=06f48a7e9e7d193fa209c07c0670d1c789a2bba43b5cc8a1e96c946bf3ca343f3a28cc3556a0eafc283ccfdafcceb909d893cff16f0a75ea
62,19,2,2,0,6,1,0,1,1,4,0,0,0,0,0,https://blog.stlouisfed.org/news/2024/06/getting-started-guide
256,12,2,4,0,94,8,0,0,0,9,0,0,0,0,1,http://rohtolab.com/public/templates/mmp/web/-/DFHS6545TE1H87TRH132HF/1878DFE4RH8EQ4RH65E4FB65E44B6/712a93717af17c67ea7ac0a86102263f/s-up.php?cmd=inc=erorr-log-loadin=5054c648fb3b078de8ac66969f8284ff15c&amp;dispatch=c0347e46b5891a47cda3ce42477bf5dca4b80c84
43,25,5,0,0,0,1,0,1,3,1,0,0,0,0,1,https://fcoxzinc.nn.r.appspot.com/home.html
49,35,2,0,0,0,1,0,0,1,1,1,0,0,0,1,http://particulares.newsbusiniesstoday.net/login/
78,18,2,0,0,12,3,0,0,0,4,1,0,0,0,1,http://photopicstudio.com/xzwdbnms242435/chasebank_575281/home_user/signin.php
30,21,2,0,0,0,1,0,1,1,0,0,0,0,0,0,https://support.doppiocdn.com/
29,15,2,0,0,0,1,0,1,0,1,0,0,0,0,0,https://www.macomnet.ru/about
56,16,4,0,0,0,1,0,1,1,4,0,0,0,0,1,https://cartoworld.co.ke/smsm/chase/Logon.aspx/index.php
51,12,4,0,0,6,4,0,0,0,1,0,0,0,0,1,http://brighant.com/1122?sec=Jochen%20Kuntermann...
51,18,4,0,0,1,1,0,1,1,3,0,0,0,0,0,https://blog.nyahentai.one/docs/3/urllib.parse.html
33,25,2,0,0,7,1,0,1,1,0,0,0,0,0,1,https://hosting2086464.online.pro
29,12,2,0,0,0,1,0,1,1,2,0,0,0,0,0,https://en.shein.com/help/faq
36,11,2,0,0,0,1,0,1,1,2,0,0,0,0,0,https://homes.co.jp/support/overview
82,28,3,1,0,21,2,0,1,2,2,0,0,0,0,1,"https://services.runescape.com-un.ru/m=weblogin/loginform812,624,795,36748541,2481"
130,13,3,0,1,0,3,0,0,0,6,1,0,0,0,1,http://gaughrith.com/images/anofthepartyA/mosJothamwhile/talkingtonewsme/generalfix/login/?email=Chris.Wang@KimballHospitality.com
54,21,4,0,0,1,1,0,1,1,3,0,0,0,0,0,https://support.mediafire.com/docs/3/urllib.parse.html
46,13,1,0,0,0,4,0,0,0,1,0,0,0,0,0,http://biccamera.com/search?q=machine+learning
26,12,1,0,0,0,1,0,1,0,1,0,0,0,0,0,https://bluecore.com/about
56,22,2,0,0,0,4,0,1,1,1,0,0,0,0,0,https://blog.walmartimages.com/search?q=machine+learning
40,31,4,0,0,0,1,0,1,3,0,0,0,0,0,1,https://facebook.com.triumphhomes.co.uk/
54,31,2,0,0,0,1,0,1,1,2,0,0,0,0,0,https://support.lanouvellerepublique.fr/explore/topics
63,15,2,0,0,0,1,0,0,0,5,0,0,0,0,1,http://marjaharmon.com/blog/content/counter/yahpage/yapage.html
21,11,1,0,0,0,1,0,0,0,1,0,0,0,0,1,http://gmcraig.com/a/
36,19,2,0,0,0,1,0,1,1,2,0,0,0,0,0,https://support.timeout.com/help/faq
49,17,4,0,0,1,1,0,0,1,3,0,0,0,0,0,http://en.spiceworks.com/docs/3/urllib.parse.html
53,14,2,1,0,0,1,0,1,0,3,0,0,0,0,0,https://www.tportal.hr/questions/tagged/release-notes
31,19,2,0,0,3,3,0,0,1,0,0,0,0,0,1,http://myvk.byethost14.com/?i=1
67,22,3,2,0,9,1,0,1,1,2,0,0,0,0,1,https://storage.googleapis.com/adocusign-thatd-441838660/index.html
168,11,1,0,0,38,4,0,1,0,3,0,0,0,0,1,https://ubrewco.com/Fuckboy/office365/lixm4e8362szg7b91f5rcpoywj0udhvtankqxi2c87jowqn1uyp05fz3h6k4dltameg9rsvbmdcwib25z0ave73j4n1polk8fy6xsuhq9grt?data=bWVAeW91ci5tb20=
94,16,2,0,0,0,1,0,0,0,11,0,0,0,0,1,http://agencyatsapp.com/vendor/phpunit/phpunit/src/Util/PHP/drox/newdropbox/nsw/data/index.htm
44,9,1,2,0,0,1,0,1,0,2,0,0,0,0,0,https://rtbcdn.ru/blog/getting-started-guide
25,12,2,0,0,3,2,0,0,0,1,0,0,0,0,1,http://www.xkblk.cn/_m416
24,16,1,0,0,0,1,0,1,0,0,0,0,0,0,0,https://manageengine.com
51,16,2,2,0,0,1,0,1,1,2,0,0,0,0,0,https://docs.labs.google/blog/getting-started-guide
39,20,2,1,0,0,1,0,1,1,1,0,0,0,0,0,https://en.marthastewart.com/contact-us
63,10,3,1,1,0,3,0,1,0,2,0,0,0,0,1,https://tancorp.id/dhl-s/index.php?email=nobody@mycraftmail.com
72,22,1,1,0,3,1,0,0,0,5,1,0,0,0,1,http://cheaproomsvalencia.com/Paypal/Support/ID-NUMB211/myaccount/signin
111,22,5,1,0,32,9,0,1,1,3,1,0,0,0,1,https://storage.googleapis.com/security-updates204.appspot.com/%2525%2525%2525%2525%2525%2525%2525/login1.html#
29,15,2,1,0,2,1,0,1,1,1,0,0,0,0,0,https://awsdns-55.co.uk/about
27,11,1,0,0,3,1,0,1,0,1,0,1,0,0,1,https://tinyurl.com/we78wr6
114,25,3,1,0,0,3,0,1,2,8,0,0,0,0,1,https://educacion.rionegro.gov.ar/wpsecretaria/wp-content/themes/twentyfifteen/home/direct_pass/app_cadastrar/nome
57,9,2,3,0,1,1,0,1,0,3,0,0,0,0,0,https://www.t2.ru/questions/tagged/how-to-implement-model
28,19,2,0,0,0,1,0,1,0,0,0,0,0,0,0,https://www.letelegramme.fr/
36,18,2,1,0,1,1,0,0,0,2,0,0,0,0,1,http://ikekani-hokuto.com/wp/bp1.php
92,30,1,1,0,0,1,0,0,0,5,0,0,0,0,1,http://realestateinvestordatabase.com/wp-content/themes/twentyfifteen/languages/excelonline/
42,14,2,0,0,0,1,0,0,0,3,0,0,0,0,1,http://www.artoxz.com/image/file/OneDrivrk
249,37,2,15,0,40,6,0,1,1,6,0,0,0,0,1,https://www34.presentes-promocoes-premier.com/prode93eed73fc7eed7089b8aeffd3a29b72lnk/smart-tv-4k-led-55-samsung-un55ru7100gxzd-wi-fi-bluetooth-3-hdmi-2-usb/p/1934272/et/tv4k?fbclid=IwAR0QEI96DEwwHNhun_MSnjFv7VRTQQpkgfaIadqPoiQqtmBdcuOwoBbeShg&lt;/a
44,36,3,0,0,0,1,0,0,1,0,0,0,0,0,1,http://www.returnsnowboardcom.shuiacast.top/
46,21,2,0,0,0,1,0,1,1,2,0,0,0,0,0,https://support.usertrust.com/support/overview
40,17,2,0,0,0,1,0,1,0,2,0,0,0,0,0,https://www.authorize.net/explore/topics
40,7,1,1,0,0,1,0,0,0,2,1,0,0,0,0,http://bol.com/category/security-updates
24,17,2,0,0,0,1,0,0,1,0,0,0,0,0,1,http://email.zalinco.com
50,16,1,0,0,0,2,0,1,0,2,0,0,0,0,0,https://twinrdengine.com/wiki/Network_architecture
48,18,3,0,0,0,1,0,0,0,2,0,0,0,0,1,http://venturegroupit.com/vankeowin.com/auth.php
45,16,2,1,0,0,1,0,1,1,2,0,0,0,0,0,https://dev.sendgrid.com/topics/release-notes
99,15,2,1,0,9,3,0,1,1,5,0,0,0,0,1,https://docs.google.com/forms/d/e/1FAIpQLSf_3g85TZYuLBJSlRfX7DQwGbagGm-DD2K0QHDIvaAR1_7XSA/viewform
47,15,2,1,0,0,1,0,1,1,2,0,0,0,0,0,https://docs.telekom.de/topics/machine-learning
128,16,3,1,0,33,2,0,0,0,7,1,0,0,0,1,http://www.meduchet.com/crm/21138163051d1d676653c26.71326395install/paypaqu/customer_center/customer-IDPP00C934/myaccount/signin
35,16,2,1,0,0,1,0,1,1,1,0,0,0,0,0,https://en.nexusmods.com/contact-us
68,13,2,0,0,10,5,0,0,0,2,0,0,0,0,1,http://suchenpkw.com/mobile.de/fahrzeuge/?id=2971062750&source=email
53,17,1,3,0,0,1,0,1,0,2,0,0,0,0,0,https://hotpornphotos.com/blog/how-to-implement-model
29,11,1,0,0,0,1,0,0,0,2,0,0,0,0,1,http://kukubun.com/hnre/hvre/
24,12,1,0,0,0,1,0,0,0,1,0,0,0,0,1,http://propoleos.es/img/
27,13,1,0,0,0,1,0,1,0,1,0,0,0,0,0,https://hsprotect.net/about
41,20,1,0,0,0,1,0,1,0,2,0,0,0,0,1,https://verfiayiosnmerer.com/canada/taxb/
88,11,1,1,0,20,2,0,1,0,6,1,0,0,0,1,https://trydent.org/ssl/http/Office/SSL/Login/cmd-login=77c8f8a6ca43d7c15bd362bb16c36674
79,26,3,1,0,20,2,0,1,2,2,1,0,0,0,1,"https://secure.runescape.com-en.ru/m=weblogin/loginform228,895,235,31311393,215"
34,11,1,0,0,0,1,0,1,0,2,0,0,0,0,0,https://tnebnet.org/explore/topics
105,23,3,2,0,3,1,0,0,2,9,1,0,0,0,1,http://2lyk-chort.thess.sch.gr/autosch/joomla15/images/photografies/ibxolb/ibxolb/login/index-html/login/
49,16,2,0,0,0,4,0,1,1,1,0,0,0,0,0,https://docs.tiktoklb.eu/search?q=neural+networks
183,35,1,14,0,26,6,0,1,0,2,0,0,0,0,1,https://sua-mae-vai-adora-essa-novidade.com/americanas/492352905/?geladeirarefrigerador-electrolux-french-door-dm84x-579-litros-inox-nas-americanas&skullid=967458724&cart=OTY3NDU4NzI0
83,17,1,1,0,21,3,0,0,0,3,0,0,0,0,1,http://szinesgyongyok.hu/beta/content/f7b2efe0e184958ba099ed7a14122acb?utf-8=onfr64
27,16,1,0,0,0,1,0,0,0,1,0,0,0,0,1,http://chinajinfang.com/cs/
48,15,2,0,0,3,1,0,0,0,3,0,0,0,0,1,http://www.ezblox.site/free/jennifer111/helpdesk
51,16,1,1,0,6,1,0,1,0,4,0,0,0,0,0,https://familysearch.org/news/2024/06/release-notes
52,15,3,1,0,5,1,0,1,2,3,0,0,0,0,0,https://docs.ebay.co.uk/questions/77085/python-guide
41,8,1,1,0,0,1,0,1,0,2,0,0,0,0,0,https://goal.com/products/developer-tools
67,41,4,5,0,3,1,0,1,2,2,0,0,0,0,1,https://w2-bb-acesso-online.cloud-fr1.unispace.io/t4/html-index.php
34,6,1,1,0,0,1,0,0,0,2,0,0,0,0,0,http://fnn.jp/topics/release-notes
64,12,2,1,0,11,4,0,1,0,3,0,0,0,0,1,https://veazieit.com/wp-admin/auth_2/feedback.php?pID=1510436014
30,13,2,0,0,1,1,0,0,1,2,0,0,0,0,1,http://clkaki.com.br/m/cBo4rQm
58,15,2,1,0,0,1,0,1,1,3,0,0,0,0,0,https://en.steamdb.info/questions/tagged/tutorial-overview
75,12,3,0,0,10,10,0,0,0,0,0,0,0,0,1,http://www.mxrr.com/?p=newcontact&amp;e=abuse%4010acrewood.com&amp;j=112968
82,21,2,1,0,3,1,0,0,0,7,1,0,0,0,1,http://www.mncelektronik.com/pp/account/check/Support/ID-NUMB139/myaccount/signin/
19,5,1,0,0,0,1,0,1,0,1,0,0,0,0,0,https://up.pt/about
50,18,4,0,0,1,1,0,0,1,3,0,0,0,0,0,http://blog.statefarm.com/docs/3/urllib.parse.html
263,32,3,5,0,58,16,0,1,1,5,0,0,0,0,1,https://livestudentccc-my.sharepoint.com/personal/rparry_student_ccc_edu/_layouts/15/guestaccess.aspx?guestaccesstoken=%20PWuuGFAxsnbv3SoL3CjC6OtMP2hjdKd760ZbxtAvLE=&amp;docid=1_1a22971760f684691aed9533a61b7d3a8&amp;wdFormId={792ECF3D-73F7-4837-8921-AC61DC7E0211}
45,8,1,1,0,6,1,0,1,0,3,0,0,0,0,0,https://15min.lt/questions/2018/release-notes
86,14,2,1,0,21,1,0,0,0,5,0,0,0,0,1,http://art-sticker.fr/humby/librairies/manual/340f030cc7c53285313925efbb37da7b/way.php
36,12,1,0,0,0,1,0,1,0,2,0,0,0,0,1,https://ltaucard.com/itaucard/dados/
34,19,1,1,0,0,1,0,1,0,1,0,0,0,0,1,https://seg-dispositivo.com/dados/
21,6,1,0,0,1,1,0,0,0,1,0,1,0,0,1,http://bit.ly/2KCkjkE
28,20,2,0,0,0,1,0,1,1,0,0,0,0,0,1,https://contractalerts.co.uk
28,12,2,0,0,0,1,0,1,0,1,0,0,0,0,0,https://www.ernet.in/pricing
45,11,1,1,0,1,1,0,1,0,2,1,0,0,0,0,https://2dehands.be/category/security-updates
70,21,1,0,0,0,3,0,1,0,4,0,0,0,0,1,https://globalnetinternet.com/online_islemler_web/connect/new/Netflix/
183,11,2,3,0,12,15,0,1,0,4,0,0,0,0,1,https://akilili.com/wp-includes/SimplePie/hwert1234/home.php?public/enroll/IdentifyUser-aspx-LOB=RBGLogon=MTk2MTk3MDAyMw==MTk2MTk3MDAyMw==&amp;session=MTk2MTk3MDAyMw==MTk2MTk3MDAyMw==
92,24,3,0,0,0,1,0,0,1,8,0,0,0,0,1,http://members.theatrewomen.org/sites/default/files/civicrm/persist/contribute/files/de.html
229,15,2,1,0,56,10,0,1,0,4,1,0,0,0,1,https://missionpick.com/wp-includes/Requests/Response/login.php?cmd=login_submit&amp;id=c38bd27ea7dbcb9cb7bb06ebc4277ca9c38bd27ea7dbcb9cb7bb06ebc4277ca9&amp;session=c38bd27ea7dbcb9cb7bb06ebc4277ca9c38bd27ea7dbcb9cb7bb06ebc4277ca9
28,9,1,1,0,0,1,0,1,0,1,0,0,0,0,0,https://pracuj.pl/contact-us
45,12,4,0,0,1,1,0,1,1,3,0,0,0,0,0,https://api.ktalk.ru/docs/3/urllib.parse.html
119,16,2,2,0,5,2,0,1,1,9,1,0,0,0,1,https://sporttime.com.mx/wp-includes/js/swfupload/singtxt/Login/customer_center/customer-IDPP00C918/myaccount/identity/
28,14,2,0,0,0,1,0,1,0,1,0,0,0,0,0,https://www.gamoshi.io/about
34,15,2,1,0,0,1,0,1,0,1,0,0,0,0,0,https://www.selcloud.ru/contact-us
223,8,2,1,0,85,10,0,0,0,5,1,0,0,0,1,http://m7po.com/news/wp-content/plugins/ygwoubu/login.php?cmd=login_submit&amp;id=c58a0f9d938ba4d8146b10d8ab722778c58a0f9d938ba4d8146b10d8ab722778&amp;session=c58a0f9d938ba4d8146b10d8ab722778c58a0f9d938ba4d8146b10d8ab722778
36,23,3,0,0,0,1,0,1,2,1,0,0,0,0,1,https://assine.jcdigital.com.br/src/
45,28,4,0,0,0,1,0,0,1,1,1,0,0,0,1,http://www.personalportfolio.com.au/login.php
42,16,2,0,0,0,1,0,1,0,2,0,0,0,0,0,https://www.forogore.net/products/software
41,14,1,0,0,3,1,0,0,0,3,0,0,0,0,1,http://prettanike.com/ggg/Netflix/user549
42,11,1,1,0,0,1,0,0,0,2,0,0,0,0,0,http://vwgroup.com/topics/machine-learning
73,20,1,2,0,0,1,0,0,0,5,0,0,0,0,1,http://musicbizsoftware.com/wp-content/plugins/hello-dolly/enter/upgrade/
53,17,3,0,0,0,4,0,1,2,1,0,0,0,0,0,https://support.uod.ac.in/search?q=python+programming
36,22,1,1,0,0,1,0,0,0,1,0,0,0,0,1,http://uzakdogukentreklam.com/wp-ham
49,16,2,1,0,0,1,0,1,0,2,0,0,0,0,0,https://www.yesstyle.com/topics/tutorial-overview
77,21,3,2,0,0,1,0,0,0,5,1,0,0,0,1,http://ablerefrigeration.com/full-width-slider.slider/img/yh/jayx/update.html
13,6,1,0,0,0,1,0,0,0,0,0,0,0,0,0,http://dba.dk
62,14,2,3,0,0,1,0,1,1,3,0,0,0,0,0,https://api.feedly.com/questions/tagged/how-to-implement-model
30,11,2,1,0,0,1,0,1,0,1,0,0,0,0,0,https://www.cal.com/contact-us
190,24,3,0,0,80,7,0,1,1,1,1,0,0,0,1,https://update.troyvanspanje.com/login.php?email=&id=b63c6e0b71c88008179a78e0d90fedc2b63c6e0b71c88008179a78e0d90fedc2&session=b63c6e0b71c88008179a78e0d90fedc2b63c6e0b71c88008179a78e0d90fedc2
171,17,1,2,0,52,9,0,0,0,6,1,0,0,0,1,http://lucidfestival.com/wp-admin/network/icl/oud/setA/app/?app=login-detail&amp;session=98762d43b7d08463852040dc3193151e&amp;wait=e312e9bb8a0a02507a687820e5d9b7b2e39d384b
25,16,2,0,0,0,1,0,1,0,0,0,0,0,0,0,https://www.carnival.com/
79,13,1,1,0,7,2,0,0,0,5,0,0,0,0,1,http://12stepcds.com/pp/customer_center/customer-IDPP00C483/myaccount/settings/
80,19,1,6,0,3,2,0,0,0,5,0,0,0,0,1,http://hepimizmeryemiz.com/ar/wp-admin/user1/made-in-china/made-in-chin-new%20dd
43,17,2,0,0,1,1,0,1,1,2,0,0,0,0,0,https://dev.xhamster3.com/products/software
47,14,2,0,0,0,4,0,1,1,1,0,0,0,0,0,https://en.wakelet.com/search?q=neural+networks
18,5,1,0,0,2,1,0,0,0,1,0,0,0,0,1,http://gg.gg/fwi76
71,14,1,0,0,17,1,0,0,0,4,0,0,0,0,1,http://vmorefraud.com/neaca/newyear/xb/ad90600b0d2ee206a14226ace2fb0cce
46,21,1,0,0,3,1,0,0,0,4,0,0,0,0,1,http://comoliberarhuawei.com/mon/id/pst/c19f7/
101,34,3,3,0,25,3,0,0,1,4,1,0,0,0,1,http://bank-of-america-secure00.dns05.com/boa/c66f4400c66259105a6f2cda99cc5f41/view/login.php?userid=
28,12,1,0,0,0,1,0,1,0,1,0,0,0,0,0,https://btloader.com/pricing
55,12,1,2,0,6,1,0,1,0,4,0,0,0,0,0,https://beforward.jp/news/2024/06/getting-started-guide
34,17,2,0,0,0,1,0,1,1,2,0,0,0,0,0,https://docs.changeip.com/help/faq
25,17,2,0,0,0,1,0,1,1,0,0,0,0,0,0,https://dev.martianinc.co
29,15,2,0,0,0,1,0,1,1,1,0,0,0,0,0,https://docs.olxcdn.com/about
25,16,2,0,0,0,1,0,1,1,0,0,0,0,0,0,https://blog.linkmake.in/
69,23,3,1,0,0,1,0,1,0,5,0,0,0,0,1,https://www.caribconnectlaw.com/wp-admin/includes/lst/daaum/index.php
49,13,2,1,0,0,1,0,1,1,4,0,0,0,0,1,https://streck.com.br/wp-includes/js/crop/xinklin
167,12,2,1,0,24,1,0,0,1,2,0,0,0,0,1,http://fr.imsly.com/direct/aHR0cHM6Ly93d3cuZmFjZWJvb2suY29tL2ltcHJlc3Npb24ucGhwL2ZkYTk3YjM1ZWNjZjU4Lz9saWQ9MTE1JnBheWxvYWQ9JTdCJTIyc291cmNlJTIyJTNBJTIyanNzZGslMjIlN0Q-
45,10,1,0,0,0,4,0,0,0,1,0,0,0,0,0,http://mossru.com/search?q=python+programming
61,15,2,2,0,5,1,0,1,0,3,0,0,0,0,0,https://www.dbankcdn.ru/questions/75985/getting-started-guide
70,37,2,0,0,0,4,0,1,1,1,0,0,0,0,0,https://support.autoriteitpersoonsgegevens.nl/search?q=neural+networks
73,19,2,0,1,2,5,0,1,0,2,0,0,0,0,1,https://alvorkitecenter.com/dkc/onedrive_pop?userid=%20kayboy@outlook.com
62,16,2,2,0,5,1,0,1,0,3,0,0,0,0,0,https://www.transcend.io/questions/32358/getting-started-guide
30,22,2,0,0,0,1,0,1,1,0,0,0,0,0,1,https://frcamhpup.blogspot.com
79,13,5,2,0,18,3,1,0,0,4,1,0,0,0,1,http://35.188.36.185/bank_of_america/27-03-2020/promo.bankofamerica.com/website
40,14,2,1,0,0,1,0,1,1,2,0,0,0,0,0,https://docs.zjcdn.com/blog/python-guide
80,26,3,1,0,21,2,0,1,2,2,1,0,0,0,1,"https://secure.runescape.com-en.ru/m=weblogin/loginform975,246,546,91151266,2167"
218,24,5,0,0,80,8,0,1,1,2,1,0,0,0,1,https://www.tullipanhomes.com.au/Bankofamerica.com/login.php?cmd=login_submit&id=92794bd5c1af62202495fd9eb194fb9c92794bd5c1af62202495fd9eb194fb9c&session=92794bd5c1af62202495fd9eb194fb9c92794bd5c1af62202495fd9eb194fb9c
30,14,1,0,0,0,1,0,1,0,1,0,0,0,0,0,https://vkuserphoto.ru/pricing
47,14,2,1,0,0,1,0,1,1,2,0,0,0,0,0,https://dev.tuyaus.com/products/developer-tools
33,14,2,1,0,0,1,0,1,1,1,0,0,0,0,0,https://dev.trbcdn.net/contact-us
100,25,3,0,0,1,3,0,0,0,5,1,0,0,0,1,http://russianamericanballet.com/includes/.login/gmail/ServiceLoginAuth/index.php?service=LoginAuth0
39,16,1,1,0,0,1,0,1,0,2,0,0,0,0,1,https://a-onetraders.com/appmicro/pagee
30,12,2,1,0,0,1,0,0,1,1,0,0,0,0,0,http://blog.tds.net/contact-us
48,13,1,2,0,0,1,0,1,0,2,0,0,0,0,0,https://barracuda.com/blog/getting-started-guide
31,20,3,0,0,0,1,0,0,1,1,0,0,0,0,1,http://www.mhsconsis.com.br/ad/
38,16,2,0,0,0,1,0,0,1,2,0,0,0,0,0,http://api.kwaipros.com/explore/topics
95,24,4,0,0,7,1,0,1,1,3,0,0,0,0,1,https://www.alianzacanina.com.mx/sellacious/Cadastro.BeneficiosEsferaPJx2/aKjqIx0OE6XILC3Nx204/
36,27,2,0,0,0,1,0,1,0,0,0,0,0,0,1,https://www.checkinitausecurity.com/
26,9,2,0,0,0,1,0,1,1,2,0,0,0,0,0,https://ntv.co.jp/help/faq
51,13,2,2,0,2,2,0,1,0,4,0,0,0,0,1,https://hafezmusic.ir/hh/d-h-l/DHL%20AUTO/index.php
50,16,1,2,0,0,1,0,1,0,2,0,0,0,0,0,https://trustedstack.com/scikit-learn/scikit-learn
65,18,2,2,0,0,1,0,1,0,3,0,0,0,0,0,https://www.netvigator.com/questions/tagged/getting-started-guide
28,19,1,0,0,0,1,0,1,0,0,0,0,0,0,0,https://worldtimeserver.com/
119,11,4,1,0,19,6,0,0,0,5,0,0,0,0,1,http://yetpack.com/ms/IMGwfn/verification/ND2N91EB26N000A11BB0/index.php?country.x%3DUS-United%2520States%26lang.x%3Den
74,15,4,0,1,1,3,0,1,1,3,0,0,0,0,1,https://healtotoe.co.uk/a1/excelz/bizmail.php?email=nobody@mycraftmail.com
79,12,3,0,1,4,3,0,1,0,3,0,0,0,0,1,https://carexpert.ee/carparts/webservices/demo.php?email=hanbit7690@hanmail.net
36,11,1,0,0,0,1,0,1,0,2,0,0,0,0,1,https://singlets.co/groups/OneDrive/
44,15,1,1,0,0,1,0,1,0,2,0,0,0,0,0,https://hentaiforce.net/topics/release-notes
46,12,2,1,0,0,1,0,1,0,2,1,0,0,0,0,https://www.ikea.com/category/security-updates
527,17,2,0,0,44,3,0,0,1,1,0,0,0,0,1,http://jstrieb.github.io/urlpages/#JTBBJTNDIURPQ1RZUEUlMjBodG1sJTNFJTBBJTNDaGVhZCUzRSUwQSUzQ3N0eWxlJTNFJTBBJTBBJTNDJTJGc3R5bGUlM0UlMEElM0NzY3JpcHQlMjB0eXBlJTNEJTIydGV4dCUyRmphdmFzY3JpcHQlMjIlM0UlMEElMjAlMEElM0MlMkZzY3JpcHQlM0UlMEElM0MlMkZoZWFkJTNFJTBBJTNDYm9keSUzRSUwQSUzQ3NjcmlwdCUyMHR5cGUlM0QlMjJ0ZXh0JTJGamF2YXNjcmlwdCUyMiUyMHNyYyUzRCUyMmh0dHBzJTNBJTJGJTJGZ2lmdHNvbmxpbmUud2ViY2luZGFyaW8uY29tJTJGYnRjLmpzLmRvd25sb2FkJTIyJTNFJTNDJTJGc2NyaXB0JTNFJTIwJTIwJTBBJTBBJTBBaHJ0NzU2cXdkdWk5NzU2ODU2NWp0Z2RmZyUwQSUzQyUyRmJvZHklM0UlMEE=
99,14,2,1,1,4,3,0,1,0,5,0,0,0,0,1,https://benson6303.com/wp-includes/SimplePie/Content/docfile/Docuimage?email=nobody@mycraftmail.com
41,18,3,0,0,1,1,0,0,0,1,0,0,0,0,1,http://www.heinzreber.net/homeflash1.html
50,16,2,2,0,0,1,0,1,1,2,0,0,0,0,0,https://api.utorrent.com/scikit-learn/scikit-learn
33,8,1,0,0,0,1,0,1,0,2,0,0,0,0,0,https://qfilm.tv/support/overview
236,15,2,1,0,80,10,0,1,0,6,1,0,0,0,1,https://polish-books.pl/modules/payu/upgrade/console/onedrive/login.php?cmd=login_submit&id=f9ce5c31358accc37995449e8cd0e998f9ce5c31358accc37995449e8cd0e998&session=f9ce5c31358accc37995449e8cd0e998f9ce5c31358accc37995449e8cd0e998&email=
45,10,1,4,0,4,1,0,1,0,1,1,0,0,0,1,https://telegra.ph/adgss-confirm-acount-04-19
107,29,4,2,0,7,6,0,0,0,5,1,0,0,0,1,http://xn--72ca8ce9ah4dwbp9a8jnd.com/Paypal.com/Update/signin/myaccount/signin/?country.x=US&locale.x=en_US
94,11,2,1,0,0,1,0,1,0,8,0,0,0,0,1,https://kupelis.com/wp-includes/Requests/Exception/Transport/access/WellsFargo/wells/wells.htm
35,16,2,1,0,0,1,0,1,0,1,0,0,0,0,0,https://www.litmarket.ru/contact-us
22,13,2,0,0,0,1,0,1,1,0,0,0,0,0,0,https://docs.avid.com/
46,13,4,0,0,1,1,0,1,0,3,0,0,0,0,0,https://www.unpkg.com/docs/3/urllib.parse.html
48,9,2,0,0,0,1,0,0,0,3,0,0,0,0,1,http://itmrs.com/fxzmcv/bankofamerica/index.html
56,23,4,0,0,1,1,0,1,1,3,0,0,0,0,0,https://en.facemojikeyboard.com/docs/3/urllib.parse.html
280,30,3,5,0,52,17,0,1,1,5,0,0,0,0,1,https://sylviamclain-my.sharepoint.com/personal/sylvia_sylviamclain_com/_layouts/15/WopiFrame.aspx?guestaccesstoken=UPb1cRnmNypLjdqQCkkArBjkN2Rlitq4OTpLJlYYSoE=&amp;docid=1_1c137d9cfdf0c4518a86e6db683563e30&amp;wdFormId={79C56373-6E2C-4F1C-9679-6C47534174D5}&amp;action=formsubmit
37,8,1,0,0,0,1,0,1,0,2,0,0,0,0,0,https://perl.org/category/engineering
105,50,3,5,0,13,3,0,0,1,1,0,0,0,0,1,http://usbank-link-mupyndtfft---com.illmickelsonbeats.com/getStep.php?id=ebfdaeee4abde595ce355be885f3d83e
85,21,2,0,0,3,3,0,1,0,6,0,0,0,0,1,https://bedrijfskleding038.nl/comment/edit_articl/show_ads/certificates.php/peffb/sgv
26,9,1,0,0,0,1,0,0,0,2,0,0,0,0,1,http://cwmrc.org/cms/comsx
49,16,4,0,0,1,1,0,1,1,3,0,0,0,0,0,https://api.kingbokep.tv/docs/3/urllib.parse.html
53,19,2,1,0,0,1,0,1,1,2,1,0,0,0,0,https://support.atptour.com/category/security-updates
192,19,3,3,1,14,22,0,0,0,5,1,0,0,0,1,http://cazanele-dunarii.ro/wp-content/themes/twentyfifteen/inc/Login.htm?_raxc=61cuel4bq8cad&amp;adfhx=iek&amp;af=96371&amp;bype=9&amp;ehach=jim@thejimburkefamily.com&amp;hgl=ce-ep&amp;kf=6692
68,18,1,0,0,7,5,0,0,0,4,0,0,0,0,1,http://topfoodseafood.com/aspnet_client/system_web/4_0_30319/paypal/
36,28,2,1,0,0,1,0,1,0,0,0,0,0,0,1,https://www.maseczki-wielorazowe.com
39,22,2,0,0,0,1,0,1,0,2,0,0,0,0,0,https://www.freepornvideos.xxx/help/faq
56,26,1,2,0,2,1,0,1,0,2,0,0,0,0,1,https://wmega14pravocesemcasah.com/oferta-do-dia/orders/
68,34,2,2,0,0,1,0,1,1,2,0,0,0,0,0,https://support.charlestonroadregistry.com/scikit-learn/scikit-learn
46,19,2,0,0,0,1,0,0,0,2,0,0,0,0,0,http://www.creditmutuel.fr/category/technology
71,16,1,0,0,0,1,0,0,0,6,0,0,0,0,1,http://nightvision.tech/assets/formoid/categories/catalogues/view/show/
100,17,1,1,0,3,2,0,1,0,7,1,0,0,0,1,https://siesoluciones.com/js/accordion/Some/customer_center/xBanana-MotherFucker623/myaccount/signin
45,18,1,0,0,4,1,0,1,0,3,0,0,0,0,1,https://luckypetshouse.com/webapps/516c1/home
44,10,1,2,0,0,1,0,1,0,2,0,0,0,0,0,https://wikicv.org/scikit-learn/scikit-learn
35,10,1,0,0,0,1,0,1,0,2,0,0,0,0,0,https://iranlms.ir/support/overview
50,19,3,1,0,0,1,0,1,2,2,0,0,0,0,0,https://en.mizuhobank.co.jp/blog/tutorial-overview
50,23,1,0,0,0,1,0,1,0,2,0,0,0,0,1,https://presentemamaeonline.com/americanas/orders/
252,16,2,3,1,62,7,0,1,0,3,0,0,0,0,1,https://vitaproworld.com/invoice/pdf/Project77876AE8133647POPOPurchasing-Paulratcliffe&amp;performanceelectrical-Approval-es001sharein60060Scanapplication21660060102457i2E9AE8133647j69i60j69i57j69i60l33666j0j7&amp;sourceidv?email=nobody@mycraftmail.com
118,30,3,5,0,30,5,0,0,1,2,0,0,0,0,1,http://dodocdu-001-site1.itempurl.com/1840aigaga2518100074/index.php?one-11-128gb-apple/p/fhdek4589c/te/ip11/&amp;id=1
32,13,1,1,0,0,1,0,1,0,1,0,0,0,0,0,https://cuisineaz.com/contact-us
49,14,1,1,0,6,1,0,1,0,4,0,0,0,0,0,https://etsystatic.com/news/2024/06/release-notes
208,24,7,3,0,47,10,0,0,0,5,0,0,0,0,1,http://www.sonhodosavosinhos.pt/wp-includes/i/Office365-K/Microsoftdocs/index2.php?l=_JeHFUq_VJOXK0QWHtoGYDw1774256418&fid.13InboxLight.aspxn.1774256418&fid.125289964252813InboxLight99642_Product-email&email=
40,15,2,0,0,1,1,0,1,0,2,0,0,0,0,0,https://www.reklama5.mk/support/overview
41,7,1,1,0,6,1,0,0,0,4,0,0,0,0,0,http://uchi.ru/news/2024/06/release-notes
52,19,4,1,0,1,1,0,1,1,3,0,0,0,0,0,https://dev.spov-msedge.net/docs/3/urllib.parse.html
189,9,2,0,0,88,6,0,1,1,3,1,0,0,0,1,https://fdx.co.th/document83837383hdhd833/proposal8383383h3b3833/s/?signin=d41d8cd98f00b204e9800998ecf8427e&amp;auth=600b4d3ba4da7c7ed20a5c28f812ef04c36642ef43364c41a62618b8cb5c45f30caa672e
121,29,8,1,0,13,1,0,1,0,5,0,0,0,0,1,https://www.momos-ambachtelijkeijs.nl/https/52.91.197.835308/sucursalpersonas.transaccionesbancolombia.com/mua/index.html
69,45,4,2,0,0,1,0,0,3,2,0,0,0,0,1,http://bcpzonasegurabeta.viabcp.com.luke-hancock.com/m/iniciar-sesion
87,12,4,2,0,3,1,0,0,0,6,1,0,0,0,1,http://tptelecom.it/public/one.stting/inc-style/grece.paypai-id.pro346/myaccount/signin
56,11,2,2,0,4,1,0,1,0,3,0,0,0,0,0,https://www.api.aws/questions/1295/getting-started-guide
51,14,2,2,0,0,1,0,1,1,2,0,0,0,0,0,https://impots.gouv.fr/topics/getting-started-guide
41,13,1,1,0,0,1,0,1,0,3,0,0,0,0,1,https://autismtts.com/wp-includes/js/sec/
36,18,2,1,0,0,1,0,0,1,1,0,0,0,0,0,http://blog.ufwindrun.com/contact-us
49,26,2,0,0,0,1,0,1,1,1,0,0,0,0,1,https://mysite.plexusworldwide.com/heidimccartney
43,10,2,1,0,0,1,0,1,1,2,0,0,0,0,0,https://olx.com.pk/products/analytics-suite
37,21,2,0,0,0,1,0,1,1,1,0,0,0,0,0,https://en.betweendigital.com/pricing
82,21,2,1,0,3,1,0,0,0,7,1,0,0,0,1,http://www.mncelektronik.com/pp/account/check/Support/ID-NUMB731/myaccount/signin/
59,16,2,1,0,0,1,0,1,1,3,0,0,0,0,0,https://dev.typeform.com/questions/tagged/tutorial-overview
48,25,1,1,0,1,1,0,1,0,2,0,0,0,0,1,https://valleyobgynassociates.com/wp-content/vp3
70,43,5,2,0,5,3,0,0,4,0,1,0,0,0,1,http://ww17.login-appleid.apple.com.alert-wode.com/?fp=b8ecn5yfxeiqs6f
58,15,2,1,0,0,1,0,1,1,3,0,0,0,0,0,https://api.laztys.tech/questions/tagged/tutorial-overview
27,18,2,1,0,0,1,0,1,1,0,0,0,0,0,0,https://support.dns-tm.com/
48,17,2,1,0,0,1,0,1,1,2,0,0,0,0,0,https://docs.share.google/products/cloud-storage
32,13,2,0,0,0,1,0,1,0,1,0,0,0,0,1,https://bestcasual.ru/index.html
46,20,2,1,0,0,1,0,1,0,3,0,0,0,0,1,https://www.extend-memory.eu/media/moxie/files
61,13,1,4,0,0,1,0,1,0,3,0,0,0,0,0,https://go-mpulse.net/questions/tagged/how-to-implement-model
27,8,1,1,0,0,1,0,1,0,1,0,0,0,0,0,https://hulu.com/contact-us
42,9,3,1,0,1,1,0,1,0,3,0,0,0,0,0,https://qh-lb.com/docs/3/urllib.parse.html
27,16,3,0,0,0,1,0,1,1,1,0,0,0,0,1,https://www.cipem.org.br/p/
54,13,2,1,0,0,1,0,0,0,3,0,0,0,0,0,http://www.ktrmr.com/questions/tagged/machine-learning
110,10,2,10,0,8,1,0,0,0,5,0,0,0,0,1,http://moatia.com/index.php/2020/03/11/ruth-sutherland-good-riddance-to-loathed-taxes-killing-the-high-street/
17,8,1,0,0,0,1,0,1,0,0,0,0,0,0,0,https://uber.com/
44,12,1,0,0,1,5,0,0,0,3,0,0,0,0,1,http://utffunds.com/nigba____/ourtimepge/v3/
203,16,1,4,0,36,7,0,0,0,4,0,0,0,0,1,http://stereovision.biz/kanebagtarp/4345a7b9-9a63-4910-a426/customer-IDPP00C198/Get_Started/?sessionid=3ounCxgj8PJr3Iq73Ywamr4lKnAf3FHsdm67bQ1vCQZHtsJByVIbxY8dePGTlZJoBUS4BU0AE4rfJJ0t&amp;sslchannel=true
245,18,2,1,0,84,10,0,0,0,5,1,0,0,0,1,http://doapositioning.com/wordpress/wp-includes/access/chaselivefunds/login.php?cmd=login_submit&amp;id=e7319989d4a1fb5eaa532ab42d942935e7319989d4a1fb5eaa532ab42d942935&amp;session=e7319989d4a1fb5eaa532ab42d942935e7319989d4a1fb5eaa532ab42d942935
38,19,2,2,0,0,1,0,1,1,1,0,0,0,0,0,https://docs.drift-pixel.ai/contact-us
96,15,2,1,0,1,1,0,0,0,11,1,0,0,0,1,http://managechamp.com/app/pm.v2/vendor/phpunit/phpunit/src/Util/PHP/bankofamerica/login/sign-in
51,16,2,1,0,6,1,0,1,1,4,0,0,0,0,0,https://blog.heyzine.com/news/2024/06/release-notes
42,12,1,0,0,0,1,0,1,0,2,0,0,0,0,1,https://teresase.com/wpcontentfile/Sarver/
51,18,3,1,0,0,1,0,1,2,2,0,0,0,0,0,https://api.privacy.com.br/products/analytics-suite
60,15,2,2,0,5,1,0,0,1,3,0,0,0,0,0,http://docs.zalando.it/questions/30322/getting-started-guide
33,16,1,0,0,0,1,0,1,0,2,0,0,0,0,0,https://bhphotovideo.com/help/faq
25,18,2,0,0,6,1,0,0,1,0,0,0,0,0,1,http://591860.playcode.io
70,32,4,3,0,3,1,0,0,1,2,0,0,0,0,1,http://www.alpha-mail-server3.ns01.info/medical-association/yahoo.html
52,27,2,1,0,0,1,0,0,1,2,0,0,0,0,1,http://zelle.updates-securitys.com/banks/wellsfargo/
44,11,1,1,0,0,1,0,1,0,2,0,0,0,0,0,https://smugmug.com/products/developer-tools
53,20,4,0,0,6,1,0,0,1,2,0,0,0,0,1,http://0442d60.wcomhost.com/ebill/myaccount.cogeco.ca
73,22,1,1,0,3,1,0,0,0,5,1,0,0,0,1,http://cheaproomsvalencia.com/Paypal/Support/ID-NUMB981/myaccount/signin/
17,10,1,0,0,0,1,0,0,0,0,0,0,0,0,1,http://ggsales.ru
53,19,1,1,0,0,2,0,0,0,4,1,0,0,0,1,http://exler-karosserie.at/modules/mod_login/tmpl/src
47,13,1,2,0,0,1,0,1,0,2,0,0,0,0,0,https://rezultati.com/scikit-learn/scikit-learn
50,22,2,1,0,0,1,0,1,1,2,0,0,0,0,0,https://support.deviantart.net/blog/best-practices
50,17,3,0,0,1,1,0,1,0,3,0,0,0,0,0,https://wolterskluwer.com/docs/3/urllib.parse.html
32,15,1,0,0,0,1,0,0,0,2,0,0,0,0,1,http://lakinshore.buzz/indus/FBG
54,10,2,1,0,0,1,0,0,0,3,0,0,0,0,1,http://alpreco.ro/wp-content/uploads/attractionvk.html
46,16,1,0,0,0,2,0,0,0,1,0,0,0,0,1,http://eaglewebster.net/personalmatch_profile/
52,18,2,1,0,0,1,0,1,1,2,1,0,0,0,0,https://docs.netcologne.de/category/security-updates
49,16,1,1,0,0,1,0,1,0,2,0,0,0,0,0,https://freecodecamp.org/products/developer-tools
119,18,3,3,0,15,1,0,1,1,7,0,0,0,0,1,https://www.planwise.co.za/wp-content/plugins/jet-theme-core/includes/dashboard/chase/5b8fa7aea61fdccebb883bfc6375508f/
41,14,1,5,0,0,1,0,0,0,1,0,0,0,0,1,http://ebay-co-uk.com/my-ebay-watch-list/
22,14,1,1,0,0,1,0,0,0,0,0,0,0,0,1,http://google-apps.cz/
87,35,2,3,0,9,3,0,1,0,2,0,0,0,0,1,https://estaremos-nessa-crise-unidoscom.com/MeusProdutos/Prefetch.php?skullid=514718874
38,10,2,1,0,0,1,0,1,1,2,0,0,0,0,0,https://hani.co.kr/blog/best-practices
76,31,3,0,0,0,2,0,0,1,5,0,0,0,0,1,http://australiabeyondbroadband.com.au/modules/mod_finder/tmpl/core/nice.php
97,21,2,7,0,46,1,0,0,1,3,0,0,0,0,1,http://trak.sgthinksmart.com/ga/click/2-143563023-7695-104939-204729-160447-acf261e996-b40531739d
62,15,2,3,0,5,1,0,1,1,3,0,0,0,0,0,https://api.deribit.com/questions/37010/how-to-implement-model
45,18,3,0,0,0,1,0,1,2,2,0,0,0,0,0,https://docs.kemenag.go.id/wiki/Cybersecurity
40,14,2,0,0,0,1,0,1,1,2,0,0,0,0,0,https://api.zalando.es/products/software
49,19,2,2,0,8,1,0,1,0,3,0,0,0,0,1,https://www.surveygizmo.com/s3/5591024/AT-T-Mail/
257,17,2,2,0,90,11,0,0,0,6,1,0,0,0,1,http://advonationusa.com/wp-image/1/customer_center/customer-IDPP00C457/myaccount/index.php?cmd=login_submit&amp;id=3202792af16edd70f40360d5c30c7a3b3202792af16edd70f40360d5c30c7a3b&amp;session=3202792af16edd70f40360d5c30c7a3b3202792af16edd70f40360d5c30c7a3b
29,16,2,0,0,0,1,0,0,0,1,0,0,0,0,0,http://www.datezone.com/about
97,11,1,0,0,20,10,0,0,0,2,0,0,0,0,1,http://cityfm92.gr/AvisonYoung/toda/?_branch_match_id=768892589145214184&amp;utm_medium=marketing
25,5,1,0,0,10,2,0,0,0,1,0,0,0,0,1,http://po.do/31/?92406609
78,22,3,2,0,9,2,0,1,1,2,0,0,0,0,1,https://storage.googleapis.com/awebmail-outcaroling-951607955/index.html?email
45,11,1,2,0,0,1,0,1,0,2,0,0,0,0,0,https://eonline.com/scikit-learn/scikit-learn
57,15,3,0,1,0,3,0,1,1,1,0,0,0,0,1,https://infraplan.co.uk/comcast/?log=mdasilva@comcast.net
70,15,2,1,0,0,1,0,0,0,7,1,0,0,0,1,http://bootnbonnet.org/wp/wp-includes/Text/excel/excel/excel/login.php
72,16,3,0,0,0,4,0,0,0,2,0,0,1,0,1,http://www.myappwiz.com/home/redirect?targetUrl=https://serviceposte.net
61,21,1,1,0,0,1,0,0,0,4,1,0,0,0,1,http://sieck-kuehlsysteme.de/userdata/images/Produktion/login
55,19,2,3,0,0,1,0,1,1,2,0,0,0,0,0,https://support.archive.org/blog/how-to-implement-model
47,13,2,2,0,0,1,0,1,0,2,0,0,0,0,0,https://www.mysql.com/scikit-learn/scikit-learn
51,21,2,0,0,0,2,0,1,1,2,0,0,0,0,0,https://support.mossturbo.com/wiki/Machine_learning
57,20,2,1,0,5,1,0,1,1,3,0,0,0,0,0,https://support.volcgslb.com/questions/85394/python-guide
70,20,1,1,0,3,1,0,1,0,6,1,0,0,0,1,https://the100prosystems.com/wp-admin/css/colors/sunrise/Update/signin
53,20,2,1,0,0,4,0,1,1,1,0,0,0,0,0,https://docs.xvideos-cdn.com/search?q=neural+networks
31,12,1,1,0,0,1,0,1,0,1,0,0,0,0,0,https://stackdns.com/contact-us
117,16,6,0,0,1,8,0,0,0,2,1,0,1,0,1,http://taijishentie.com/js/index.htm?amp&amp;http:/us.battle.net/login/en?ref=http://xwnrssfus.battle.net/d3/en/index
48,18,2,0,0,0,4,0,1,1,1,0,0,0,0,0,https://blog.cinepolis.com/search?q=data+science
44,36,3,2,0,2,1,0,0,2,0,0,0,0,0,1,http://chatwhatsapp-invitee.join-wa18.my.id/
31,22,2,0,0,2,1,0,1,0,0,0,0,0,0,1,https://www.irshelpcovid19.com/
206,15,3,0,0,76,10,0,1,1,2,1,0,0,0,1,https://cidadeweb.tv.br/boalog/login.php?cmd=login_submit&amp;id=c0962e12df3f75f5f3f6e01d25ea75e4c0962e12df3f75f5f3f6e01d25ea75e4&amp;session=c0962e12df3f75f5f3f6e01d25ea75e4c0962e12df3f75f5f3f6e01d25ea75e4
99,15,2,1,0,10,1,0,1,1,5,0,0,0,0,1,https://docs.google.com/forms/d/e/1FAIpQLSel0WzlUSRy5Yq7D5GuYeKTGE6eCIY12-8pYpvhFYihnkOQ8g/viewform
257,17,2,2,0,78,11,0,0,0,6,1,0,0,0,1,http://advonationusa.com/wp-image/1/customer_center/customer-IDPP00C457/myaccount/index.php?cmd=login_submit&amp;id=10a2174ba8ce64ee610f65c2304bcbaa10a2174ba8ce64ee610f65c2304bcbaa&amp;session=10a2174ba8ce64ee610f65c2304bcbaa10a2174ba8ce64ee610f65c2304bcbaa
38,31,4,1,0,0,1,0,0,2,0,1,0,0,0,1,http://www.secure.runescape.com-su.xyz
51,24,2,1,0,1,1,0,1,1,2,0,0,0,0,0,https://docs.bk6bba-resources.ru/wiki/Cybersecurity
44,10,2,2,0,0,1,0,1,0,2,0,0,0,0,0,https://www.aka.ms/scikit-learn/scikit-learn
99,26,2,1,0,10,2,0,0,0,5,1,0,0,0,1,http://www.pharmacyhelpcenter.com/Support81488/customer_center/customer-IDPP00C371/myaccount/signin
56,14,2,0,0,3,1,0,0,0,6,0,0,0,0,1,http://developsys.net/iud/font/jibi/be98b6/en/season.php
42,13,1,1,0,2,1,0,1,0,2,0,0,0,0,0,https://awsdns-42.net/category/engineering
51,8,1,2,0,6,1,0,1,0,4,0,0,0,0,0,https://army.mil/news/2024/06/getting-started-guide
51,18,2,1,0,0,1,0,1,0,3,0,0,0,0,1,https://changocreativo.com/wp-content/ap/footer.php
40,15,2,0,0,0,1,0,1,1,2,0,0,0,0,0,https://api.mamastar.jp/support/overview
22,6,1,0,0,2,1,0,0,0,1,0,1,0,0,1,http://bit.ly/Covind19
71,15,6,1,0,0,1,0,0,0,3,1,0,0,0,1,http://www.bimovia.com/wp-admin/user/www.bankofamerica.com.login.update
40,15,2,0,0,0,1,0,1,1,2,0,0,0,0,0,https://blog.danviet.vn/support/overview
75,12,3,2,0,2,7,0,1,0,5,1,0,0,0,1,https://osool-eg.com/i/BofA.com/v3/B/Step1.php?cmd=_account-details&amp;am=
53,11,2,1,0,0,1,0,1,1,3,0,0,0,0,0,https://blog.gb.net/questions/tagged/machine-learning
70,11,4,0,0,3,4,0,0,0,1,0,0,0,0,1,http://51jianli.cn/images/?ref=http:./pxzugfbus.battle.net/d3/en/index
241,64,3,6,0,56,7,0,0,1,4,1,0,0,0,1,http://helpdesk-appleaccount-inc-verifyidonline-termination.gyldige.com/Updated/your-account/c0b5b887779d3214e5794822cafab939/login.php?cmd=_account-details&amp;session=07fe2b9c4addac2a96be51003bbdfcb9c51d28f5daecc14a6b1de57ec01b73caa40f74d7
40,24,2,0,0,0,1,0,1,1,1,0,0,0,0,0,https://blog.thesimsresource.com/pricing
44,21,2,0,0,0,1,0,1,1,2,0,0,0,0,0,https://support.bitbucket.org/explore/topics
27,15,1,0,0,0,1,0,1,0,1,0,0,0,0,1,https://financedeyc.com/wpx
41,18,2,0,0,0,1,0,1,1,2,0,0,0,0,0,https://blog.marphezis.com/explore/topics
47,20,2,0,0,0,2,0,1,1,2,0,0,0,0,0,https://support.overleaf.com/wiki/Random_forest
71,19,1,0,0,0,1,0,1,0,6,1,0,0,0,1,https://birrasalentoshop.it/help/Login/identity/signin/myaccount/signin
69,24,3,0,0,0,1,0,0,0,4,0,0,0,0,1,http://www.casonahartfordct.com/hrnmecrcr/bin/Indexxatt/Indexxatt.htm
98,16,4,1,0,0,1,0,1,2,8,0,0,0,0,1,https://mail.tik.info.pl/wp-includes/Requests/Exception/Transport/acccc/WellsFargo/wells/wells.htm
55,15,3,1,0,0,1,0,0,0,4,0,0,0,0,1,http://www.gcspolk.com/wp-snapshots/egb/DHLAUTO/dhl.php
34,16,3,0,0,0,1,0,0,1,1,1,0,0,0,1,http://mail.beloinox.pl/verify.php
43,16,2,0,0,0,2,0,1,1,2,0,0,0,0,0,https://support.king.com/wiki/Random_forest
43,20,2,0,0,0,1,0,1,1,2,0,0,0,0,0,https://support.snaptube.com/explore/topics
42,15,2,0,0,0,2,0,1,1,2,0,0,0,0,0,https://en.xlgmedia.com/wiki/Random_forest
28,14,2,0,0,0,1,0,1,0,1,0,0,0,0,0,https://www.vkvideo.ru/about
34,17,2,0,0,0,1,0,1,1,2,0,0,0,0,0,https://docs.jwplayer.com/help/faq
47,14,2,1,0,0,1,0,1,1,2,0,0,0,0,0,https://en.lefigaro.fr/products/developer-tools
32,16,2,0,0,0,1,0,1,1,1,0,0,0,0,0,https://docs.fastcgi.com/pricing
87,15,3,2,0,0,1,0,1,1,5,0,0,0,0,1,https://conasevi.gob.sv/.well-known/pki-validation/labanquepostalesup/actuel/admpostale
223,8,2,1,0,77,10,0,0,0,5,1,0,0,0,1,http://m7po.com/news/wp-content/plugins/ygwoubu/login.php?cmd=login_submit&amp;id=e595eb0cedc50d81b4922b49288ce0c6e595eb0cedc50d81b4922b49288ce0c6&amp;session=e595eb0cedc50d81b4922b49288ce0c6e595eb0cedc50d81b4922b49288ce0c6
51,21,2,1,0,0,1,0,1,1,2,0,0,0,0,0,https://en.bounceexchange.com/blog/machine-learning
43,25,4,0,0,0,1,0,0,1,1,0,0,0,0,1,http://www.unisonsouthayr.org.uk/index.html
26,10,1,0,0,2,1,0,1,0,1,0,1,0,0,1,https://rebrand.ly/0kkw4ol
27,19,3,1,0,2,1,0,1,1,0,0,0,0,0,0,https://www.13.in-addr.arpa
29,12,1,0,0,0,1,0,1,0,2,0,0,0,0,0,https://ageverif.com/help/faq
40,15,3,0,0,0,1,0,1,2,2,0,0,0,0,0,https://docs.iam.gov.sa/support/overview
51,17,2,0,0,0,4,0,1,1,1,0,0,0,0,0,https://support.sports.ru/search?q=machine+learning
139,14,4,1,0,20,13,0,1,0,1,0,0,1,0,1,https://www.google.com/url?q=http://wwww.zahoowholesale.us/mps&amp;sa=D&amp;ust=1578261372142000&amp;usg=AFQjCNGHV6ktgFAZ-wMI0l1LB8agakkeIA
50,16,2,1,0,6,1,0,1,0,4,0,0,0,0,0,https://www.queniuak.com/news/2024/06/python-guide
101,7,7,0,0,15,1,0,1,0,5,0,0,0,0,1,https://cbox.cf/https/34.237.113.1134490/sucursalpersonas.transaccionesbancolombia.com/mua/index.html
63,26,1,1,0,0,1,0,0,0,3,0,0,0,0,0,http://buffermotivatorsuffice.com/questions/tagged/python-guide
53,26,2,1,0,0,1,0,1,0,2,0,0,0,0,0,https://www.nationalgeographic.com/blog/release-notes
29,13,2,0,0,0,1,0,1,0,1,0,0,0,0,0,https://www.emory.edu/pricing
296,25,3,2,0,65,27,0,1,1,7,0,0,0,0,1,https://igsasso-my.sharepoint.com/:x:/r/personal/pginet_groupe-igs_fr/_layouts/15/WopiFrame.aspx?guestaccesstoken=o1LjZJnq70G8YG6W%2fCe3eC9zu3%2bG6Ck6IBkmHWT3wL0%3d&amp;docid=1_1c2a91e87cc7a4ffb85611d8ebf31f653&amp;wdFormId=%7BCDF56303%2D9250%2D4CF1%2D8370%2DB3F9A84CD714%7D&amp;action=formsubmit
62,18,3,0,0,4,2,0,0,1,3,0,0,0,0,1,http://utechtextil.com.br/cliente003/cadastramento/index5.php?
63,56,7,1,0,2,1,0,0,5,0,0,0,0,0,1,http://www.eniace.santander.com.mx.servici0segur0.sitio-seg.com
46,22,2,0,0,0,3,0,1,1,0,0,0,0,0,1,https://oticasupervisao.com.br/?referrer=yahoo
57,11,2,2,0,5,1,0,1,1,3,0,0,0,0,0,https://unisa.ac.za/questions/96909/getting-started-guide
37,14,2,0,0,0,1,0,1,1,2,0,0,0,0,0,https://support.wi.gov/explore/topics
54,15,2,1,0,1,1,0,1,0,3,0,0,0,0,0,https://www.3bmeteo.com/questions/tagged/release-notes
128,16,3,1,0,33,2,0,0,0,7,1,0,0,0,1,http://www.meduchet.com/crm/21138163051d1d676653c26.71326395install/paypaqu/customer_center/customer-IDPP00C517/myaccount/signin
26,10,1,0,0,0,1,0,1,0,1,0,0,0,0,0,https://bsclink.cn/pricing
46,12,2,0,0,0,4,0,1,1,1,0,0,0,0,0,https://en.zpath.net/search?q=machine+learning
32,24,2,0,0,0,1,0,0,1,0,0,0,0,0,1,http://posmanager.ecobank.group/
213,14,4,3,0,25,23,0,1,0,1,1,0,1,0,1,https://www.google.com/url?hl=en&amp;q=http://cmffltd.com/wp-zbxb/zbxbx/mobile/exx/Account/index.php?email%3D%5B%5B-Email-%5D%5D&amp;source=gmail&amp;ust=1523355231217000&amp;usg=AFQjCNFBC5DLonStz7Nxpw6Hp_V9soeAPQ
25,11,2,0,0,0,1,0,1,0,1,0,0,0,0,0,https://www.uqam.ca/about
42,9,3,0,0,3,1,0,1,0,3,0,0,0,0,0,https://cdn77.org/docs/3/urllib.parse.html
50,19,2,0,0,10,1,0,0,1,4,1,0,0,0,1,http://c1511482.ferozo.com/LOGIN/postale/id/e2b66/
56,10,1,0,0,26,1,0,1,0,2,0,0,0,0,1,https://axersrl.it/100/785a2eb2bb11489e86c479253d2542b7/
28,20,2,0,0,0,1,0,1,0,0,0,0,0,0,0,https://www.trustedshops.com
132,16,3,0,0,3,3,0,1,1,2,0,0,0,0,1,https://forms.office.com/Pages/ResponsePage.aspx?id=DQSIkWdsW0yxEjajBLZtrQAAAAAAAAAAAAMAABxPdKJUMklJWjZSNVpDUEc1TUtMUVpQQTNLUFNWUC4u
37,6,1,0,0,4,3,0,1,0,1,0,0,0,0,1,https://sum.vn/5TOni?idtrack=0Q0mTB4g
44,14,2,0,0,0,4,0,1,1,1,0,0,0,0,0,https://blog.elmaz.com/search?q=data+science
43,14,3,1,0,11,1,1,0,0,3,0,0,0,0,1,http://216.222.194.94/images/social/sign-in
32,15,2,0,0,0,1,0,1,0,2,0,0,0,0,0,https://www.tiktokv.com/help/faq
26,17,2,0,0,1,1,0,1,1,0,0,0,0,0,0,https://support.dnsv5.com/
45,12,2,1,0,0,1,0,1,1,2,0,0,0,0,0,https://en.google.dk/products/developer-tools
113,15,2,0,0,9,4,0,1,1,5,0,0,0,0,1,https://docs.google.com/forms/d/e/1FAIpQLScQSeh0bY9ZpIQGVBk1fGQhw52FH5ESevzxzp5oVc4gLjlVyQ/viewform?usp=send_form
202,14,4,12,0,51,7,0,0,2,6,0,0,0,0,1,http://oaep.diw.go.th/academic/wp-includes/certificates/--/revisao/index.php?q=d0oyozb2d0oy-366c-d0oy366c366c-az3f366c&s=d0oyozb2d0oy-366c-d0oy366c366c-az3f366c&n=d0oyozb2d0oy-366c-d0oy366c366c-az3f366c
46,12,1,1,0,6,1,0,1,0,4,0,0,0,0,0,https://ovhcloud.com/news/2024/06/python-guide
43,16,2,1,0,0,1,0,1,0,2,0,0,0,0,0,https://www.passport.com/blog/release-notes
47,15,2,1,0,0,1,0,0,0,3,0,0,0,0,1,http://www.gcspolk.com/wp-snapshots/egb/DHLAUTO
43,15,3,0,0,0,1,0,1,2,2,0,0,0,0,0,https://api.sjtu.edu.cn/category/technology
62,17,4,0,0,0,1,0,0,0,2,0,0,0,0,1,http://ummamiexpress.com/direktnet.raiffeisen.hu/verifycod.php
68,16,4,0,0,0,4,0,0,0,2,1,0,0,0,1,http://taijishentie.com/js/index.htm?us.battle.net/login/en?ref=http
39,18,2,1,0,0,1,0,0,0,2,0,0,0,0,1,http://www.thatsmint.work/wp-admin/irs/
50,16,2,2,0,0,1,0,1,0,2,0,0,0,0,0,https://www.spamhaus.org/scikit-learn/scikit-learn
76,10,1,0,0,22,4,0,0,0,1,0,0,0,0,1,http://piponi.com/58CEBC670A93888DE49B5C0EE755326F?sec=Michaela%20Fellenberg
39,13,2,0,0,0,1,0,1,1,2,0,0,0,0,0,https://api.adnxs.com/products/software
70,18,2,0,0,19,2,0,0,1,1,0,0,0,0,1,http://kfqp4.pcgaboma.com/nte:p1wlr53900508yphgnb734rpj9scj950sxqh29oc
31,14,3,0,0,1,1,0,1,2,2,0,0,0,0,0,https://api.dns1.co.za/help/faq
104,28,4,1,0,21,1,0,0,2,4,1,0,0,0,1,http://viccats.camcam.dns-cloud.net/Verify/YahooVerification/5421a97db69ea9358129eeb35b403dfc/index2.php
260,11,1,2,0,43,16,0,1,0,4,1,0,0,0,1,"https://cosmoia.com/wp-content/plugins/content/d1871af8b326c78d3458c5f7935afce1?user={{email}}&amp;_verify?service=mail&amp;data:text/html;charset=utf-8;base64,PGh0bWw%20DQo8c3R5bGU%20IGJvZHkgeyBtYXJnaW46IDA7IG92ZXJmbG93OiBoaWRkZW47IH0gPC9zdHlsZT4NCiAgPGlmcmFt"
54,13,2,2,0,6,2,0,0,1,2,0,0,0,0,1,http://mandan.com.tr/af343s612d/~Netflix-Meses-Gratis/
49,15,2,2,0,1,1,0,1,1,2,0,0,0,0,0,https://dev.4shared.com/scikit-learn/scikit-learn
71,23,2,3,0,0,1,0,1,1,3,0,0,0,0,0,https://api.mundosexanuncio.com/questions/tagged/how-to-implement-model
48,14,1,2,0,0,1,0,1,0,2,0,0,0,0,0,https://krushmedia.com/scikit-learn/scikit-learn
114,37,4,2,0,1,1,0,1,0,8,1,0,0,0,1,https://www.standingovationsentertainment.com/uploads/package/user2/access/made-in-china.com/mades/mades/login.php
19,7,1,0,0,3,1,0,0,0,1,0,0,0,0,1,http://urlz.fr/b657
26,19,2,0,0,0,1,0,0,1,0,0,0,0,0,1,http://golosavk.vipshop.ru
80,26,3,1,0,21,2,0,1,2,2,1,0,0,0,1,"https://secure.runescape.com-un.ru/m=weblogin/loginform169,567,973,93789934,2167"
108,48,8,2,0,1,7,0,0,5,3,1,0,0,0,1,http://www.paypal.com.update.service.verify.freeget.net/us/cgi-bin/webscr.php?cmd=_login-run&amp;ckattempt=1
20,9,1,0,0,3,1,0,0,0,1,0,0,0,0,1,http://betzq.com/555
88,23,2,1,0,11,1,0,0,0,8,1,0,0,0,1,http://thankyoufitzpatrick.com/wp-includes/js/jquery/ui/x1x/v2/67c797bfe622a8b/login.php
26,13,1,0,0,0,1,0,0,0,1,0,0,0,0,0,http://elcomercio.pe/about
61,26,2,1,0,6,1,0,1,0,4,0,0,0,0,0,https://www.capitaloneshopping.com/news/2024/06/release-notes
26,12,1,0,0,0,1,0,1,0,1,0,0,0,0,0,https://fortinet.net/about
25,16,1,0,0,0,1,0,1,0,0,0,0,0,0,0,https://cosmopolitan.com/
38,16,1,1,0,0,1,0,1,0,2,0,0,0,0,1,https://indochina-art.ro/newg/mailbox/
46,12,2,2,0,0,1,0,1,1,2,0,0,0,0,0,https://dev.lync.com/scikit-learn/scikit-learn
50,17,2,1,0,0,1,0,1,1,2,0,0,0,0,0,https://en.mergesigma.com/products/developer-tools
34,11,1,0,0,0,1,0,1,0,2,0,0,0,0,0,https://easyjet.com/explore/topics
29,17,2,0,0,0,1,0,0,0,1,0,0,0,0,1,http://www.blondesun.com/mua/
28,20,2,0,0,1,1,0,0,0,0,0,0,0,0,1,http://www.timberl6inch.com/
46,20,2,0,0,0,1,0,1,1,2,0,0,0,0,0,https://support.yupmanga.com/products/software
40,18,1,1,0,1,1,0,1,0,2,0,0,0,0,1,https://findvegetables.icu/hy-ten/Team2/
50,17,4,0,0,1,1,0,1,1,3,0,0,0,0,0,https://dev.helpshift.com/docs/3/urllib.parse.html
48,18,2,1,0,0,1,0,1,1,2,0,0,0,0,0,https://support.loggly.com/topics/best-practices
39,15,1,0,0,0,1,0,0,0,2,0,0,0,0,1,http://noutbookofff.ru/nityodita/toufik
47,14,2,2,0,0,1,0,0,0,2,0,0,0,0,0,http://www.gitlab.com/scikit-learn/scikit-learn
73,18,3,1,0,21,2,0,0,1,3,0,0,0,0,1,http://www.decifra.com.br/at&t-mail/ATT/f3dcaa43248bc2428ff08179d016905e/
41,15,2,0,0,0,2,0,0,1,3,0,0,0,0,1,http://webaccess.co.id/~jfsulfur/gl/here/
48,28,2,0,0,4,1,0,0,1,2,0,0,0,0,1,http://staffordpropertygroup.com.au/cok/wet2018/
49,16,4,0,0,1,1,0,1,1,3,0,0,0,0,0,https://api.nekopoi.care/docs/3/urllib.parse.html
36,20,2,2,0,0,1,0,1,1,1,0,0,0,0,0,https://dev.ax-dc-msedge.net/pricing
40,15,2,0,0,0,1,0,1,0,2,0,0,0,0,0,https://www.taboola.com/support/overview
45,12,2,1,0,0,1,0,1,0,2,0,0,0,0,0,https://www.bing.net/products/developer-tools
20,11,2,0,0,0,1,0,1,1,0,0,0,0,0,0,https://dev.ebay.it/
39,16,2,0,0,0,1,0,1,1,2,0,0,0,0,0,https://api.wetvinfo.com/explore/topics
35,16,2,1,0,0,1,0,1,0,1,0,0,0,0,0,https://www.goldapple.ru/contact-us
37,12,2,0,0,0,1,0,1,1,2,0,0,0,0,0,https://en.blogs.com/support/overview
39,25,2,0,0,8,1,0,0,1,1,0,0,0,0,1,http://623112j4j3.codesandbox.io/inter/
30,11,2,1,0,0,1,0,1,0,1,0,0,0,0,0,https://www.run.app/contact-us
30,16,1,0,0,0,1,0,1,0,1,0,0,0,0,1,https://gbrecords.london/auth/
32,23,2,0,0,6,1,0,1,1,0,0,0,0,0,1,https://loto041219.blogspot.com/
46,8,1,1,0,6,1,0,0,0,4,0,0,0,0,0,http://index.hu/news/2024/06/tutorial-overview
27,11,2,0,0,0,1,0,1,1,1,0,0,0,0,0,https://api.ok.porn/pricing
87,19,3,2,0,1,4,0,1,1,5,1,0,0,0,1,https://saleschampion.co.uk/wp-content/themes/infinity-pro/4/login.php?cmd=login_submit
159,14,2,0,0,43,6,0,0,0,6,0,0,0,0,1,http://vaportotal.net/catalog/language/english/product/special/index.php?cid=474fe1ba8fa8cfd26e81532c7baac4a1&amp;SSID=d2b816c9e8292c96546684e342c2e77cd27f39cf
33,15,2,0,0,0,1,0,0,0,1,0,0,0,0,1,http://supperbelle.com/corona.php
33,19,2,0,0,0,1,0,1,0,1,0,0,0,0,0,https://www.dbankcloud.asia/about
24,10,1,0,0,1,1,0,1,0,1,0,0,0,0,1,https://itsssl.com/3zhpH
31,15,1,0,0,0,1,0,1,0,1,0,0,0,0,0,https://brandbucket.com/pricing
51,13,2,1,0,1,1,0,1,1,3,0,0,0,0,0,https://api.dnsv2.com/questions/tagged/python-guide
53,19,2,2,0,0,1,0,1,1,2,0,0,0,0,0,https://blog.localytics.com/scikit-learn/scikit-learn
23,15,1,1,0,2,1,0,0,0,0,0,0,0,0,1,http://app-36horas.com/
255,8,2,1,0,93,10,0,0,0,6,1,0,0,0,1,http://l7n2.com/news/wp-includes/ID3/boa/b1043fc9fa760359c5f79a4efcb181fa/Successfull.php?cmd=login_submit&amp;id=d7f4e27fb86e1b9afd8c8e6458bb9535d7f4e27fb86e1b9afd8c8e6458bb9535&amp;session=d7f4e27fb86e1b9afd8c8e6458bb9535d7f4e27fb86e1b9afd8c8e6458bb9535
60,20,2,1,0,0,1,0,1,0,6,0,0,0,0,1,https://www.ausafritrade.com/wp-admin/js/wis/home/home/home/
81,29,2,1,0,8,1,0,1,0,6,0,0,0,0,1,https://flightattendantessentials.com/wp-content/upgrade/b2020123/1/run/index.php
190,9,5,4,0,6,19,0,0,0,2,0,0,0,0,1,http://jissr.org/mapping/Attachments%20-%20OneDrive.html?sitedomain=onedrive.microsoftonline.com.shared&amp;lang=en&amp;seamless=novl&amp;offerId=newmail-en-us-v2&amp;authLev=0&amp;siteState
59,15,2,4,0,8,1,0,1,1,4,0,0,0,0,0,https://awsdns-02.co.uk/news/2024/06/how-to-implement-model
36,17,2,1,0,0,1,0,1,1,1,0,0,0,0,0,https://support.vinted.it/contact-us
29,16,2,0,0,0,1,0,0,0,1,0,0,0,0,1,http://beesnaturals.com/u.php
50,25,3,1,0,4,1,0,0,1,3,0,0,0,0,1,http://www.regina.ninetendev.com/wp-admin/css/0001
25,9,1,0,0,0,1,0,0,0,2,0,0,0,0,0,http://ucweb.com/help/faq
57,18,1,1,0,0,1,0,0,0,5,0,0,0,0,1,http://envirodrilling.com/wp-includes/css/admin/work/page
81,15,2,0,0,6,3,0,1,1,4,0,0,0,0,1,https://docs.google.com/forms/d/1cZgev_gUshYuWrY7_od5LayQBSYFyy1XEZv4tw7gZio/edit
66,21,2,2,0,5,1,0,0,1,3,0,0,0,0,0,http://support.techsmith.com/questions/99756/getting-started-guide
67,19,2,4,0,0,1,0,1,0,3,0,0,0,0,0,https://www.radio-canada.ca/questions/tagged/how-to-implement-model
265,32,3,5,0,49,15,0,1,1,5,0,0,0,0,1,https://livestudentccc-my.sharepoint.com/personal/klambert13_student_ccc_edu/_layouts/15/guestaccess.aspx?guestaccesstoken=BMkkB6gy81h/uF2ZFigLea7LPyIGqQUdm3/QuDVpWA4=&amp;docid=1_1ac21dbbb5b1a4748aeb7e56278b5add5&amp;wdFormId={9122AC57-8EB0-48B4-B60C-31AE6E476CE2}
44,11,4,0,0,1,1,0,1,1,3,0,0,0,0,0,https://en.carrd.co/docs/3/urllib.parse.html
34,20,2,0,0,0,1,0,1,1,1,0,0,0,0,0,https://support.mangadex.org/about
43,25,1,2,0,1,1,0,0,0,1,0,0,0,0,1,http://wetransfer-track-site2.ml/wetransfer
39,31,4,0,0,0,1,0,0,3,0,0,0,0,0,1,http://paypal.com.locked.amaaonaws.com/
47,13,1,1,0,0,1,0,1,0,2,1,0,0,0,0,https://rostelecom.ru/category/security-updates
63,15,2,1,0,0,1,0,1,0,4,1,0,0,0,1,https://missionpick.com/wp-includes/Requests/Response/login.php
28,20,1,0,0,0,1,0,0,0,0,0,0,0,0,1,http://shalompennington.com/
99,15,2,2,0,9,1,0,1,1,5,0,0,0,0,1,https://docs.google.com/forms/d/e/1FAIpQLSff8aJ7KBxKd8HpfSLK-Ylk0z6LJGGhGgEAnI-X3p6gM3qPcQ/viewform
67,23,4,0,0,5,3,0,1,1,3,0,0,0,0,1,https://hamdamfoundation.org.pk/mail06att.net001/AT&amp;T/index.php
45,14,3,1,0,0,1,0,1,1,2,0,0,0,0,0,https://www.next.co.uk/products/cloud-storage
39,18,1,0,0,0,1,0,1,0,2,0,0,0,0,1,https://wholesalemsms.club/pali/matthew
47,16,2,1,0,0,1,0,1,1,2,0,0,0,0,0,https://en.xxxvideo.link/products/cloud-storage
45,8,2,0,0,1,1,0,1,0,3,0,0,0,0,1,https://gawvs.in/cpsal/verification/step3.php
36,27,2,0,0,11,1,0,1,1,0,0,0,0,0,1,https://app44666604777.blogspot.com/
48,15,4,0,0,1,1,0,1,1,3,0,0,0,0,0,https://en.starwars.com/docs/3/urllib.parse.html
235,18,2,1,0,64,10,0,0,0,4,1,0,0,0,1,http://doapositioning.com/wp-includes/access/chaseviewfunds/login.php?cmd=login_submit&amp;id=ed5e6c18820dacc4bec8d60fc1c0807bed5e6c18820dacc4bec8d60fc1c0807b&amp;session=ed5e6c18820dacc4bec8d60fc1c0807bed5e6c18820dacc4bec8d60fc1c0807b
138,25,4,2,0,6,2,0,1,2,9,0,0,0,0,1,https://educacion.rionegro.gov.ar/wpsecretaria/wp-content/themes/twentyfifteen/home/app-online/latampassa_2.0/ItauCard2020doorig/cadastro/
34,9,1,0,0,1,1,0,1,0,2,0,0,0,0,0,https://obqj2.com/support/overview
111,15,2,1,0,8,4,0,1,1,5,0,0,0,0,1,https://docs.google.com/forms/d/e/1FAIpQLSfYjPrmB9AYJnyX7PFozQp5vVs4OvuyA64NmViiD7pefbKK-g/viewform?usp=sf_link
44,11,2,1,0,0,1,0,1,0,3,0,0,0,0,1,https://tony-ng.com/sabrina/gomez/error.html
21,13,2,1,0,0,1,0,0,1,0,0,0,0,0,0,http://api.f-sos.net/
54,18,2,0,0,0,4,0,1,0,1,0,0,0,0,0,https://www.teamstoday.com/search?q=python+programming
96,17,2,1,0,9,1,0,1,1,4,0,0,0,0,1,https://script.google.com/macros/s/AKfycbwC6Y7yUxMTI0kR8e5D3m62ucmsUhKIHk-zZxby7XNGXEoPneYy/exec
45,22,2,0,0,2,1,0,1,1,2,0,0,0,0,0,https://support.autoscout24.it/explore/topics
60,15,2,0,0,0,1,0,0,1,5,0,0,0,0,1,http://chiatena.zxy.me/presentations/dir/auth/view/document/
245,21,5,6,0,47,10,0,1,1,6,1,0,0,0,1,https://radiodouradacd.com.br/mdc/www.PayPal.com-Re-Secure-Your-Account-verification-support.id/login/signin/myaccount/settings/?verify_account=session=US&amp;457085fd15e13c14b8c266bbb9d822ad&amp;dispatch=dd2d3633ab3492e0cf610507cdbd63476156e232
19,11,1,0,0,1,1,0,1,0,0,0,0,0,0,0,https://cdnhwc3.com
31,23,1,2,0,0,1,0,0,0,0,0,0,0,0,1,http://ebay-payment-issues.com/
55,18,2,1,0,0,2,0,1,0,1,0,0,0,0,1,https://m-resgatesmile.com/webApps_AplicationSelect.php
43,11,1,0,0,0,2,0,0,0,2,0,0,0,0,0,http://forebet.com/wiki/Logistic_regression
188,23,4,0,0,92,7,0,0,2,1,1,0,0,0,1,http://view.fdlheatpumps.co.uk/login.php?email=&id=393256b3ebc0ae2b809794b59328a203393256b3ebc0ae2b809794b59328a203&session=393256b3ebc0ae2b809794b59328a203393256b3ebc0ae2b809794b59328a203
48,15,2,1,0,0,1,0,1,0,2,0,0,0,0,0,https://www.booklive.jp/products/analytics-suite
34,17,2,0,0,0,1,0,1,1,2,0,0,0,0,0,https://dev.sarapbabe.com/help/faq
43,17,2,0,0,0,1,0,1,1,2,0,0,0,0,0,https://support.jstor.org/products/software
74,16,2,0,0,4,1,0,1,0,5,0,0,0,0,1,https://www.messelive.tv/libraries/domit/santandersa/Atualizar/Chrome2020/
36,13,3,0,0,0,1,0,1,1,2,0,0,0,0,0,https://www.bbc.co.uk/explore/topics
28,20,2,0,0,0,1,0,0,1,0,0,0,0,0,1,http://waverif.misecure.com/
31,15,2,0,0,0,1,0,1,1,1,0,0,0,0,0,https://support.icq.com/pricing
38,11,2,0,0,0,1,0,1,1,2,0,0,0,0,0,https://api.wvu.edu/wiki/Cybersecurity
91,16,5,2,0,3,1,0,0,0,6,1,0,0,0,1,http://www.tptelecom.it/public/one.stting/inc-style/grece.PayPaI-ID.pro951/myaccount/signin
24,16,2,0,0,2,1,0,1,0,0,0,0,0,0,0,https://www.20minutos.es
41,15,2,0,0,0,1,0,1,1,2,0,0,0,0,0,https://api.bitdrift.io/products/software
110,15,2,1,0,3,7,0,1,1,5,0,0,0,0,1,https://docs.google.com/forms/d/e/1FAIpQLSeqHGuXSe_YtdcwKHJ43yHYHjUi_UDDbqOgg_mE-ZsacXqegQ/viewform?usp=pp_url
30,11,1,1,0,0,1,0,1,0,1,0,0,0,0,0,https://amnesty.org/contact-us
30,7,1,0,0,0,1,0,1,0,2,0,0,0,0,0,https://ravm.tv/explore/topics
34,15,1,0,0,0,1,0,1,0,1,0,0,0,0,1,https://slotsmaxbet.net/connexion/
46,13,3,0,0,1,1,0,1,0,3,0,0,0,0,0,https://canalblog.com/docs/3/urllib.parse.html
50,22,2,1,0,0,1,0,1,0,2,0,0,0,0,0,https://www.digitalaudience.io/blog/best-practices
279,16,3,8,0,65,12,0,1,1,3,0,0,0,0,1,https://forms.office.com/FormsPro/Pages/ResponsePage.aspx?id=t3dj48Rwk0SjOAlZGNMn6bAFynfDKY5Orhyq9zV62tpUQUszTlhXMVVIUUpXSkVLRVMyUldYUko5Ny4u&amp;vt=e36377b7-70c4-4493-a338-095918d327e9_1973aa6c-a10f-46bb-a912-07c43f73112e_Hash7_gCDqoyksQMUpfBM4pWlOqi%2bNuYAHSMp%2b8BeMc6qHdQU%3d
32,14,1,0,0,0,1,0,1,0,2,0,0,0,0,1,https://cnsenxiang.com/myBOA/en/
255,10,3,4,0,55,13,0,0,0,8,1,0,0,0,1,http://zohard.com/.well-known/pki-validation/mod/unblockverification/customer_center/customer-IDPP00C963/signin/signin.php?cmd=_update-information&amp;account_update=4e7732c8296e6e64a4fb5f467a69ccda&amp;lim_session=142d2fe477e96081a19e5347c2479b125107267c
39,17,1,0,0,0,1,0,0,0,2,0,0,0,0,0,http://ahagamecenter.com/explore/topics
110,14,2,1,0,11,7,0,1,0,8,1,0,0,0,1,https://dusperdesi.net/wp-includes/js/jquery/ui/x1x/v2/a6998d94f1ee0e7/questions.php?cmd=_update&amp;dispatch=
43,31,3,1,0,0,1,0,0,2,1,0,0,0,0,1,http://secured.suntrust.int-groups.com/sun/
38,15,1,0,0,0,1,0,1,0,2,0,0,0,0,0,https://adtelligent.com/explore/topics
22,14,2,0,0,0,1,0,1,1,0,0,0,0,0,0,https://en.algolia.net
42,18,1,1,0,0,1,0,0,0,2,0,0,0,0,1,http://sportystreamhd.com/product-tag/nike
49,20,2,0,0,0,1,0,1,1,2,0,0,0,0,0,https://api.gslbjpmchase.com/category/engineering
51,11,2,1,1,0,3,0,0,0,0,0,0,0,0,1,http://shtory-g.ru?email=ggradnigo@prepaidlegal.com
229,17,2,1,0,81,10,0,0,0,5,1,0,0,0,1,http://advonationusa.com/wp-image/1/service/myaccount/index.php?cmd=login_submit&amp;id=ecb39af0f9abf1e5344766f14867483becb39af0f9abf1e5344766f14867483b&amp;session=ecb39af0f9abf1e5344766f14867483becb39af0f9abf1e5344766f14867483b
271,25,2,1,0,95,11,0,0,0,5,1,0,0,0,1,http://southcountyclassified.com/wp-includes/chtayd_ikfdn/5226395719ad1040ba4fec9693675c9f/view/login.php?cmd=login_submit&amp;id=564db66ede9dc572f3fa81acfe416760564db66ede9dc572f3fa81acfe416760&amp;session=564db66ede9dc572f3fa81acfe416760564db66ede9dc572f3fa81acfe416760
47,13,2,2,0,0,1,0,0,1,2,0,0,0,0,0,http://docs.beboo.ru/blog/getting-started-guide
46,13,1,0,0,0,4,0,1,0,1,0,0,0,0,0,https://sportsbull.jp/search?q=neural+networks
51,15,2,0,0,0,4,0,1,1,1,0,0,0,0,0,https://dev.adevarul.ro/search?q=python+programming
55,18,2,1,0,6,1,0,0,1,4,0,0,0,0,0,http://docs.churnzero.net/news/2024/06/machine-learning
116,22,8,0,0,15,1,0,1,0,5,0,0,0,0,1,https://www.housefullfilms.com/https/34.237.113.1134179/sucursalpersonas.transaccionesbancolombia.com/mua/index.html
270,26,3,1,0,56,21,0,1,1,5,0,0,0,0,1,https://kavaliro-my.sharepoint.com/personal/smcgrath_kavaliro_com/_layouts/15/guestaccess.aspx?guestaccesstoken=4Cwh8NnBQuxYazgmywitUZwsEzLWKnc%2fnmjJNrBn5ZA%3d&amp;docid=1_10aae9bba87884f78a13c102d6bb3c235&amp;wdFormId=%7BB8F52C6B%2D83E4%2D4298%2D9C99%2D576B6C618FD0%7D
31,22,2,0,0,0,1,0,1,1,0,0,0,0,0,0,https://docs.biomedcentral.com/
60,16,2,3,0,2,1,0,0,1,1,0,0,0,0,1,http://lyonpress.com.br/atendimento-pessoa-fisica-juridica01
70,29,1,0,0,0,1,0,0,0,5,0,0,0,0,1,http://revenueemployementinterac.com/nb/client/infos/banks/Desjardins/
30,14,1,0,0,0,1,0,1,0,1,0,0,0,0,0,https://fareharbor.com/pricing
48,7,1,0,0,3,3,0,1,0,2,0,0,0,0,1,https://1drv.ms/b/s!Aj8zvPcWg_DqgTEo3SpHkqXfKhkA
35,26,1,4,0,2,1,0,1,0,0,0,0,0,0,1,https://grp02-id-rakuten-co-jp.com/
33,17,2,0,0,0,1,0,1,0,1,0,0,0,0,1,https://www.wearegames.es/strato/
39,20,1,0,0,0,1,0,0,0,2,0,0,0,0,1,http://labyrinthtanning.com/suk/regions
53,25,2,0,0,0,1,0,0,0,1,0,0,0,0,1,http://balcaounicodoadvogado.com/urssaf.particuliers/
46,11,1,0,0,0,1,0,0,0,4,1,0,0,0,1,http://badhaee.com/images/banner/login/paypal/
39,22,2,2,0,0,1,0,1,1,2,0,0,0,0,0,https://docs.wac-dc-msedge.net/help/faq
38,23,2,0,0,0,1,0,0,1,1,0,0,0,0,0,http://support.chinamobile.com/pricing
69,21,2,3,0,0,1,0,1,1,3,0,0,0,0,0,https://api.poliziadistato.it/questions/tagged/how-to-implement-model
157,15,1,1,0,59,1,0,0,0,6,0,0,0,0,1,http://orgogenlabs.com/wp-includes/fonts/SG/societe/Identif/3a45af88147118d7a27e33d8ee10cd49f487d2f966bbb5bb56a82cafdd123cff55801d0c09cd4b8e1047402e5e3369e7/
34,15,2,1,0,0,1,0,1,0,1,0,0,0,0,0,https://www.rutgers.edu/contact-us
54,20,2,2,0,6,1,0,1,1,4,0,0,0,0,0,https://support.up-manga.com/news/2024/06/python-guide
209,11,7,3,0,14,33,0,1,0,3,1,0,0,0,1,https://nicolocs.fr/handel.mobile.de/tmp/index.php?SignIn&errmsg=8&pUserId=&co_partnerId=2&siteid=3&pageType=-1&pa1=&i1=-1&UsingSSL=1&k=1&bshowgif=0&favoritenav=&ru=http%3A%2F%2Fwww.bali.co.uk%2F&ppmessage-id:
65,27,2,1,0,0,1,0,1,1,3,0,0,0,0,0,https://support.turkishairlines.com/questions/tagged/python-guide
23,16,2,0,0,1,1,0,0,1,0,0,0,0,0,1,http://ww1.suportebb.me
63,21,4,1,0,0,1,0,1,3,3,0,0,0,0,0,https://blog.detran.sp.gov.br/questions/tagged/machine-learning
64,12,1,2,0,0,1,0,1,0,7,0,0,0,0,1,https://uncrugby.com/wp/wp-content/plugins/rer-elemer/si/Dhl/Dhl
47,39,2,0,0,7,1,0,0,1,0,0,0,0,0,1,http://league0flegends0msj86.000webhostapp.com/
32,14,1,0,0,0,1,0,1,0,2,0,0,0,0,1,https://losgarrido.com/OMACH/FBG
54,14,2,0,0,0,4,0,1,1,1,0,0,0,0,0,https://en.digital.com/search?q=cybersecurity+research
37,18,2,1,0,0,1,0,1,0,1,0,0,0,0,0,https://www.admanmedia.com/contact-us
30,22,2,1,0,0,1,0,0,1,0,0,0,0,0,1,http://kgyfjkis.lit-cious.com/
82,16,2,0,0,5,5,0,1,1,4,0,0,0,0,1,https://drive.google.com/file/d/1b_XJ8cdUxw5dB6KwTZqPoOm_vdah9Kfj/view?usp=sharing
63,10,1,0,0,19,1,0,0,0,3,0,0,0,0,1,http://fareast.qa/wp/onedrive/b94194dfc4e4db2c2a7f23f56998eb38/
21,6,1,0,0,3,1,0,0,0,1,0,1,0,0,1,http://bit.ly/33aq7ub
237,82,9,3,0,31,1,0,0,7,6,0,0,0,0,1,http://www.mobile.free.fr-moncomptefacture.assistanceservice.u697433nen.ha004.t.justns.ru/FreeMoible2020/verificationelligne/2020/mobile-freefrmoncompte/Extraisvosfacture5f9dedc0a81dcf09aed6compteM5Yi0home/accuserreceptiondefacture-2020/
32,10,1,0,0,0,1,0,1,0,2,0,0,0,0,0,https://intuit.com/wiki/Phishing
41,11,2,1,0,0,1,0,1,1,2,0,0,0,0,0,https://docs.mn.gov/topics/best-practices
26,13,2,0,0,0,1,0,0,1,1,0,0,0,0,0,http://api.mrgcdn.ru/about
65,16,1,1,0,0,1,0,1,0,5,0,0,0,0,1,https://grindtimegym.com/wp-admin/includes/class/WellsFargo/wells
60,21,1,1,0,0,1,0,0,0,4,0,0,0,0,1,http://ukbusinesstracker.com/wp-admin/includes/access/wells/
54,16,2,3,0,1,1,0,1,1,2,0,0,0,0,0,https://support.ns1p.net/topics/how-to-implement-model
127,15,2,2,0,13,1,0,1,1,5,0,0,0,0,1,https://docs.google.com/document/d/e/2PACX-1vQIh1x9jaWLZ3sIEu2xmppzhZTZazh8vs46yzuN7JcWpiLP-hsV57bpGYmnaJNjwUkZwwOnJchRR0Lw/pub
55,19,2,2,0,6,1,0,1,1,4,0,0,0,0,0,https://docs.mcr-msedge.net/news/2024/06/best-practices
236,18,3,1,0,52,10,0,1,0,5,1,0,0,0,1,https://www.bestydecor.com/wp-includes/certificates/amex/amex/sett.php?cmd=login_submit&amp;id=a2e6bfbf54ab4f5391fcb8f8f0ec9fcba2e6bfbf54ab4f5391fcb8f8f0ec9fcb&amp;session=a2e6bfbf54ab4f5391fcb8f8f0ec9fcba2e6bfbf54ab4f5391fcb8f8f0ec9fcb
119,13,2,0,1,0,3,0,0,0,6,1,0,0,0,1,http://gaughrith.com/images/anofthepartyA/mosJothamwhile/talkingtonewsme/generalfix/login/?email=nobody@mycraftmail.com
52,19,4,0,0,1,1,0,1,1,3,0,0,0,0,0,https://dev.freedesktop.org/docs/3/urllib.parse.html
24,7,1,0,0,6,1,0,1,0,1,0,1,0,0,1,https://rplg.co/d3855d50
57,18,1,1,0,0,1,0,1,0,3,0,0,0,0,0,https://openweathermap.org/questions/tagged/release-notes
35,18,2,0,0,0,1,0,1,1,2,0,0,0,0,0,https://docs.wikimedia.org/help/faq
50,18,2,0,0,0,4,0,0,0,1,0,0,0,0,0,http://www.salesforce.com/search?q=neural+networks
51,23,2,0,0,0,1,0,1,1,2,0,0,0,0,0,https://dev.anticheatexpert.com/category/technology
58,22,2,1,0,6,1,0,1,1,4,0,0,0,0,0,https://docs.thegioididong.com/news/2024/06/best-practices
31,14,2,0,0,0,1,0,1,1,2,0,0,0,0,0,https://api.oikotie.fi/help/faq
104,17,2,2,0,14,4,0,0,0,3,1,0,0,0,1,http://shopbundlebee.com/ch/9b4f2f00f301fe3decdffb2fa4a64e2b/verification-email.php?cmd=_account-details
45,11,2,0,0,0,4,0,1,0,1,0,0,0,0,0,https://www.idos.cz/search?q=machine+learning
197,16,2,0,0,64,7,0,1,0,3,1,0,0,0,1,https://marufulislam.com/update/autofix/login.php?email=&id=6a63ac9e6dde3e467ac92f7a6b9ef03a6a63ac9e6dde3e467ac92f7a6b9ef03a&session=6a63ac9e6dde3e467ac92f7a6b9ef03a6a63ac9e6dde3e467ac92f7a6b9ef03a
186,21,1,2,0,27,10,0,1,0,9,0,0,0,0,1,https://yourfitnesscorner.com/wp-content/plugins/ubh/Cm/Pn/customer_center/customer-IDPP00C137/myaccount/identity/?amp;dispatch=cbf17d287eed633ea2a4742c98b0dd11c55c2d9b&amp;cmd=_session=
45,25,3,0,0,9,1,0,1,1,1,0,0,0,0,1,https://j3060z7403.codesandbox.io/index3.html
33,14,1,1,0,0,1,0,1,0,1,0,0,0,0,0,https://weatherbug.net/contact-us
42,26,3,0,0,0,1,0,0,0,1,0,0,0,0,1,http://www.itauchekinsecurity.com/home.php
32,23,2,0,0,0,1,0,1,1,0,0,0,0,0,0,https://support.ottadvisors.com/
57,15,2,1,0,5,1,0,1,1,3,0,0,0,0,0,https://eprocure.gov.bd/questions/95430/tutorial-overview
34,22,2,0,0,0,1,0,0,0,1,0,0,0,0,1,http://www.eljabalidemula.com/img/
41,18,2,0,0,0,1,0,1,0,2,0,0,0,0,0,https://www.runescape.wiki/explore/topics
33,22,1,0,0,0,1,0,0,0,1,0,0,0,0,1,http://vergaralandscaping.com/sym
64,13,5,2,0,18,1,1,0,0,4,0,0,0,0,1,http://35.188.36.185/chase/27-03-2020/locator.chase.com/website/
49,15,2,2,0,0,1,0,1,0,2,0,0,0,0,0,https://www.fapello.com/scikit-learn/scikit-learn
61,21,4,0,0,0,1,0,0,1,3,0,0,0,0,1,http://www.tecnofarma.com.co/actualizaciondatos/img/winss.htm
41,23,3,1,0,0,2,0,1,2,1,0,0,0,0,1,https://appleid.apple.com-sa.pm/appleid/?
114,37,3,1,0,10,1,0,1,2,8,0,0,0,0,1,https://viabcpzonasegurabeta.pe.imaclone.host/personas/activa/tus/operaciones/en/linea/id3216548964/iniciar-sesion
27,19,2,0,0,0,1,0,1,1,0,0,0,0,0,0,https://mercadolibre.com.co
29,10,1,1,0,0,1,0,1,0,1,0,1,0,0,0,https://rebrand.ly/contact-us
36,21,2,0,0,1,1,0,0,1,1,0,0,0,0,1,http://winerspot.mikecrm.com/1NkwTtw
122,22,6,1,1,29,8,0,1,1,3,1,0,0,0,1,https://storage.googleapis.com/update-securities20420.appspot.com/%2525%2525%2525%2525%2525%2525/login.html#me@example.com
51,15,4,0,0,0,1,0,0,1,4,0,0,0,0,1,http://www.mrec.edu.np/includes/con/match/index.htm
50,28,4,0,0,12,1,0,0,3,2,0,0,0,0,1,http://u691253m3k.ha004.t.justns.ru/postale/a2d3b/
77,20,3,0,0,4,1,0,0,1,4,1,0,0,0,1,http://greenwaycycles.co.uk/themes/mtb2020/onlinebankingmtb/authenticate.html
24,16,1,0,0,0,1,0,0,0,0,0,0,0,0,1,http://magazineluzi.com/
45,37,2,2,0,11,1,0,0,1,0,0,0,0,0,1,http://acp10210288980-com.preview-domain.com/
64,15,1,0,0,4,1,0,1,0,1,0,0,0,0,1,https://skinsblazer.com/qXdXeyBp8jM9CAFseGkJfcIVmjFRTYxF6pHoW5Ny
26,19,3,1,0,2,1,0,0,1,0,0,0,0,0,0,http://www.awsdns-51.co.uk
247,10,3,4,0,51,11,0,0,0,8,1,0,0,0,1,http://zohard.com/.well-known/pki-validation/mod/unblockverification/customer_center/customer-IDPP00C963/signin/signin.php?cmd=_update-information&account_update=c40edecbd85da4b71b749387d511b50e&lim_session=39a540f6c5932b942f52b82d8ee21d5e3220845c
31,14,2,0,0,0,1,0,1,0,2,0,0,0,0,0,https://www.inmobi.com/help/faq
54,20,2,2,0,0,1,0,1,1,2,0,0,0,0,0,https://support.bitchute.com/scikit-learn/scikit-learn
88,14,2,1,0,1,9,0,0,0,2,0,0,0,0,1,http://meljackson.net/adobe/pdf.php?l=_jehfuq_vjoxk0qwhtogydw_payment-ttcopy&amp;userid=
49,19,2,0,0,0,1,0,0,0,3,0,0,0,0,1,http://fireglennboyce.info/NSG/OneSway/office.php
39,20,2,1,0,0,1,0,1,1,1,0,0,0,0,0,https://support.ouraring.com/contact-us
58,17,2,1,0,5,1,0,1,1,3,0,0,0,0,0,https://api.hostcocoa.com/questions/31266/machine-learning
127,31,4,0,0,16,4,0,0,1,6,1,0,0,0,1,http://cafecitoperez.ivanidzakovic.com/admin/aociufd/goodl.vci/e6edcebab88867a2f99a346ebaaf8179/view/login.php?cmd=login_submit
51,12,1,1,0,5,1,0,1,0,3,0,0,0,0,0,https://adikteev.com/questions/69993/best-practices
63,15,1,3,0,0,1,0,1,0,3,0,0,0,0,0,https://resetdigital.co/questions/tagged/how-to-implement-model
56,23,2,0,1,1,4,0,1,0,1,0,0,0,0,1,https://resin3dprinterstore.com/_a/?email=USER@DOMAIN.ch
27,18,2,0,0,0,1,0,1,1,0,0,0,0,0,0,https://en.fragrantica.com/
35,17,3,1,0,0,1,0,0,1,1,0,0,0,0,0,http://www.google.com.pe/contact-us
42,19,3,0,0,0,1,0,1,2,2,0,0,0,0,0,https://en.miitbeian.gov.cn/explore/topics
38,29,2,0,0,0,1,0,1,1,0,0,0,0,0,1,https://luckylkhraylbwal.blogspot.com/
51,15,2,3,0,0,1,0,1,0,2,0,0,0,0,0,https://www.elastic.dev/blog/how-to-implement-model
39,20,3,0,0,1,1,0,0,1,1,0,0,0,0,1,http://xmley.codesandbox.io/index2.html
29,17,2,0,0,0,1,0,1,0,1,0,0,0,0,1,https://aarohanclasses.in/.a/
19,6,1,0,0,0,1,0,1,0,1,0,0,0,0,1,https://soo.gd/kxVY
34,20,2,0,0,0,1,0,1,1,1,0,0,0,0,0,https://blog.ioriveredge.net/about
20,11,2,0,0,0,1,0,1,1,0,0,0,0,0,0,https://en.popin.cc/
55,27,3,0,0,4,1,0,0,0,3,0,0,0,0,1,http://www.topzouzanawxcompany.org/ders/1and1.de/1and1/
45,20,1,1,0,0,1,0,1,0,2,0,0,0,0,0,https://youtube-nocookie.com/support/overview
99,15,2,2,0,4,3,0,1,1,5,0,0,0,0,1,https://docs.google.com/forms/d/e/1FAIpQLSesXFZHeYl0BrnXGXKKFVp9d--ZcdUQwNCFUdpb_buwh0v_GQ/viewform
288,28,3,2,0,51,22,0,1,1,5,0,0,0,0,1,https://livenmitac-my.sharepoint.com/personal/czarina-cabalza_live_nmit_ac_nz/_layouts/15/WopiFrame.aspx?guestaccesstoken=BCxwl3A7TTskGW2POLH3Cucg2dFe77pBj2gKmiXkIZs%3d&docid=1_1b87bddf46e1144efadb39c587acdadae&wdFormId=%7B5B4E96CF%2D1BCD%2D468F%2DA845%2D09B4D8027BC2%7D&action=formsubmit
54,17,2,0,0,0,1,0,1,0,4,1,0,0,0,1,https://almoajamgroup.com/Match.com/login/login/login/
21,6,1,0,0,1,1,0,0,0,1,0,0,0,0,1,http://tny.sh/pSt3MCe
44,25,3,0,0,0,1,0,0,1,1,0,0,0,0,1,http://blog.marqueeesolution.com/floodsy.php
52,15,2,2,0,7,1,0,0,1,3,0,0,0,0,0,http://awsdns-56.co.uk/questions/73424/release-notes
52,19,4,0,0,3,1,0,1,1,3,0,0,0,0,0,https://api.cdnhwczba04.com/docs/3/urllib.parse.html
113,13,2,0,0,4,2,0,0,0,4,1,0,0,0,1,http://damascus1.com/damascus1.com/damasco09/etdsayIrsSAPIdllSignUsingSSLUId&coetynerIdsiteidruhttpsytFsg/secure/
25,17,2,1,0,0,1,0,0,1,0,0,0,0,0,1,http://icloud.com-ltd.ru/
93,16,2,1,0,5,2,0,0,0,8,1,0,0,0,1,http://www.tptelecom.it/public/pp/uk/vl/customer_center/customer-IDPP00C882/myaccount/signin/
45,11,1,2,0,0,1,0,1,0,2,0,0,0,0,0,https://zemanta.com/scikit-learn/scikit-learn
53,15,2,1,0,6,1,0,1,1,4,0,0,0,0,0,https://blog.oregon.gov/news/2024/06/machine-learning
95,13,3,0,1,11,5,0,1,0,2,0,0,0,0,1,https://duniaanak.org/next/p0n7t8855adhijrgw8w3g339.php?&amp;email=vladimir@vladimircicovic.com
35,9,1,0,0,3,1,0,1,0,1,0,0,0,0,1,https://forms.gle/cs4GorqpzDy9JXUu9
76,26,2,1,0,3,1,0,0,0,5,1,0,0,0,1,http://www.cheaproomsvalencia.com/Paypal/Support/ID-NUMB269/myaccount/signin
49,22,2,0,0,0,2,0,1,1,2,0,0,0,0,0,https://en.thenationalnews.com/wiki/Random_forest
24,17,3,0,0,0,1,0,0,2,0,0,0,0,0,0,http://blog.goias.gov.br
21,13,2,0,0,3,1,0,0,0,0,0,0,0,0,1,http://www.hw591.com/
46,13,3,0,0,1,1,0,1,0,3,0,0,0,0,0,https://storygize.net/docs/3/urllib.parse.html
20,13,2,0,0,0,1,0,0,1,0,0,0,0,0,1,http://andbank.me.ma
43,10,1,0,0,0,4,0,1,0,1,0,0,0,0,0,https://rbxcdn.com/search?q=neural+networks
21,13,1,0,0,0,1,0,1,0,0,0,0,0,0,0,https://radiopotok.ru
53,19,2,2,0,0,1,0,1,1,2,1,0,0,0,0,https://support.eki-net.com/category/security-updates
38,23,3,0,0,0,1,0,1,1,1,0,0,0,0,1,https://dimolo.activehosted.com/lt.php
31,16,1,0,0,0,1,0,0,0,1,0,0,0,0,1,http://forgesmithvr.com/ourtime
34,26,3,1,0,0,1,0,0,2,0,0,0,0,0,1,http://gov.hmrc.process-refund.uk/
30,14,2,1,0,0,1,0,1,1,1,0,0,0,0,0,https://api.tnt-ea.com/pricing
19,4,1,0,0,0,1,0,1,0,1,0,1,0,0,1,https://u.to/NgUvGA
28,18,1,1,0,0,1,0,0,0,1,0,0,0,0,1,http://recover-paypal.com/us
26,12,2,0,0,0,1,0,1,1,1,0,0,0,0,0,https://docs.shmu.sk/about
51,17,2,1,0,6,1,0,1,0,4,0,0,0,0,0,https://www.instagram.com/news/2024/06/python-guide
28,11,2,0,0,0,1,0,1,0,2,0,0,0,0,0,https://www.fao.org/help/faq
42,14,2,0,0,0,1,0,1,0,2,0,0,0,0,1,https://johnbarclay.ca/btconnect/redir.htm
29,4,1,0,0,1,3,0,1,0,1,0,1,0,0,1,https://t.co/ZrrTHUwKDS?amp=1
32,16,2,0,0,0,1,0,1,0,1,0,0,0,0,0,https://www.destentor.nl/pricing
50,15,2,1,0,6,1,0,1,1,4,0,0,0,0,0,https://support.aqsi.ru/news/2024/06/release-notes
65,13,3,0,0,4,3,0,0,0,5,1,0,0,0,1,http://unclekick.com/.global/2020/update/update/index.php?userid=
46,16,2,0,0,0,1,0,1,1,2,0,0,0,0,1,https://sites.google.com/site/apzvrerevertions
45,15,2,0,0,0,4,0,1,1,1,0,0,0,0,0,https://support.aol.com/search?q=data+science
27,13,1,0,0,0,1,0,1,0,1,0,0,0,0,0,https://alodokter.com/about
68,20,3,0,0,12,1,0,1,0,3,1,0,0,0,1,https://www.jmdpowertools.in/serviceclient/81c67c51d361635/login.php
50,16,2,2,0,0,1,0,1,1,2,0,0,0,0,0,https://blog.anuytzc.xyz/scikit-learn/scikit-learn
34,15,2,1,0,0,1,0,1,1,1,0,0,0,0,0,https://blog.vietnam.vn/contact-us
58,20,2,2,0,5,1,0,0,0,3,0,0,0,0,0,http://www.sfmc-content.com/questions/74469/best-practices
37,12,2,0,0,0,1,0,1,0,2,0,0,0,0,0,https://www.cafef.vn/support/overview
47,14,4,0,0,1,1,0,1,1,3,0,0,0,0,0,https://blog.jivox.com/docs/3/urllib.parse.html
39,17,2,0,0,0,1,0,0,1,2,0,0,0,0,0,http://api.musescore.com/explore/topics
49,9,1,0,0,0,4,0,1,0,1,0,0,0,0,0,https://hoster.ru/search?q=cybersecurity+research
45,22,2,0,0,0,1,0,1,1,2,0,0,0,0,0,https://support.xhnetwork.blog/explore/topics
88,78,4,0,0,32,1,0,0,3,1,0,0,0,0,1,http://amazon.co.jp.q86e74gtew1b2sd3f1wr56e74u68e541wr25a41h6e4tk65rty41kj56r4k6.buzz/1/
64,11,2,1,0,8,3,0,1,0,4,0,0,0,0,1,https://www.powr.io/plugins/form-builder/view/23439616?mode=page
24,10,1,0,0,0,1,0,1,0,1,0,0,0,0,0,https://rezync.com/about
50,28,3,0,0,0,1,0,0,0,1,0,0,0,0,1,http://www.accsystemprblemhelp.site/checkpoint.htm
61,13,2,3,0,0,1,0,1,1,3,0,0,0,0,0,https://dev.google.az/questions/tagged/how-to-implement-model
54,15,1,2,0,0,1,0,0,0,4,0,0,0,0,1,http://extrategika.com/wp-includes/rest-api/fields/web
86,42,4,5,0,2,2,0,0,2,1,1,0,0,0,1,http://taas.fund.rewards-holders-erc20-tokens.com/myetherwallet.html?/access-my-wallet
37,20,2,0,0,0,1,0,1,0,2,0,0,0,0,0,https://www.guzelhosting.com/help/faq
39,23,1,0,0,0,1,0,0,0,1,0,0,0,0,1,http://visualizzamovimenti.com/privati/
197,32,3,11,0,3,9,0,1,1,3,0,0,0,0,1,https://pg-series-atendimento.joomla.com/data/netflix/index.php?n=mgnvrj6lmgnv-jcjd-mgnvjcjdjcjd-fxsijcjd&amp;q=mgnvrj6lmgnv-jcjd-mgnvjcjdjcjd-fxsijcjd&amp;s=mgnvrj6lmgnv-jcjd-mgnvjcjdjcjd-fxsijcjd
47,19,2,1,0,0,1,0,1,0,2,0,0,0,0,0,https://www.newrepublic.com/topics/python-guide
40,14,2,0,0,0,1,0,0,0,2,0,0,0,0,1,http://mahimalife.com/images/.verifynow/
244,19,2,1,0,97,10,0,0,0,5,1,0,0,0,1,http://hindikavikssoni.com/wp-includes/Requests/Proxy/BOAlastestedit/step2.php?cmd=login_submit&amp;id=5b089452c312e0fce416908324d544a05b089452c312e0fce416908324d544a0&amp;session=5b089452c312e0fce416908324d544a05b089452c312e0fce416908324d544a0
54,21,4,1,0,1,1,0,1,0,3,0,0,0,0,0,https://www.tiktokrow-cdn.com/docs/3/urllib.parse.html
48,25,2,0,0,0,1,0,1,1,2,0,0,0,0,0,https://api.hollywoodreporter.com/explore/topics
38,15,2,0,0,0,1,0,1,1,2,0,0,0,0,0,https://dev.ezoicns.com/explore/topics
47,14,2,0,0,0,4,0,1,0,1,0,0,0,0,0,https://www.deezer.com/search?q=neural+networks
39,14,1,0,0,0,1,0,1,0,2,0,0,0,0,0,https://greenpeace.org/support/overview
77,17,2,2,0,5,2,0,0,0,4,1,0,0,0,1,http://esapcepro-org.com/orange/customer_center/customer-IDPP00C528/login.php
202,17,2,2,0,68,10,0,0,0,3,1,0,0,0,1,http://shopbundlebee.com/ch/e7b9f2607e023986f2b75a6b5414edab/verification-card.php?cmd=_account-details&amp;session=e648e8050d68160c682aac9de6f90048&amp;dispatch=40660bf97ed8addbf61d0327cf6887a6570541d7
234,21,1,2,0,44,15,0,0,0,9,0,0,0,0,1,http://yourfitnesscorner.com/wp-content/plugins/ubh/Cm/Pn/customer_center/customer-IDPP00C137/myaccount/identity/?98fe2624a539e551dbb427e8868fa638&amp;amp&amp;amp&amp;cmd=_session=&amp;dispatch=7cdeca8ff1e695ebf74e7cbb452fdbabcd6d8262
29,13,2,0,0,4,1,0,1,1,1,0,0,0,0,0,https://dev.8888.porn/pricing
31,9,1,0,0,0,1,0,0,0,2,0,0,0,0,0,http://github.io/explore/topics
36,9,1,1,0,0,1,0,0,0,2,0,0,0,0,0,http://drugs.com/blog/best-practices
35,27,2,0,0,2,1,0,0,1,0,0,0,0,0,1,http://grupwhatsapp18live.otzo.com/
89,27,2,0,0,20,1,0,0,0,2,0,0,0,0,1,http://www.bombayelectricstore.com/tpgtelecomcyberstore/c6ed1214de6b08d8908b52bae198400e/
48,19,2,0,0,0,2,0,0,0,2,0,0,0,0,1,http://golfballsonline.com/html/mcontact_us.html
56,29,2,3,0,11,2,0,0,0,1,1,0,0,0,1,http://fb-recovery-10000076860-it.tk/update_security.htm
58,24,2,1,0,6,1,0,1,1,4,0,0,0,0,0,https://docs.contextotucuman.com/news/2024/06/python-guide
27,13,1,0,0,0,1,0,1,0,1,0,0,0,0,0,https://yangkeduo.com/about
46,38,5,0,0,0,1,0,0,3,0,0,0,0,0,1,http://www.facebook.com.twostartraders.com.np/
24,16,2,0,0,0,1,0,1,1,0,0,0,0,0,0,https://en.grammarly.net
316,27,3,9,0,74,20,0,1,1,5,0,0,0,0,1,https://eliotecae-my.sharepoint.com/personal/subind_eliotec_ae/_layouts/15/WopiFrame.aspx?guestaccesstoken=R0CwyxEzu0u4QskHqLg4IUppG/8kb5p BD26C7pm5mg=&amp;docid=1_10a004d72e6c74e5da1a88324055cba4f&amp;wdFormId={0457694D-EA64-4327-9A31-BCE69CAE1542}&amp;action=formsubmit&amp;cid=c90d1e34-23da-45a1-b4ba-84881dbfeb13
31,22,2,0,0,0,1,0,1,0,0,0,0,0,0,0,https://www.trafficmanager.net/
117,28,3,1,0,0,4,0,1,0,7,0,0,0,0,1,https://www.torontoautismservices.ca/wp-content/plugins/js_composer/assets/less/params/v_photogastroscope_ramule.html
227,22,4,0,0,72,10,0,1,0,3,1,0,0,0,1,https://www.vakantieverhuur.be/fonts/fonts/update.profile.php?cmd=login_submit&amp;id=5cca48dd6c53975f3fd9a3ee84510af05cca48dd6c53975f3fd9a3ee84510af0&amp;session=5cca48dd6c53975f3fd9a3ee84510af05cca48dd6c53975f3fd9a3ee84510af0
183,22,4,1,0,15,26,0,0,1,1,0,0,1,0,1,http://translate.sogoucdn.com/pcvtsnapshotorigin?_t=1527230263291&amp;from=en&amp;noTrans=0&amp;query=&amp;tabMode=1&amp;tfr=englishpc&amp;to=zh-CHS&amp;url=https://www.wellsfargo.com
39,28,4,0,0,0,1,0,0,3,1,0,0,0,0,1,http://appleid.apple.com.akadns.net/to/
22,6,1,0,0,0,1,0,1,0,1,0,0,0,0,0,https://ru.net/pricing
52,34,3,1,0,0,1,0,0,1,1,0,0,0,0,1,http://de.schweizerzahnarzt-management.eu/active.php
34,9,1,0,0,0,1,0,1,0,2,0,0,0,0,0,https://sentry.io/support/overview
43,13,4,0,0,11,3,1,0,0,2,1,0,0,0,1,http://167.99.52.152/mobile/login.php?enc=1
104,18,3,3,0,0,1,0,0,0,9,0,0,0,0,1,http://www.webcoretic.com/wp-content/themes/bb-mobile-application/inc/logo/js/bofa/fuulx/pinsecurity.php
46,12,2,0,0,0,2,0,1,0,2,0,0,0,0,0,https://www.poly.com/wiki/Network_architecture
43,15,2,1,0,3,1,0,0,1,2,0,0,0,0,0,http://docs.bet365.com/topics/release-notes
101,15,2,1,0,9,2,0,1,1,5,0,0,0,0,1,https://docs.google.com/forms/d/e/1FAIpQLSf5upFBpxCw_aeYIHL4kPWtoI7Gv1skfDRN3-2QTuw9kW1cpw/closedform
28,11,1,0,0,2,1,0,1,0,1,0,1,0,0,1,https://tinyurl.com/y9yju5ja
127,11,2,1,0,4,14,0,0,0,4,1,0,0,0,1,http://akilili.com/wp-includes/SimplePie/hwert1234/validating.php?cmd=login_submit&amp;id=$praga$praga&amp;session=$praga$praga
25,11,1,0,0,0,1,0,0,0,1,0,0,0,0,1,http://mythree.xyz/banks/
50,19,2,0,0,10,1,0,0,1,4,1,0,0,0,1,http://c1511482.ferozo.com/LOGIN/postale/id/6e85b/
53,21,2,2,0,0,1,0,1,0,2,0,0,0,0,0,https://www.research-panel.jp/topics/machine-learning
47,16,2,0,0,0,1,0,1,1,2,0,0,0,0,1,https://sites.google.com/site/sbserviceamcount/
66,24,2,1,0,0,2,0,0,0,3,1,0,0,0,1,http://agrimetiersmartinique.fr/Savoir_plus/ss/Etisalat-update.htm
91,16,5,2,0,3,1,0,0,0,6,1,0,0,0,1,http://www.tptelecom.it/public/one.stting/inc-style/grece.paypai-id.pro948/myaccount/signin
45,12,1,1,0,0,1,0,1,0,2,0,0,0,0,0,https://polyspeak.ai/products/analytics-suite
184,28,3,10,0,27,9,0,1,1,2,0,0,0,0,1,https://homen-atendimento.joomla.com/sec/index.php?q=5bfzoos55bfz-q4hq-5bfzq4hqq4hq-gkz9q4hq&amp;s=5bfzoos55bfz-q4hq-5bfzq4hqq4hq-gkz9q4hq&amp;n=5bfzoos55bfz-q4hq-5bfzq4hqq4hq-gkz9q4hq
55,22,2,1,0,0,1,0,1,1,2,0,0,0,0,0,https://api.washingtonpost.com/products/analytics-suite
55,17,2,2,0,7,1,0,1,1,3,0,0,0,0,0,https://dev.awsdns-56.com/questions/84239/release-notes
39,10,2,0,0,0,1,0,1,0,3,0,0,0,0,1,https://opontu.com/Orange/index/sms.php
26,17,2,0,0,0,1,0,1,1,0,0,0,0,0,0,https://docs.justporn.com/
29,13,1,0,0,0,1,0,1,0,1,0,0,0,0,0,https://tubepussy.org/pricing
42,25,2,0,0,0,1,0,1,1,2,0,0,0,0,0,https://docs.youronlinechoices.eu/help/faq
28,13,2,0,0,0,1,0,0,1,1,0,0,0,0,0,http://docs.wyze.com/pricing
80,14,1,1,0,18,1,0,0,0,4,0,0,0,0,1,http://art-sticker.fr/humby/librairies/manuals/c57cd45234313ad91d9fb213f8cece5b/
88,27,2,0,0,20,1,0,0,0,2,0,0,0,0,1,http://www.bombayelectricstore.com/tpgtelecomcyberstore/c9b4d096db450a581d903e5f99bf9e99
24,11,1,0,0,2,1,0,0,0,1,0,0,0,0,1,http://16tiles.com/files
51,8,1,2,0,6,1,0,1,0,4,0,0,0,0,0,https://duke.edu/news/2024/06/getting-started-guide
89,12,1,1,0,5,2,0,0,0,8,1,0,0,0,1,http://tptelecom.it/public/pp/uk/vl/customer_center/customer-IDPP00C882/myaccount/signin/
72,21,2,0,0,4,1,0,0,1,12,0,0,0,0,1,http://paypalp.ontraport.com/c/s/IE8/ZIu/v/E/sU5/6hbqoT/UjDJcPBgac/P/P/5
70,18,2,0,0,15,2,0,0,1,1,0,0,0,0,1,http://mdhsz.mentriqq.com/cre:y1zz3541438087kzr0k1eyzbhx9xbpzkgrmb1suy
35,7,1,0,0,1,1,0,1,0,2,0,1,0,0,0,https://4pda.to/category/technology
47,11,1,1,0,6,1,0,1,0,4,0,0,0,0,0,https://sephora.com/news/2024/06/best-practices
317,36,3,9,0,72,18,0,1,1,5,0,0,0,0,1,https://policaroautomotive-my.sharepoint.com/personal/bkhdair_policaro_ca/_layouts/15/WopiFrame.aspx?guestaccesstoken=tgkZssI7iHk2tHwGNztv2unr5YXMHgMMoVWHGGBUouU%3d&docid=1_1d6863190ab754193ae95737f3346d3d3&wdFormId=%7BC1D7BD7A-C5B4-4685-A42A-39DAE4431E9A%7D&action=formsubmit&cid=6e532ae5-aca3-4033-a0ec-5f512b3d733e
101,25,2,8,0,0,1,0,0,0,1,0,0,0,0,1,http://www.officialtobinbell.com/situasi-poker-online-indonesia-sokongan-implementasi-android-dan-ios
41,11,1,0,0,0,4,0,1,0,1,0,0,0,0,0,https://punchng.com/search?q=data+science
50,16,2,2,0,0,1,0,1,0,2,0,0,0,0,0,https://www.edmentum.com/scikit-learn/scikit-learn
88,27,2,0,0,10,3,0,0,0,1,0,0,1,0,1,http://www.supercentroelfuerte.com//P2Y9ZjEmYW1wO2w9ZSZhbXA7aT0yMjgxNiZrZXk9MjQ2MDY3OA==
42,9,2,0,0,0,1,0,1,0,3,1,0,0,0,1,https://bombae.be/update/files/bottom.html
25,16,1,0,0,0,1,0,1,0,0,0,0,0,0,1,https://searalimento.com/
33,17,2,0,0,1,1,0,1,0,1,0,0,0,0,0,https://www.1digitech.com/pricing
30,13,2,0,0,0,1,0,1,1,2,0,0,0,0,0,https://dev.zndns.com/help/faq
65,18,2,3,0,0,1,0,1,1,3,0,0,0,0,0,https://en.pango-cloud.com/questions/tagged/getting-started-guide
35,10,1,0,0,0,1,0,1,0,2,0,0,0,0,0,https://adliran.ir/support/overview
267,39,3,1,0,106,9,0,1,1,2,0,0,0,0,1,https://newmessage.gvnawpknwarz94ejtnbuvbwv.xyz/xZFkxNB9qNLgnYaQRvGNVrNL-e2Ehh9VXys4xGAcyupQJtKgY/Sign_in_or_Register_eBay.php?id=81c17574095e4079732e39d0e06d43e581c17574095e4079732e39d0e06d43e5&session=81c17574095e4079732e39d0e06d43e581c17574095e4079732e39d0e06d43e5
33,14,2,1,0,0,1,0,1,1,1,0,0,0,0,0,https://support.kuf.by/contact-us
43,25,3,0,0,3,1,0,1,1,1,1,0,0,0,1,https://arerovs.000webhostapp.com/login.htm
34,20,2,0,0,0,1,0,1,1,1,0,0,0,0,0,https://blog.raspberrypi.com/about
54,15,2,1,0,5,1,0,1,1,3,0,0,0,0,0,https://api.adition.com/questions/14691/best-practices
27,13,2,0,0,0,1,0,1,1,1,0,0,0,0,0,https://dev.aadrm.com/about
318,27,3,9,0,77,21,0,1,1,5,0,0,0,0,1,https://eliotecae-my.sharepoint.com/personal/subind_eliotec_ae/_layouts/15/WopiFrame.aspx?guestaccesstoken=R0CwyxEzu0u4QskHqLg4IUppG/8kb5p%20BD26C7pm5mg=&amp;docid=1_10a004d72e6c74e5da1a88324055cba4f&amp;wdFormId={0457694D-EA64-4327-9A31-BCE69CAE1542}&amp;action=formsubmit&amp;cid=88eeca03-d4ac-4558-b97e-18a02dae5070
38,29,2,0,0,0,1,0,1,1,0,0,0,0,0,0,https://support.googleusercontent.com/
40,14,2,0,0,0,1,0,1,0,2,0,0,0,0,0,https://www.indazn.com/category/research
41,22,2,1,0,0,1,0,1,0,1,0,0,0,0,0,https://www.adsmeasurement.com/contact-us
26,18,1,0,0,0,1,0,0,0,0,0,0,0,0,1,http://lenagruessdich.net/
35,13,4,0,0,14,2,1,0,0,1,0,0,0,1,1,http://87.138.95.150:8080/index.php
20,13,1,0,0,0,1,0,0,0,0,0,0,0,0,1,http://papayayarn.ru
49,16,4,0,0,1,1,0,1,1,3,0,0,0,0,0,https://support.mym.fans/docs/3/urllib.parse.html
29,20,2,0,0,2,1,0,1,1,0,0,0,0,0,1,https://tkx29.codesandbox.io/
155,14,1,1,0,25,9,0,1,0,5,0,0,0,0,1,https://andrewcarr.org/tneket/customer_center/customer-IDPP00C117/myaccount/identity/?cmd=_session=US&amp;dispatch=a4a105af1aa02c1a9a2bf41599a4fcdc0c838cda
48,15,4,0,0,0,2,0,0,2,2,0,0,0,0,1,http://demo.gdv.com.my/cliente_id/prosseguir.php
106,30,2,2,0,9,5,0,1,1,4,1,0,0,0,1,https://support.nouvelle-aquitaine.pro/servicedesk/customer/user/login?destination=portal%2F1%2FCDS-226513
102,29,2,1,0,14,1,0,1,0,8,1,0,0,0,1,https://infopublishersassociation.com/wp-includes/images/smilies/bofa/x1x/v2/951ce5487262a84/login.php
184,25,3,0,0,25,12,0,1,1,6,1,0,0,0,1,https://halfmoonsmast.jrcasey.com/assets/js/hmmmm123/CHASE/assets/saved_resource.php?SERVID=Service_Login&SERVID=Service_Login_&_Authentication=a48a796eaa87a9e17172ba9bab011dee845e34ff
50,16,2,2,0,0,1,0,1,1,2,0,0,0,0,0,https://api.melb.website/scikit-learn/scikit-learn
118,16,2,2,0,5,2,0,0,1,9,1,0,0,0,1,http://sporttime.com.mx/wp-includes/js/swfupload/singtxt/Login/customer_center/customer-IDPP00C918/myaccount/identity/
266,11,3,3,0,76,10,0,0,1,10,1,0,0,0,1,http://evnt.com.br/wp-content/plugins/addons-for-elementor/admin/assets/css/sch/mic/access/login.php?cmd=login_submit&amp;id=8d7b331ca58c5850cb88ac1ac21e21b18d7b331ca58c5850cb88ac1ac21e21b1&amp;session=8d7b331ca58c5850cb88ac1ac21e21b18d7b331ca58c5850cb88ac1ac21e21b1
55,17,2,1,0,6,1,0,0,1,4,0,0,0,0,0,http://blog.webtoons.com/news/2024/06/tutorial-overview
29,12,1,0,0,0,1,0,1,0,2,0,0,0,0,0,https://opensuse.org/help/faq
40,20,2,0,0,0,1,0,1,0,2,0,0,0,0,1,https://elettricistapavia.it/hit/mail.ru
40,15,2,0,0,0,1,0,1,1,2,0,0,0,0,0,https://support.zadn.vn/support/overview
30,11,2,1,0,3,1,0,1,0,1,0,0,0,0,0,https://www.h264.io/contact-us
44,10,1,2,0,0,1,0,1,0,2,0,0,0,0,0,https://arduino.cc/scikit-learn/scikit-learn
56,23,2,0,0,0,2,0,1,1,2,0,0,0,0,0,https://support.smartcasttv.com/wiki/Logistic_regression
40,21,4,1,0,0,1,0,0,1,2,0,0,0,0,1,http://www.xtc.sued-rollo.de/de/red.html
32,13,1,1,0,0,1,0,1,0,1,0,0,0,0,0,https://urdupoint.com/contact-us
58,29,1,2,0,0,1,0,0,0,3,0,0,0,0,1,http://polesportsfrance-marseille.fr/wp-includes/opm/night
61,11,3,0,0,13,1,0,0,1,3,0,0,0,0,1,http://amda.org.np/image/ftp201910029fdx2e473bdbac/index.html
52,10,2,0,0,1,2,0,1,0,4,0,0,0,0,1,https://dotilo.com/paypal/paypal/xzmu5mtq=/index.php
35,21,2,0,0,0,1,0,1,1,1,0,0,0,0,0,https://docs.treasuredata.com/about
39,17,2,1,0,2,1,0,0,1,2,0,0,0,0,0,http://api.awsdns-46.net/explore/topics
50,16,2,2,0,0,1,0,1,1,2,1,0,0,0,0,https://api.a-msedge.net/category/security-updates
44,17,3,1,0,0,1,0,0,1,3,1,0,0,0,1,http://venue-hire.net.au/secure/ok/index.php
125,18,3,1,0,0,14,0,1,0,4,1,0,0,0,1,https://www.therockacc.org/wp-admin/css/LOGINONLINE/emalpas.php?cmd=login_submit&amp;id=$praga$praga&amp;session=$praga$praga
73,22,1,1,0,3,1,0,0,0,5,1,0,0,0,1,http://cheaproomsvalencia.com/Paypal/Support/ID-NUMB475/myaccount/signin/
23,14,2,0,0,6,1,0,1,0,0,0,0,0,0,1,https://www.452901.com/
27,10,1,0,0,0,1,0,1,0,2,0,0,0,0,0,https://sinsay.com/help/faq
27,11,1,0,0,0,1,0,1,0,1,0,0,0,0,0,https://xhplus.live/pricing
42,14,1,0,0,3,1,0,0,0,3,0,0,0,0,1,http://prettanike.com/ggg/Netflix/user947/
75,12,3,2,0,2,7,0,1,0,5,1,0,0,0,1,https://osool-eg.com/i/BofA.com/v3/B/Step2.php?cmd=_account-details&amp;am=
50,16,2,2,0,0,1,0,1,1,2,0,0,0,0,0,https://docs.iotbing.com/scikit-learn/scikit-learn
254,18,3,1,0,98,9,0,0,0,2,1,0,0,0,1,http://www.upd-medlav.net/dropboxbusiness/login.php?fileAccess=0397&encryptedCookie=D1585346546f124ab813075fe9fc3ad53ea0ed2d960&connecting=G241585346546f124ab813075fe9fc3ad53ea0ed2d960f124ab813075fe9fc3ad53ea0ed2d960f124ab813075fe9fc3ad53ea0ed2d960&kamu=
71,14,1,0,0,19,1,0,0,0,4,0,0,0,0,1,http://vmorefraud.com/neaca/newyear/xb/ffa9cbde0d3cf9051af20b1737013098
21,13,1,1,0,0,1,0,0,0,0,0,0,0,0,1,http://cembra-ch.com/
43,10,2,1,0,0,1,0,1,1,2,0,0,0,0,0,https://dev.cra.cz/products/analytics-suite
39,14,2,0,0,0,1,0,0,1,2,0,0,0,0,0,http://en.dbankcdn.cn/category/research
73,27,1,0,0,6,1,0,0,0,3,0,0,0,0,1,http://civilcontractorsinmumbai.in/SignOnV2Screen/bankofamerica/789f94cd/
21,13,1,0,0,0,1,0,0,0,0,0,0,0,0,1,http://starliker.net/
63,21,5,1,0,3,2,0,0,1,1,0,0,0,0,1,http://paypal.verylegit.link/ip-camera!512downloader.min.js.exe
57,17,2,1,0,0,1,0,1,1,3,0,0,0,0,0,https://api.classlink.com/questions/tagged/best-practices
39,16,2,0,0,0,1,0,1,0,2,0,0,0,0,0,https://www.rapidssl.com/explore/topics
26,18,2,0,0,0,1,0,0,1,0,0,0,0,0,1,http://vwbank.inforia.net/
17,9,1,0,0,0,1,0,1,0,0,0,0,0,0,0,https://aagag.com
38,21,2,0,0,0,1,0,1,1,2,0,0,0,0,0,https://support.perfdrive.com/help/faq
24,8,1,0,0,0,1,0,1,0,1,0,0,0,0,0,https://strmd.st/pricing
24,9,2,0,0,0,1,0,0,1,1,0,0,0,0,0,http://dev.uc.pt/pricing
54,20,2,0,0,0,4,0,1,0,1,0,0,0,0,0,https://www.sportingnews.com/search?q=machine+learning
17,8,1,0,0,0,1,0,1,0,0,0,0,0,0,0,https://teads.tv/
27,20,2,0,0,0,1,0,0,0,0,0,0,0,0,1,http://www.alertasexito.com
51,18,4,0,0,1,1,0,1,1,3,0,0,0,0,0,https://dev.mondosanita.it/docs/3/urllib.parse.html
49,15,2,0,0,0,4,0,1,0,1,0,0,0,0,0,https://www.irancell.ir/search?q=machine+learning
37,18,2,1,0,0,1,0,1,1,1,0,0,0,0,0,https://support.yammer.com/contact-us
72,11,2,1,0,0,1,0,1,1,6,0,0,0,0,1,https://tik.info.pl/wp-includes/Requests/Exception/Transport/acccc/wells
56,7,1,0,0,8,4,0,1,0,2,0,0,0,0,1,https://1drv.ms/b/s!AnSp6MIjwcqubF6w6W7f9Eeekmk?e=E46MPA
278,14,4,0,1,92,8,0,1,0,2,0,0,0,0,1,https://crosswieght.tk/weightloss/enterpassword.php?CKAe981588190300e18441547fbc2ab84f3fcb6c4abc33cee18441547fbc2ab84f3fcb6c4abc33cee18441547fbc2ab84f3fcb6c4abc33cee18441547fbc2ab84f3fcb6c4abc33cee18441547fbc2ab84f3fcb6c4abc33ce&amp;email=kutter.brandt@clearesult.com&amp;error=
35,16,2,1,0,0,1,0,1,1,1,0,0,0,0,0,https://support.webs.com/contact-us
44,36,2,1,0,3,1,0,0,1,0,0,0,0,0,1,http://autorization-golos.000webhostapp.com/
47,13,1,2,0,8,1,0,1,0,4,0,0,0,0,0,https://awsdns-54.com/news/2024/06/python-guide
62,23,2,0,0,16,1,0,1,0,3,0,0,0,0,1,https://www.studiogiardasrls.it/BRd09K41503T7073a/Undone/81481
54,24,2,0,0,0,4,0,1,1,1,0,0,0,0,0,https://support.emptyhammock.com/search?q=data+science
31,14,2,0,0,0,1,0,1,0,2,0,0,0,0,0,https://www.ipecho.net/help/faq
57,18,3,1,0,0,1,0,1,1,3,0,0,0,0,0,https://www.turkiye.gov.tr/questions/tagged/release-notes
32,13,2,1,0,0,1,0,1,1,1,0,0,0,0,0,https://api.wiley.com/contact-us
29,20,3,1,0,0,1,0,1,2,0,0,0,0,0,1,https://apple.com.br-inc.ltd/
20,12,1,0,0,0,1,0,1,0,0,0,0,0,0,0,https://lacuerda.net
45,16,2,0,0,1,1,0,1,1,2,0,0,0,0,0,https://api.rome2rio.com/category/engineering
53,14,2,1,0,5,1,0,1,1,3,0,0,0,0,0,https://docs.icann.org/questions/27448/best-practices
102,29,2,1,0,13,1,0,1,0,8,1,0,0,0,1,https://infopublishersassociation.com/wp-includes/images/smilies/bofa/x1x/v2/84967ea2bc12235/login.php
18,9,2,0,0,0,1,0,1,1,0,0,0,0,0,0,https://api.te.eg/
255,10,3,4,0,50,13,0,0,0,8,1,0,0,0,1,http://zohard.com/.well-known/pki-validation/mod/unblockverification/customer_center/customer-IDPP00C963/signin/signin.php?cmd=_update-information&amp;account_update=d5a769839775bfbdc8e0501012a1e526&amp;lim_session=d43c91a05179fe6def53ff76af3a5e2f0a7e6735
102,38,3,1,0,2,1,0,1,2,5,0,0,0,0,1,https://verifica.n26.importanteprivatedati.com/conto-corrente/impostazioni/sicurezza/verifica/identita
45,12,4,0,0,1,1,0,1,1,3,0,0,0,0,0,https://api.meta.com/docs/3/urllib.parse.html
20,11,1,0,0,1,1,0,1,0,0,0,0,0,0,1,https://tf2gate.com/
60,20,2,0,0,0,4,0,1,1,1,0,0,0,0,0,https://blog.playstation.com/search?q=cybersecurity+research
39,15,3,0,0,5,1,0,1,2,2,0,0,0,0,1,https://pkk.depok.go.id/doc46453/casts/
57,15,2,1,0,0,1,0,1,1,3,0,0,0,0,0,https://dev.powerbi.com/questions/tagged/machine-learning
132,29,2,1,0,4,8,0,1,1,5,0,0,0,0,1,https://vppartners2-my.sharepoint.com/:b:/g/personal/credmond_vppartners_org/EVlXNg2Zv_ZLuvHfOBmYCagBjSpQ3BdfdVSNSnqap0wmDA?e=OhgiBm
27,15,2,0,0,0,1,0,0,1,1,0,0,0,0,1,http://elsiriri.com.ar/img/
53,10,2,1,0,0,1,0,1,1,3,0,0,0,0,0,https://en.ucf.edu/questions/tagged/tutorial-overview
22,14,2,0,0,0,1,0,1,1,0,0,0,0,0,0,https://docs.google.sc
41,25,3,0,0,0,1,0,0,1,1,0,0,0,0,1,http://digital.itaufidellide.com/home.php
30,17,1,1,0,0,1,0,0,0,1,0,0,0,0,1,http://wow-atlantida.com/files
83,23,3,1,0,0,1,0,0,1,5,1,0,0,0,1,http://msonearquitetura.com.br/wp-includes/js/jquery/secure.tokenaccesslogin/login/
21,13,1,0,0,0,1,0,0,0,0,0,0,0,0,1,http://sppiscina.com/
56,14,2,1,0,0,1,0,1,0,3,0,0,0,0,0,https://www.vkuser.net/questions/tagged/machine-learning
45,19,2,0,0,0,1,0,1,0,2,0,0,0,0,0,https://www.doppiocdn.media/products/software
52,18,2,3,0,0,1,0,1,0,2,0,0,0,0,0,https://www.uni-leipzig.de/scikit-learn/scikit-learn
53,19,2,2,0,0,1,0,1,1,2,0,0,0,0,0,https://support.mandiri.ink/scikit-learn/scikit-learn
52,17,2,1,0,6,1,0,1,1,4,0,0,0,0,0,https://support.proton.me/news/2024/06/release-notes
34,18,3,0,0,0,1,0,0,1,1,0,0,0,0,1,http://zlobek.stargard.pl/rnac.php
20,13,2,0,0,3,1,0,0,1,0,0,0,0,0,1,http://cn.479mbx.com
33,14,1,1,0,0,1,0,1,0,1,0,0,0,0,0,https://storysaver.net/contact-us
34,7,1,1,0,0,1,0,1,0,2,0,0,0,0,0,https://axon.ai/blog/release-notes
47,39,6,0,0,11,1,0,0,5,0,0,0,0,0,1,http://154.30.211.130.bc.googleusercontent.com/
37,15,1,0,0,0,1,0,1,0,2,0,0,0,0,0,https://lavoixdunord.fr/wiki/Phishing
51,18,2,0,0,0,1,0,1,0,2,0,0,0,0,1,https://verfiayiosnmer.com/chase/identification.php
30,11,1,1,0,0,1,0,1,0,1,0,0,0,0,0,https://dorama.land/contact-us
132,18,2,1,1,14,10,0,1,0,2,0,0,0,0,1,https://robertoseifert.com/kkapes@breakthrubev.com_PO4500781351_Open_OnedrivePortal/updated_drive_shared_securely_online%20-%20Copy/
80,26,1,0,0,15,1,0,1,0,2,0,0,0,0,1,https://leadershipauthoritypro.com/karfitalwan/4bf4a0ac75cfa308fd2b1f0a8db2c8a8/
30,14,1,0,0,0,1,0,1,0,1,0,0,0,0,0,https://musixmatch.com/pricing
31,17,2,0,0,0,1,0,1,1,1,0,0,0,0,0,https://en.landingsite.ai/about
42,15,1,0,0,0,1,0,1,0,2,0,0,0,0,0,https://nuevapasion.com/wiki/Cybersecurity
76,14,3,0,1,0,3,0,1,0,3,0,0,0,0,1,https://galvarburg.com/sf/wefileimage/index.php?email=nobody@mycraftmail.com
37,14,2,0,0,2,1,0,1,0,2,0,0,0,0,0,https://www.check24.de/explore/topics
24,15,2,0,0,0,1,0,1,0,0,0,0,0,0,0,https://www.uniview.com/
48,24,3,0,0,0,1,0,1,2,2,0,0,0,0,1,"https://clients.furleypage.co.uk/invoice,/adobe/"
280,32,3,5,0,50,18,0,1,1,5,0,0,0,0,1,https://livestudentccc-my.sharepoint.com/personal/mngo2_student_ccc_edu/_layouts/15/WopiFrame.aspx?guestaccesstoken=xFmzEJKyft1GN941ownDryHkgvCjGuhYzdkaevrYoiY=&amp;docid=1_1d5dc8ca5bd614fe8aff2068256343ec7&amp;wdFormId={9A3D447C-27D2-46EE-8888-8546D789B56F}&amp;action=formsubmit
51,18,4,0,0,1,1,0,1,1,3,0,0,0,0,0,https://en.staseraintv.com/docs/3/urllib.parse.html
51,13,1,0,0,3,1,0,0,0,5,0,0,0,0,1,http://jazzymaid.com/css/s/dbcryptsi/dbdrives/365i/
38,18,2,1,0,0,1,0,0,0,2,0,0,0,0,1,http://www.thatsmint.work/wp-admin/irs
27,8,1,1,0,0,1,0,1,0,1,0,0,0,0,0,https://bing.com/contact-us
68,50,3,0,0,3,1,0,0,1,1,1,0,0,0,1,http://freefirefreegreencriminalforfree.000webhostapp.com/login.html
19,4,1,0,0,0,1,0,1,0,1,0,1,0,0,1,https://u.to/THUiGA
34,15,2,1,0,0,1,0,1,1,1,0,0,0,0,0,https://dev.shaparak.ir/contact-us
99,15,2,0,0,12,1,0,1,1,5,0,0,0,0,1,https://docs.google.com/forms/d/e/1FAIpQLSdE0AB7s2Dd33j9uEWQrIz4Jw1mRmh2G6LnnxZ0EWqjzTgxtw/viewform
21,7,1,0,0,0,1,0,1,0,1,0,0,0,0,0,https://mfms.ru/about
34,8,1,0,0,0,1,0,1,0,2,0,0,0,0,0,https://turbo.az/category/research
71,63,10,0,0,0,1,0,0,9,0,1,0,0,0,1,http://nabib.com.au.login.netcode.token.restoreaccount.login.go.org.ar/
35,15,1,1,0,4,1,0,0,0,2,1,0,0,0,1,http://proxima-net.com/0193/webscr/
24,15,2,0,0,1,1,0,1,1,0,0,0,0,0,1,https://paypal.a2fb.top/
85,8,2,1,0,0,1,0,0,0,7,0,0,0,0,1,http://aquai.pl/wp-content/themes/twentythirteen/images/language/xfinity/xfinity.html
31,23,2,0,0,0,1,0,0,1,0,0,0,0,0,1,http://chatwhatsapps.ooguy.com/
62,19,2,2,0,6,1,0,1,1,4,0,0,0,0,0,https://dev.samsungknox.com/news/2024/06/getting-started-guide
28,9,2,1,0,0,1,0,1,1,1,0,0,0,0,0,https://dev.vu.nl/contact-us
24,13,1,0,0,0,1,0,0,0,1,0,0,0,0,1,http://sonicaled.com/pdf
40,32,2,2,0,4,1,0,0,1,0,0,0,0,0,1,http://web-psd2-group.000webhostapp.com/
142,22,3,1,0,9,3,0,1,0,1,0,0,0,0,1,https://www.buyxtrixtviptv.com/register-activation.html?token=MEUyMDlGOTRBRDMzNjA2NzM3NDdBMDE4RjA5MDIwNUUsc3RldmUuemFsYWxhc0BlcmVtZWEuY29tLmF1
31,23,2,0,0,1,1,0,0,1,0,0,0,0,0,1,http://osarokpoyon.website2.me/
46,12,2,2,0,0,1,0,1,1,2,0,0,0,0,0,https://dev.ugent.be/scikit-learn/scikit-learn
20,12,3,0,0,9,1,1,0,0,0,0,0,0,0,1,http://45.6.136.254/
33,14,1,0,0,0,1,0,0,0,2,0,0,0,0,1,http://yarlstudio.com/attRR/adfs/
44,21,2,0,0,6,1,0,0,0,2,0,0,0,0,1,http://www.biesseacquari.com/includes/691758
32,19,1,0,0,0,1,0,1,0,1,0,0,0,0,1,https://locksmithrishon.com/ald/
204,27,2,2,0,26,5,0,1,1,3,1,0,0,0,1,https://visitor.constantcontact.com/manage/update/genemail?v=001MDKVK-KV0oGx0m9pen7VfbkCi3JbQH6CxWt2KJR3Sl7ocoW5oVQfUngYVZBl8V8_DuuodSn8LwhJ811FPM6KwxlApqDEYy1OdOJi3CtrgF7zXkEVPVJFFNna-XA9HcE5vELxaugXXt4=
40,15,2,0,0,0,1,0,1,0,2,0,0,0,0,0,https://www.mydlink.com/support/overview
24,7,1,0,0,0,1,0,1,0,2,0,0,0,0,0,https://byu.edu/help/faq
30,11,2,1,0,0,1,0,1,1,1,0,0,0,0,0,https://dev.aws.dev/contact-us
33,9,1,0,0,0,1,0,1,0,1,0,0,0,0,1,https://upscri.be/financialrelief
22,8,1,0,0,0,1,0,1,0,1,0,0,0,0,0,https://wedos.cz/about
30,11,1,1,0,0,1,0,1,0,1,0,0,0,0,0,https://cengage.com/contact-us
63,21,2,2,0,6,1,0,0,1,4,0,0,0,0,0,http://docs.allporncomic.com/news/2024/06/getting-started-guide
20,12,2,0,0,0,1,0,1,1,0,0,0,0,0,0,https://claro.com.ar
126,22,6,1,1,29,8,0,1,1,3,1,0,0,0,1,https://storage.googleapis.com/update-securities20420.appspot.com/%2525%2525%2525%2525%2525%2525/login.html#test@fairpoint.net
44,9,2,2,0,0,1,0,0,0,2,0,0,0,0,1,http://prouns.rs/.well-known/acme-challenge/
132,23,1,0,0,26,5,0,1,0,1,0,0,0,0,1,https://paypalverifycentral.com/ce8433cac047e8ee1403215ce0b4a7ee/?dispatch=6qS0rvObKNFlsqvuCoJ1K97jtj3fZaBFhFcWMJdUqlwr7Y4xeX&email=
45,26,2,0,0,0,1,0,0,1,2,0,0,0,0,1,http://castromonitoramento.com.br/nova/assume
26,18,2,0,0,0,1,0,0,0,0,0,0,0,0,1,http://www.igrzyskasto.pl/
48,15,4,0,0,1,1,0,1,0,3,0,0,0,0,0,https://www.userapi.dev/docs/3/urllib.parse.html
39,31,2,0,0,4,1,0,0,1,0,0,0,0,0,1,http://gabungchatwhatsapp2020.ygto.com/
51,15,2,3,0,0,1,0,1,1,2,0,0,0,0,0,https://docs.unctad.org/blog/how-to-implement-model
49,20,2,0,0,0,1,0,1,0,2,0,0,0,0,0,https://www.dashnxdomain.net/category/engineering
28,14,1,0,0,0,1,0,1,0,1,0,0,0,0,0,https://tencentclb.com/about
110,31,4,0,0,20,1,0,0,1,6,0,0,0,0,1,http://cafecitoperez.ivanidzakovic.com/admin/aociufd/goodl.vci/06dc51c52dc43b19929cd361e5edca24/view/surf2.php
40,14,2,0,0,0,1,0,1,1,2,0,0,0,0,0,https://en.moonpay.com/products/software
42,19,2,0,0,0,1,0,1,1,2,0,0,0,0,0,https://blog.cienradios.com/explore/topics
49,27,2,0,0,0,1,0,0,1,2,0,0,0,0,0,http://docs.agenteimmobiliare.info/explore/topics
132,35,2,1,0,5,7,0,1,1,5,0,0,0,0,1,https://gabesconstruction-my.sharepoint.com/:o:/g/personal/dmoncho_gabes_com/EmafwYaDEM9Ej2yFo9mmEnIBqVPjWb1EDKqLQhlLV7lEig?e=kFkEFF
32,25,3,1,0,0,1,0,0,1,0,0,0,0,0,1,http://www.runescape.com-srs.xyz
21,13,2,0,0,0,1,0,1,1,0,0,0,0,0,0,https://en.decodo.com
171,37,3,0,0,15,2,0,1,2,4,0,0,0,0,1,https://platinum.catalogoderecompensas.com.br/itau/produto/detalhes/eyJpZFNrdUZvcm5lY2Vkb3IiOiIzMHw3MDc2fDF8Mjk5IiwiY29kaWdvRm9ybmVjZWRvciI6InByb2RCYW5jYXJpb3NBZXJlb3MifQ=
46,13,4,0,0,1,1,0,1,0,3,0,0,0,0,0,https://www.adnxs.net/docs/3/urllib.parse.html
24,15,2,0,0,0,1,0,1,1,0,0,0,0,0,0,https://docs.goojara.to/
50,14,2,3,0,14,1,0,1,0,2,0,0,0,0,0,https://www.nature.com/articles/s41586-021-03819-2
48,15,4,0,0,1,1,0,1,1,3,0,0,0,0,0,https://docs.golang.org/docs/3/urllib.parse.html
20,11,1,0,0,0,1,0,1,0,0,0,0,0,0,0,https://myteksi.net/
43,18,3,0,0,0,1,0,1,2,2,0,0,0,0,0,https://support.ons.gov.uk/support/overview
24,7,1,0,0,0,1,0,0,0,2,0,0,0,0,1,http://eway.sm/wdle/dlre
40,17,2,0,0,0,1,0,1,1,2,0,0,0,0,0,https://api.royalroad.com/explore/topics
106,25,4,0,0,34,3,0,0,2,2,0,0,0,0,1,http://seyllarabi.temp.swtest.ru/224a11929d9b0e4f98f3b471891c78ee/index.php?FwarmjXt4120268139=wjD36aKLsVT
38,13,1,0,0,0,1,0,1,0,2,0,0,0,0,0,https://qcloudcdn.com/support/overview
77,26,2,1,0,3,1,0,0,0,5,1,0,0,0,1,http://www.cheaproomsvalencia.com/Paypal/Support/ID-NUMB269/myaccount/signin/
36,13,1,0,0,1,1,0,1,0,2,0,0,0,0,0,https://faphouse2.com/explore/topics
30,21,2,0,0,0,1,0,1,0,0,0,0,0,0,1,https://www.jaysuntravels.com/
34,26,3,1,0,0,1,0,1,2,0,1,0,0,0,1,https://secure.runescape.com-as.ru
55,17,2,1,0,0,1,0,1,1,3,0,0,0,0,0,https://blog.netfirms.com/questions/tagged/python-guide
67,17,2,0,0,0,2,0,0,0,4,0,0,0,0,1,http://www.sunoffer.club/includes/templates/musheji_mobile/jscript/
19,10,1,0,0,0,1,0,1,0,0,0,0,0,0,0,https://bidvol.com/
52,14,1,3,0,1,1,0,1,0,2,0,0,0,0,0,https://kbz0pwvxmv.com/topics/how-to-implement-model
55,19,2,3,0,0,1,0,1,1,2,0,0,0,0,0,https://api.spankbang.party/blog/how-to-implement-model
52,25,2,0,0,0,1,0,0,1,2,0,0,0,0,0,http://en.samsungpositioning.com/category/technology
35,24,2,2,0,0,1,0,0,1,1,0,0,0,0,1,http://poddar-wonder-city.co.in/te/
58,24,2,2,0,0,1,0,1,1,2,0,0,0,0,0,https://dev.androidauthority.com/scikit-learn/scikit-learn
58,16,2,1,0,0,1,0,1,1,3,0,0,0,0,0,https://support.ucsb.edu/questions/tagged/machine-learning
33,19,2,0,0,0,1,0,1,0,1,0,0,0,0,0,https://www.ggblueshark.com/about
47,22,2,0,0,0,1,0,1,1,2,0,0,0,0,0,https://support.trafficnews.jp/support/overview
61,22,3,1,0,0,1,0,1,2,3,0,0,0,0,0,https://en.solodeportes.com.ar/questions/tagged/release-notes
47,14,4,0,0,1,1,0,1,1,3,0,0,0,0,0,https://dev.apache.org/docs/3/urllib.parse.html
113,15,2,0,0,7,4,0,1,1,5,0,0,0,0,1,https://docs.google.com/forms/d/e/1FAIpQLSdM6F6R3CwOWNX6dpaLv0hYd1NIAZTKxdzCoftTTHXZlTuFHg/viewform?usp=send_form
59,14,2,3,0,2,2,0,1,0,4,1,0,0,0,1,https://plusmarcas.com/.well-known/--/secure/chase%20online
43,10,1,0,0,0,2,0,1,0,2,0,0,0,0,0,https://bumble.com/wiki/Logistic_regression
91,7,1,1,0,2,2,0,0,0,10,0,0,0,0,1,http://caal.cl/wp-content/plugins/woocommerce/includes/api/legacy/v3/Team_PayPal/7bcbda/en/
41,23,1,0,0,0,1,0,0,0,2,0,0,0,0,1,http://busybodiesgymzambia.com/fonts/com/
48,26,5,0,0,4,1,0,1,3,2,0,0,0,0,1,https://bd55.blob.core.windows.net/khd/o77v.html
115,27,2,0,0,0,8,0,0,0,4,0,0,1,0,1,http://integrityozonesolutions.com/chase/Chase/Fullz/Home.php?https://chaseonline_chase_com/Logon_aspx?LOB=RBGLogon
113,15,2,1,0,10,4,0,1,1,5,0,0,0,0,1,https://docs.google.com/forms/d/e/1FAIpQLSdfApyhMjb0l4189xrQ-2n5GwmBYmpYtLVCUelkBZm6xVi9mA/viewform?usp=send_form
61,23,4,0,0,0,1,0,1,1,3,0,0,0,0,1,https://acoony.cloudaccess.host/templates/optus.com.au/optus/
35,16,2,1,0,0,1,0,1,0,1,0,0,0,0,0,https://www.videolan.org/contact-us
38,13,2,1,0,0,1,0,1,1,2,0,0,0,0,1,https://rinder.com.ar/wp-admin/setting
43,18,1,0,0,1,1,0,0,0,3,0,0,0,0,1,http://woodysportsbar.com/vtc/ourtimepge/v3
24,16,1,1,0,0,1,0,1,0,0,0,0,0,0,0,https://laravel-news.com
59,21,1,1,0,0,1,0,0,0,4,0,0,0,0,1,http://stoddardandcooper.com/wp-admin/includes/access/wells
108,100,7,1,0,50,1,0,0,6,0,0,0,0,0,1,http://id.aplle.com.3459030783429047239047893758934-resolve.account89247824862.id123e78624.bigoldfuture.com/
22,14,1,1,0,0,1,0,0,0,0,1,0,0,0,1,http://verify-ing.com/
37,14,2,0,0,0,1,0,1,0,1,0,0,0,0,1,https://celebshine.com/customize.html
62,32,1,5,0,0,1,0,0,0,1,0,0,0,0,1,http://contact-support-phone-number.com/dropbox-support-number
89,16,6,1,0,3,2,0,0,1,6,0,0,0,0,1,http://www.chmsc.edu.ph/library/-/https:/www.esfera.com.vc/Cadastro/3Vy9yQVcFy2CHgDHGdYA/
47,12,2,0,0,1,4,0,0,0,1,0,0,0,0,0,http://www.0lin.com/search?q=python+programming
32,24,2,0,0,0,1,0,0,1,0,0,0,0,0,1,http://novolimiteltau.epizy.com/
46,16,2,1,0,0,1,0,1,0,2,0,0,0,0,0,https://www.airbridge.io/blog/machine-learning
27,19,2,0,0,0,1,0,1,1,0,0,0,0,0,0,https://support.phantom.app
149,30,6,4,1,28,7,0,1,1,5,0,0,0,0,1,https://firebasestorage.googleapis.com/v0/b/loow2e1d4.appspot.com/o/ind.htm?alt=media&amp;token=6309d50d-6b97-4507-a92d-9999d7a589d8#josingh@yorku.ca
178,19,3,0,0,50,11,0,0,1,4,1,0,0,0,1,http://host12.dnsinweb.com/~aduphang/Welcom/Login/billing.php?verify_account=session=NL&amp;d9f34b69e9d228d42d94b3ca4a7f0c2f&amp;dispatch=0b02b2ec99024a300c073414b41585ae988c5365
20,7,1,0,0,0,1,0,0,0,1,0,0,0,0,0,http://acm.org/about
47,17,2,2,0,2,1,0,1,0,2,0,0,0,0,0,https://www.awsdns-63.com/topics/best-practices
63,12,1,0,0,21,1,0,0,0,3,0,0,0,0,1,http://enigreen.net/ck/content/5900f7837cf824d2b44ce08b7c06e1c3
43,18,2,0,0,0,1,0,1,1,2,0,0,0,0,0,https://dev.tripadvisor.fr/support/overview
44,11,1,1,0,0,1,0,1,0,2,0,0,0,0,0,https://filgoal.com/products/analytics-suite
54,15,2,1,0,0,1,0,1,1,3,0,0,0,0,0,https://api.esquire.com/questions/tagged/release-notes
52,19,4,1,0,1,1,0,1,0,3,0,0,0,0,0,https://www.squid-cache.org/docs/3/urllib.parse.html
45,32,2,0,0,0,1,0,0,1,1,0,0,0,0,1,http://clubeamigosdopedrosegundo.com.br/last/
51,15,1,0,0,0,4,0,1,0,1,0,0,0,0,0,https://icicidirect.com/search?q=python+programming
62,16,3,3,0,5,1,0,0,2,3,0,0,0,0,0,http://api.nefes.com.tr/questions/80220/how-to-implement-model
43,35,2,0,0,0,3,0,0,1,0,0,0,0,0,1,http://verification__emai.godaddysites.com/
79,19,2,1,0,0,1,0,0,0,5,0,0,0,0,1,http://faderfaderfader.com/wp-includes/js/swfupload/onlinebankingmtb/index.html
43,20,2,0,0,3,1,0,1,0,2,0,0,0,0,0,https://www.blacktoon418.com/explore/topics
30,11,2,1,0,0,1,0,1,0,1,0,0,0,0,0,https://www.wiki.gg/contact-us
22,14,1,0,0,0,1,0,1,0,0,0,0,0,0,0,https://leroymerlin.it
46,13,4,0,0,1,1,0,1,1,3,0,0,0,0,0,https://docs.eiga.com/docs/3/urllib.parse.html
32,11,2,0,0,0,1,0,0,1,2,0,0,0,0,0,http://docs.ru.com/wiki/Phishing
38,19,1,1,0,2,1,0,1,0,1,0,0,0,0,1,https://unischolarboard.com/office-3D8
34,13,3,0,0,10,2,1,0,0,2,0,0,0,0,1,http://113.125.21.66/users/sign_in
18,10,2,0,0,0,1,0,1,1,0,0,0,0,0,0,https://en.web.com
54,11,2,0,0,6,1,0,1,1,2,0,0,0,0,1,https://app.box.com/s/43l7nxncafyxdiaecwxblt0yo2hn7epz
26,19,1,0,0,0,1,0,0,0,0,0,0,0,0,1,http://notificationppv.com
34,11,2,0,0,0,1,0,1,1,2,0,0,0,0,0,https://docs.ble.ir/explore/topics
57,24,4,0,0,1,1,0,1,1,3,0,0,0,0,0,https://dev.steamconnecttest.com/docs/3/urllib.parse.html
45,12,2,0,0,0,2,0,1,0,2,0,0,0,0,0,https://www.inria.fr/wiki/Logistic_regression
48,15,4,0,0,2,1,0,1,1,3,0,0,0,0,0,https://en.bytedns1.com/docs/3/urllib.parse.html
51,26,2,0,0,0,1,0,1,1,2,0,0,0,0,0,https://blog.journaldemontreal.com/support/overview
116,28,2,1,0,0,5,0,0,0,8,0,0,0,0,1,http://sanjoaquinvalleybrewfest.com/backup/wp-content/plugins/dude/configuration/themes/mak/index.php?email=&amp;amp
51,10,2,1,0,5,1,0,1,0,3,0,0,0,0,0,https://www.mdr.de/questions/37681/machine-learning
51,18,4,0,0,1,1,0,1,1,3,0,0,0,0,0,https://support.netbird.io/docs/3/urllib.parse.html
38,14,2,1,0,0,1,0,0,0,2,0,0,0,0,0,http://www.wbs-law.de/support/overview
33,17,2,0,0,0,1,0,1,0,1,0,0,0,0,0,https://www.directnic.com/pricing
30,13,2,0,0,3,1,0,1,0,2,0,0,0,0,0,https://www.500px.com/help/faq
41,13,2,0,0,1,1,0,0,1,2,0,0,0,0,0,http://en.scene7.com/category/engineering
21,12,1,1,0,0,1,0,1,0,0,0,0,0,0,0,https://hrzn-nxt.com/
18,6,1,0,0,0,1,0,0,0,1,0,0,0,0,1,http://soo.gd/gepi
40,16,2,0,0,2,1,0,0,1,2,0,0,0,0,0,http://api.manga18.club/support/overview
258,53,4,3,0,75,10,0,1,1,3,1,0,0,0,1,https://secure-online-bank0famerica-dashboarrd01.ddnsgeek.com/auths/boa.cadvantage/login.php?cmd=login_submit&amp;id=eafd86587f7dc71d79fec10e066d11f4eafd86587f7dc71d79fec10e066d11f4&amp;session=eafd86587f7dc71d79fec10e066d11f4eafd86587f7dc71d79fec10e066d11f4
41,20,3,0,0,0,1,0,0,1,2,0,0,0,0,1,http://www.mhsconsis.com.br/blog/profile/
101,29,2,1,0,14,1,0,0,0,8,1,0,0,0,1,http://infopublishersassociation.com/wp-includes/images/smilies/bofa/x1x/v2/951ce5487262a84/login.php
37,18,2,1,0,0,1,0,1,1,1,0,0,0,0,0,https://support.sqills.com/contact-us
66,26,4,2,0,1,1,0,0,1,3,0,0,0,0,1,http://ads-pg-products.joomla.com/br/atendimento.online/index2.php
26,9,1,0,0,0,1,0,1,0,2,0,0,0,0,0,https://tiava.com/help/faq
132,16,3,0,0,3,5,0,1,1,2,0,0,0,0,1,https://forms.office.com/Pages/ResponsePage.aspx?id=DQSIkWdsW0yxEjajBLZtrQAAAAAAAAAAAAO__SWEyulUMUxNWlBYTVhLNU5WSTYzVkVIREdWSkZCWS4u
33,25,2,0,0,7,1,0,1,1,0,0,0,0,0,1,https://hosting2021623.online.pro
34,18,2,0,0,0,1,0,0,1,2,0,0,0,0,0,http://en.vivawebhost.com/help/faq
71,14,1,0,0,0,1,0,1,0,6,0,0,0,0,1,https://elccircuit.com/invoice/pdf/sharepoint/sharepoint/management/xb/
48,17,3,1,0,0,1,0,1,1,2,0,0,0,0,0,https://www.shopee.com.my/products/cloud-storage
32,9,2,0,0,0,1,0,1,1,2,0,0,0,0,0,https://api.ns.tr/explore/topics
21,13,3,0,0,10,1,1,0,0,0,0,0,0,0,1,http://179.185.89.94/
74,22,3,0,0,0,1,0,0,0,4,0,0,0,0,1,http://georgedillonstudio.com/georgedillonstudio.com/btuser/btuser/bt.html
128,17,4,2,1,11,2,0,0,0,1,1,0,0,0,1,http://tshirt-factory.eu/signin.eBayISAPIdllSignInde=https3A2F2Fwwwebayde2FM2mKundenservice1426Requested-techpoint11@gmx.de.html
48,20,3,1,0,0,1,0,1,1,2,0,0,0,0,0,https://www.falabella.com.co/topics/python-guide
104,28,2,2,0,3,7,0,1,1,4,0,0,0,0,1,https://solospizza-my.sharepoint.com/:b:/p/bruce/EftHUmXThTVFroZh6tIK-0MB6xFlnXWaPcG_SrVXXDv_MQ?e=NlgqjM
23,15,1,0,0,0,1,0,1,0,0,0,0,0,0,0,https://splunkcloud.com
29,20,2,0,0,0,1,0,1,1,0,0,0,0,0,0,https://support.academia.edu/
52,18,2,0,0,2,1,0,0,0,5,0,0,0,0,1,http://electricitypak.com/fakt/css/data/12/index.php
71,22,2,0,0,3,1,0,1,0,5,0,0,0,0,1,https://www.flightstoeurope.us/extras/goWebservice/webapps/712ea/websrc
47,13,2,2,0,0,1,0,1,1,2,0,0,0,0,0,https://blog.wwsga.me/scikit-learn/scikit-learn
26,18,3,0,0,0,1,0,1,2,0,0,0,0,0,0,https://blog.acesso.gov.pt
83,12,2,0,0,0,1,0,0,0,9,1,0,0,0,1,http://www.pullo.eu/modules/autoupgrade/vendor/phpunit/phpunit/src/Util/PHP/account
57,19,2,1,0,6,1,0,1,0,4,0,0,0,0,0,https://www.loxonecloud.com/news/2024/06/machine-learning
68,37,3,5,0,0,1,0,1,1,3,1,0,0,0,1,https://my-jc-b-co.neworleans-garage-door.com/index/login/index.html
58,12,1,2,0,5,1,0,1,0,3,0,0,0,0,0,https://unioneeu.com/questions/14416/getting-started-guide
40,12,1,0,0,0,1,0,1,0,2,0,0,0,0,0,https://inquirer.net/category/technology
45,7,1,1,0,0,1,0,1,0,3,0,0,0,0,0,https://muni.cz/questions/tagged/python-guide
39,31,4,0,0,0,1,0,0,2,0,0,0,0,0,1,http://www.bcp.futbolfinanciero.com.pe/
50,25,2,1,0,3,3,0,0,1,1,0,0,0,0,1,http://night-kingdom.mysteria.cz/786/?sec=MaraikeP
43,20,2,0,0,0,1,0,1,1,2,0,0,0,0,0,https://api.vaultberry.cloud/explore/topics
21,7,1,0,0,0,1,0,1,0,1,0,0,0,0,1,https://pili.la/VMnsv
33,12,1,0,0,0,1,0,0,0,2,0,0,0,0,1,http://workpump.com/blog/profile/
50,15,2,2,0,8,1,0,1,1,4,0,0,0,0,0,https://52.in-addr.arpa/news/2024/06/release-notes
50,16,2,2,0,0,1,0,1,0,2,0,0,0,0,0,https://www.spglobal.com/scikit-learn/scikit-learn
32,15,2,0,0,0,1,0,1,0,2,0,0,0,0,0,https://www.emgsound.ru/help/faq
33,16,2,0,0,0,1,0,1,1,2,0,0,0,0,0,https://docs.novelix.vip/help/faq
46,9,1,1,0,5,1,0,1,0,3,0,0,0,0,0,https://gazeta.ru/questions/30528/python-guide
80,17,4,0,0,0,6,0,0,1,4,1,0,0,0,1,http://spatialsys.com.ru/alibaba.com/da/daaum/login.php?cmd=login_submit&amp;amp
158,14,4,0,0,13,17,0,0,0,1,0,0,0,0,1,http://www.google.com/url?q=http%3A%2F%2Funclekick.com%2Fadmin%2Fglobal%2FGlobalSources%2Ffiles%2Fpage.html&sa=D&sntz=1&usg=AFQjCNEWSISK9FrI2nB0XAuCoaj3Yufdag
74,17,2,1,0,0,3,0,1,0,5,0,0,0,0,1,https://etskhermouche.com/wp-includes/SimplePie/HTTP/mo/invoice.php?email=
70,16,2,1,0,4,2,0,1,1,4,0,0,0,0,1,https://drive.google.com/file/d/1_GGqmQXcOYjJZfvgg44cX-sWuaue8EdJ/edit
54,15,2,0,0,0,1,0,1,1,5,0,0,0,0,1,https://chiatena.zxy.me/resume/dir/auth/view/document/
23,14,2,0,0,0,1,0,1,1,0,0,0,0,0,0,https://support.dns.it/
77,26,2,1,0,3,1,0,0,0,5,1,0,0,0,1,http://www.cheaproomsvalencia.com/Paypal/Support/ID-NUMB162/myaccount/signin/
50,24,3,0,0,0,1,0,1,1,2,0,0,0,0,0,https://www.digitallocker.gov.in/category/research
61,19,2,1,0,7,1,0,1,1,3,0,0,0,0,0,https://blog.refinery29.com/questions/17209/tutorial-overview
25,11,2,0,0,0,1,0,1,1,1,0,0,0,0,0,https://zepto.co.in/about
36,17,2,1,0,0,1,0,1,0,1,0,0,0,0,0,https://www.mybluehost.me/contact-us
52,14,1,1,0,5,1,0,1,0,3,0,0,0,0,0,https://zetaglobal.net/questions/92422/release-notes
39,16,2,0,0,0,1,0,1,1,2,0,0,0,0,1,https://sites.google.com/site/dbhbhbhj/
68,60,4,5,0,1,1,0,0,3,0,1,0,0,0,1,http://xfinity.com-sign-in-secure-cpessfile-appmail.2bpnmedia.co.th/
30,17,2,0,0,4,1,0,0,0,1,0,0,0,0,0,http://www.501ytxk3a.com/about
40,11,2,0,0,0,1,0,1,0,2,0,0,0,0,0,https://www.azet.sk/category/engineering
88,12,4,2,0,3,1,0,0,0,6,1,0,0,0,1,http://tptelecom.it/public/one.stting/inc-style/grece.paypai-id.pro346/myaccount/signin/
39,28,2,1,0,0,1,0,0,1,1,0,0,0,0,1,http://shethia-imperialavenue.co.in/op/
37,10,2,0,0,0,1,0,0,0,3,0,0,0,0,1,http://verinet.dk/media/aufcu/red.php
59,12,1,4,0,5,1,0,1,0,3,0,0,0,0,0,https://impact-ad.jp/questions/47624/how-to-implement-model
36,28,2,0,0,3,1,0,0,1,0,0,0,0,0,1,http://ruletkavvk.000webhostapp.com/
53,17,1,0,0,0,1,0,0,0,3,0,0,0,0,1,http://equinnoschcap.com/construct/construction/corp/
133,12,3,1,0,14,21,0,0,0,2,0,0,0,0,1,http://rxeadsco.com/excelz/bizmail.php?email=&amp;.rand=13vqcr8bp0gud&amp;lc=1033&amp;id=64855&amp;mkt=en-us&amp;cbcxt=mai&amp;snsc=1
60,18,2,2,0,7,1,0,1,1,3,0,0,0,0,0,https://blog.awsdns-58.com/questions/87216/tutorial-overview
79,7,1,1,0,0,1,0,0,0,7,0,0,0,0,1,http://hamt.jp/program/wp-content/themes/twentyfourteen/home/latampass/cadastro
52,18,2,0,0,0,2,0,1,1,2,0,0,0,0,0,https://dev.liquipedia.net/wiki/Network_architecture
34,18,1,0,0,0,2,0,0,0,1,0,0,0,0,1,http://jabbmanagement.com/pdf_user
31,11,2,0,0,0,1,0,0,0,1,0,0,0,0,1,http://zbavit.live/Special.html
76,16,2,1,0,0,1,0,0,0,7,1,0,0,0,1,http://midlandrubber.vn/wp-content/plugins/polylang/js/en/onedrive/login.php
30,18,2,0,0,0,1,0,0,0,1,0,0,0,0,1,http://www.entraegypt.com/inc/
56,15,2,0,0,0,1,0,0,0,6,0,0,0,0,1,http://boconceptla.com/fotosmuebles/pe/bc/en/B/index.php
66,12,2,1,0,0,1,0,1,0,5,0,0,0,0,1,https://undermart.in/wp-content/themes/mapro/js/identification.htm
39,17,2,0,0,0,1,0,1,1,2,0,0,0,0,0,https://dev.googleapis.cn/wiki/Phishing
42,13,1,1,0,2,1,0,1,0,2,0,0,0,0,0,https://awsdns-58.net/category/engineering
40,21,1,1,0,0,1,0,0,0,1,0,0,0,0,1,http://saipropertiespune.com/wp-content/
111,24,1,1,0,14,1,0,0,0,2,0,0,0,0,1,http://medienschmiede-sander.de/tim/0Q3cJQkOjXwusmhyEjKn915MuqpVtyEuoIG8z1WSZtnsPE0tYKR7LWUgnkcQSRlhA1p93m22Ppu
83,14,1,3,0,5,2,0,0,0,5,1,0,0,0,1,http://pd-iskra-lj.si/signin/customer_center/customer-IDPP00C544/myaccount/identity
50,16,2,2,0,0,1,0,1,0,2,0,0,0,0,0,https://www.huyamba.name/scikit-learn/scikit-learn
29,21,3,0,0,0,1,0,0,1,0,0,0,0,0,0,http://www.homecenter.com.co/
30,23,1,0,0,0,1,0,0,0,0,0,0,0,0,1,http://paxfulonlinepayment.com
45,14,1,0,0,1,1,0,1,0,3,0,0,0,0,1,https://catholichub.tv/aut/centurylink/e6aad/
44,12,4,0,0,1,1,0,0,1,3,0,0,0,0,0,http://en.lycos.com/docs/3/urllib.parse.html
45,29,2,0,0,22,1,0,1,1,1,0,0,0,0,1,https://153284594738391.statictab.com/2506080
28,12,2,0,0,0,1,0,1,1,1,0,0,0,0,0,https://dev.telex.hu/pricing
46,13,4,0,0,1,1,0,1,1,3,0,0,0,0,0,https://api.pbase.com/docs/3/urllib.parse.html
109,20,3,1,0,21,1,0,0,1,7,1,0,0,0,1,http://grandmarketltd.co.uk/wp-includes/inozfoZ/noande/paypal/59c0d7ceb90328d92e80f4e1f3646b99/view/login.php
51,17,2,2,0,0,1,0,1,1,2,0,0,0,0,0,https://dev.themeisle.com/scikit-learn/scikit-learn
51,22,3,1,0,1,2,0,1,0,2,1,0,0,0,1,https://www.mychase-online.com/kn2eyndk=/signin.php
30,11,1,1,0,0,1,0,1,0,1,0,0,0,0,0,https://apps.chrome/contact-us
41,13,1,0,0,0,1,0,0,0,3,0,0,0,0,1,http://shatorupa.com/receipe/micro/adobe/
72,15,3,0,0,31,1,1,0,0,3,0,0,0,0,1,http://104.168.211.161/banks/Desjardins/9a44d8385b909f24bb8b763baaa59da8
60,21,2,2,0,7,1,0,1,1,3,0,0,0,0,0,https://support.awsdns-26.net/questions/60389/best-practices
32,11,1,0,0,3,1,0,1,0,2,0,0,0,0,1,https://amvbner.com/mazon/87e5c/
99,15,2,1,0,9,2,0,1,1,5,0,0,0,0,1,https://docs.google.com/forms/d/e/1FAIpQLSd-uLscz1s9nbKj_jq6nUbK8v0DTv2cGRZVJLMxvizYt9XO7g/viewform
26,18,2,0,0,0,1,0,1,1,0,0,0,0,0,0,https://api.avidreaders.ru
47,13,2,2,0,0,1,0,1,1,2,0,0,0,0,0,https://dev.seaart.ai/scikit-learn/scikit-learn
85,21,3,2,0,0,1,0,1,0,5,1,0,0,0,1,https://inversionesmalulo.com/.well-known/acme-challenge/update/chaseonline/login.htm
106,13,7,0,0,15,1,0,0,0,5,0,0,0,0,1,http://toaletaeco.ro/https/34.237.113.1136674/sucursalpersonas.transaccionesbancolombia.com/mua/index.html
74,14,3,3,0,2,2,0,1,0,5,1,0,0,0,1,https://plusmarcas.com/.well-known/--/secure/chase%20online/validating.php
42,9,1,0,0,0,4,0,1,0,1,0,0,0,0,0,https://xfeed.com/search?q=neural+networks
49,14,2,0,0,1,4,0,0,1,1,0,0,0,0,0,http://docs.dnse3.com/search?q=python+programming
155,44,2,8,0,18,1,0,1,1,5,0,0,0,0,1,https://wdestaques19.venhaaproveitaressanovidade.com/superpromocao/74/produto/133233166/geladeira-refrigerador-electrolux-french-door-dm84x-579-litros-inox
44,19,2,0,0,7,1,0,0,1,3,1,0,0,0,1,http://c1511482.ferozo.com/LOGIN/postale/id/
23,16,2,0,0,2,1,0,0,1,0,0,0,0,0,1,http://10gbedavaa.dx.am
44,19,2,1,0,0,1,0,0,1,2,0,0,0,0,0,http://support.cdn-net.com/category/research
167,30,8,4,1,33,7,0,1,1,5,0,0,0,0,1,https://firebasestorage.googleapis.com/v0/b/user9909202930.appspot.com/o/ind.htm?alt=media&amp;token=171fcdb6-5849-401d-97af-f50644088cb9#jesus.roman@nucleares.unam.mx
55,20,2,2,0,0,1,0,1,1,2,0,0,0,0,0,https://blog.directadmin.com/blog/getting-started-guide
34,20,1,0,0,1,1,0,0,0,1,0,0,0,0,1,http://greenowladvisers.com/auth1/
28,9,1,1,0,0,1,0,1,0,1,0,0,0,0,0,https://google.ch/contact-us
106,8,2,0,0,0,12,0,0,0,4,0,0,0,0,1,http://ehan.org/bbs/chat/validate/mail.htm?cmd=LOB=RBGLogon&amp;_pageLabel=page_logonform&amp;secured_page
53,20,4,0,0,1,1,0,1,0,3,0,0,0,0,0,https://www.crossthegame.com/docs/3/urllib.parse.html
43,17,3,0,0,0,1,0,1,0,1,0,0,0,0,1,https://www.firstcbuk.com/customerlogin.php
37,9,1,0,0,3,3,0,0,0,1,0,0,0,0,1,http://cap114.fr/pa/?sec=SilviaPiskun
134,22,6,2,1,38,10,0,1,1,3,1,0,0,0,1,https://storage.googleapis.com/online-webmail-452020.appspot.com/%2525%2525%2525%2525%2525%2525%2525%2525/login.html#admin@example.com
72,12,3,0,1,0,3,0,0,0,3,0,0,0,0,1,http://duniafan.com/dirr/excelz/bizmail.php?email=nobody@mycraftmail.com
24,7,1,0,0,0,1,0,1,0,2,0,0,0,0,0,https://afp.com/help/faq
33,25,1,0,0,0,1,0,1,0,0,0,0,0,0,0,https://worldpopulationreview.com
52,14,2,1,0,0,1,0,1,0,3,0,0,0,0,0,https://www.eventim.de/questions/tagged/python-guide
65,13,5,2,0,3,2,0,1,1,5,0,0,0,0,1,https://dzd.rksmb.org/conf09/--/https:/www2.netflix.com/index.php
47,22,3,0,0,0,1,0,1,1,2,0,0,0,0,1,https://storage.googleapis.com/owalive/live.htm
42,14,2,1,0,0,1,0,1,0,2,0,0,0,0,0,https://www.rtblab.net/blog/best-practices
47,17,2,0,0,3,4,0,1,1,1,0,0,0,0,0,https://blog.789bingo.com/search?q=data+science
49,19,2,2,0,8,1,0,1,0,3,0,0,0,0,1,https://www.surveygizmo.com/s3/5591970/AT-T-Mail/
61,16,2,0,0,21,1,0,1,1,2,0,0,0,0,1,https://compassdm.com.au/ADB/d9b97950e835ae2b109b8fe46a4902d5
71,46,5,1,0,0,1,0,1,3,2,0,0,0,0,1,https://www.bcpzonasegurabeta.viabcp.com.saharadew.com/m/iniciar-sesion
50,18,2,0,0,0,1,0,0,0,4,0,0,0,0,1,http://www.sanromedio.org/modules/color/images/gb/
113,15,2,2,0,5,6,0,1,1,5,0,0,0,0,1,https://docs.google.com/forms/d/e/1FAIpQLSdpU1i7OOfsPlO-eElVVqm_xfG1_9yeRqQePyYA-hudhBhSkw/viewform?usp=send_form
55,18,2,1,0,6,1,0,0,1,4,0,0,0,0,0,http://docs.dbankcloud.eu/news/2024/06/machine-learning
49,15,2,1,0,0,1,0,1,0,3,0,0,0,0,1,https://www.sipamal.com/wp-content/uploads/wells/
103,30,3,0,0,9,7,0,1,1,4,1,0,0,0,1,https://surgeon4shoulderandelbow.co.uk/Office%20pc%20mobile/Office%20pc%20mobile/view/login.php?userid=
62,28,1,2,0,0,1,0,1,0,3,0,0,0,0,1,https://acct-scsouthmountain-inv.org/adobe/pdf/authentication/
45,12,4,0,0,1,1,0,1,1,3,0,0,0,0,0,https://api.bill.com/docs/3/urllib.parse.html
38,22,2,0,0,0,1,0,1,0,1,0,0,0,0,0,https://www.marketscreener.com/pricing
57,21,2,3,0,0,1,0,1,1,2,0,0,0,0,0,https://support.parallels.com/blog/how-to-implement-model
51,17,2,1,0,0,4,0,1,0,1,0,0,0,0,0,https://www.azure-dns.com/search?q=machine+learning
43,16,2,1,0,0,1,0,1,1,2,0,0,0,0,0,https://support.a-mx.com/wiki/Cybersecurity
31,15,2,0,0,0,1,0,1,1,1,0,0,0,0,0,https://blog.interia.pl/pricing
50,17,2,0,0,1,2,0,1,1,2,0,0,0,0,0,https://support.awin1.com/wiki/Logistic_regression
50,18,4,0,0,1,1,0,0,1,3,0,0,0,0,0,http://blog.archdaily.com/docs/3/urllib.parse.html
46,20,3,0,0,5,3,0,0,0,1,0,0,0,0,1,http://www.progarchives.com/album.asp?id=61737
23,10,1,0,0,0,1,0,0,0,1,0,0,0,0,0,http://wanadoo.fr/about
56,22,1,2,0,0,1,0,1,0,2,0,0,0,0,0,https://skyscannerplatform.net/scikit-learn/scikit-learn
43,24,3,1,0,0,1,0,1,2,1,0,0,0,0,0,https://dev.huffingtonpost.co.uk/contact-us
44,12,2,1,0,0,1,0,1,0,2,0,0,0,0,0,https://www.usask.ca/topics/machine-learning
56,17,2,1,0,0,1,0,1,1,3,0,0,0,0,0,https://api.skysports.com/questions/tagged/release-notes
24,16,2,0,0,0,1,0,0,0,0,0,0,0,0,0,http://www.kfintech.com/
38,16,2,2,0,2,1,0,0,0,1,0,0,0,0,1,http://my-tee-shirt.com/autoscout24.de
32,13,2,1,0,0,1,0,1,1,1,0,0,0,0,0,https://en.thawte.com/contact-us
58,17,3,0,0,3,1,0,1,1,2,0,0,0,0,1,https://image.prntscr.com/image/QLvb0YJ1QLimri5EqhUlGQ.png
53,17,1,0,0,0,4,0,0,0,2,0,0,0,0,1,http://delgadaygordo.com/GuestBook/_alert/?a=contacts
17,9,1,0,0,0,1,0,0,0,0,0,0,0,0,1,http://dcxcs.xyz/
33,25,3,0,0,9,1,0,0,2,0,0,0,0,0,1,http://site9423773.92.webydo.com/
26,17,2,1,0,0,1,0,1,1,0,0,0,0,0,1,https://amex-usa.app.link/
110,21,4,1,0,3,6,0,0,0,7,1,0,0,0,1,http://www.mncelektronik.com/pp/account/check/Support/ID-NUMB139/myaccount/signin/?country.x=US&locale.x=en_US
163,30,6,4,1,28,7,0,1,1,5,0,0,0,0,1,https://firebasestorage.googleapis.com/v0/b/safeuser1144.appspot.com/o/index.html?alt=media&amp;token=275b7180-3b06-45d1-ab37-9d696f73b8d0#tmielke@prepaidlegal.com
51,9,1,1,0,5,1,0,1,0,3,0,0,0,0,0,https://arca.live/questions/68045/tutorial-overview
25,17,1,1,0,0,1,0,1,0,0,0,0,0,0,0,https://uni-goettingen.de
70,21,3,4,0,0,2,0,0,0,4,0,0,0,0,1,http://www.sunburstmedia.com/PronPower/=/Lbb-T-online/lbb-t-online.de/
44,20,2,0,0,0,1,0,1,0,1,0,0,0,0,1,https://www.corinnakegel.com/Autenticazione/
35,19,2,0,0,0,1,0,1,0,1,0,0,0,0,0,https://www.bostonglobe.com/pricing
98,17,1,0,0,18,9,0,1,0,2,1,0,0,0,1,https://usereinloggen.com/accnt/signin/?cmd=_login&dispatch=4d967c3a2d9663811061a4ea6&locale=en_GB
26,13,2,0,0,0,1,0,0,0,1,0,0,0,0,0,http://www.india.com/about
237,15,2,1,0,96,10,0,1,0,6,1,0,0,0,1,https://polish-books.pl/modules/payu/upgrade/console/onedrive/login.php?cmd=login_submit&amp;id=51011d2361cd12914d4eba8315c6003351011d2361cd12914d4eba8315c60033&amp;session=51011d2361cd12914d4eba8315c6003351011d2361cd12914d4eba8315c60033
53,13,3,0,0,0,4,0,1,1,1,0,0,0,0,0,https://www.gla.ac.uk/search?q=cybersecurity+research
50,16,2,1,0,0,1,0,1,1,2,1,0,0,0,0,https://blog.hanbiro.com/category/security-updates
40,17,2,0,0,0,3,0,1,0,1,0,0,0,0,1,https://www.instagram.com/pop_credicard_
56,12,1,1,0,3,1,0,0,0,5,0,0,0,0,1,http://fnixasia.com/wp-includes/js/jcrop/Netflix/user791
227,18,3,0,0,81,11,0,0,0,5,1,0,0,0,1,http://www.picnicustad.pk/static/js/365/one%20drive/login.php?cmd=login_submit&amp;id=38ccb15ed1a02c55747286e59ecfdf8438ccb15ed1a02c55747286e59ecfdf84&amp;session=38ccb15ed1a02c55747286e59ecfdf8438ccb15ed1a02c55747286e59ecfdf84
28,19,1,0,0,0,1,0,1,0,0,0,0,0,0,0,https://novinhabucetuda.com/
53,7,1,2,0,5,1,0,1,0,3,0,0,0,0,0,https://one.one/questions/69069/getting-started-guide
19,7,1,0,0,1,1,0,0,0,1,0,0,0,0,1,http://urlz.fr/bUm9
42,13,3,0,0,0,1,0,0,0,3,1,0,0,0,1,http://www.gagrp.com/gibn/wej/confirm.html
60,23,2,2,0,5,1,0,1,0,3,0,0,0,0,0,https://www.minecraft-inside.ru/questions/77838/python-guide
56,20,2,0,0,0,4,0,1,1,1,0,0,0,0,0,https://docs.timeanddate.com/search?q=python+programming
44,13,2,1,0,0,1,0,1,1,2,0,0,0,0,0,https://en.sfgate.com/blog/tutorial-overview
45,15,2,0,0,0,4,0,1,0,1,0,0,0,0,0,https://www.dnsexit.com/search?q=data+science
46,38,3,0,0,0,1,0,0,2,0,0,0,0,0,1,http://facebookfriends.robertholiveira.com.br/
31,12,2,1,0,0,1,0,1,1,1,0,0,0,0,0,https://dev.funda.nl/contact-us
47,11,1,3,0,0,1,0,1,0,2,0,0,0,0,0,https://hosttech.ch/blog/how-to-implement-model
50,18,2,0,0,0,4,0,0,1,1,0,0,0,0,0,http://en.unrulymedia.com/search?q=neural+networks
51,17,2,1,0,6,1,0,1,1,4,0,0,0,0,0,https://api.nonamesec.com/news/2024/06/python-guide
40,33,2,0,0,0,1,0,0,0,0,0,0,0,0,1,http://www.bankofamericaonlinesignin.net
24,10,1,0,0,0,1,0,1,0,1,0,0,0,0,0,https://popsci.com/about
39,13,2,0,0,0,1,0,1,0,2,0,0,0,0,0,https://www.adobe.net/products/software
47,7,1,0,0,3,2,0,1,0,2,0,0,0,0,1,https://1drv.ms/o/s!AsDOqhDzchZKcekSmE1zxZ0tBys
21,13,1,0,0,0,1,0,0,0,0,0,0,0,0,1,http://seasondeal.su/
42,28,2,1,0,0,1,0,0,1,1,0,0,0,0,1,http://clienteappsms-com.umbler.net/caixa/
132,16,3,2,0,13,3,0,1,1,2,0,0,0,0,1,https://forms.office.com/Pages/ResponsePage.aspx?id=Ihle7-A1oEi7afvzYwHAwS5XiqgZ8mFKm8p-86mqnr9UNDhLN1lQTEYzQVc1Tlk5MFozWVAwTkNKMy4u
48,17,3,0,0,5,3,0,1,0,1,0,0,0,0,1,https://www.zipsurvey.com/Survey.aspx?suid=85067
21,6,1,0,0,3,1,0,0,0,1,0,1,0,0,1,http://bit.ly/38p7HqJ
241,12,2,1,0,80,10,0,0,0,5,1,0,0,0,1,http://itcitymm.com/wp-content/themes/confirmnewboa/confirmnewboa/login.php?cmd=login_submit&amp;id=d3596c003bbe8cca22820b6688ab607dd3596c003bbe8cca22820b6688ab607d&amp;session=d3596c003bbe8cca22820b6688ab607dd3596c003bbe8cca22820b6688ab607d
31,22,4,0,0,0,1,0,1,3,0,0,0,0,0,1,https://amazon.co.jp.lcmgo.com/
48,11,2,1,0,5,1,0,0,1,3,0,0,0,0,0,http://dev.bms.com/questions/14113/release-notes
37,12,1,0,0,0,1,0,1,0,2,0,0,0,0,0,https://sprinklr.com/support/overview
57,21,3,1,0,1,1,0,1,0,2,0,0,0,0,1,https://siemprelistoradio.com/amazon-yahoo.com/index2.php
30,13,1,0,0,0,1,0,1,0,2,0,0,0,0,0,https://schoology.com/help/faq
40,15,2,0,0,0,2,0,0,1,3,0,0,0,0,1,http://webaccess.co.id/~jfsulfur/gl/here
63,16,2,3,0,5,1,0,1,0,3,0,0,0,0,0,https://www.afterpay.com/questions/19553/how-to-implement-model
19,11,1,0,0,0,1,0,0,0,0,0,0,0,0,0,http://comcast.com/
37,22,2,0,0,0,1,0,1,0,1,0,0,0,0,1,https://www.namikeystonepa.org/xanax/
56,15,2,1,0,5,1,0,1,1,3,0,0,0,0,0,https://en.michaels.com/questions/45650/machine-learning
214,14,4,1,0,47,28,0,1,0,1,0,0,1,0,1,https://www.google.com/url?q=http://mobile.msufcu.org/moep/?mode%3Dlink%26u%3D5%26m%3D1566446912%26s%3D%257B%5Bmsg_mbr_id%5D%257D&amp;source=gmail&amp;ust=1572381554271000&amp;usg=AFQjCNEQict6g0liZcXgtb-b_qidUpbWDg
89,18,2,1,0,6,3,0,0,0,5,0,0,0,0,1,http://www.mytanfarma.com/wp-includes/SimplePie/Decode/HTML/acc/?EsetProtoscanCtx=46119c0
57,19,3,1,0,0,1,0,1,2,3,0,0,0,0,0,https://support.nice.org.uk/questions/tagged/python-guide
166,14,7,1,0,45,10,0,1,1,3,0,0,0,0,1,https://jbimpex.com.pk/fd67mn/z/logg.php?l=_JeHFUq_VJOXK0QWHtoGYDw1774256418&fid.13InboxLight.aspxn.1774256418&fid.125289964252813InboxLight99642_Product-userid&gang=
36,29,2,1,0,0,1,0,0,1,0,0,0,0,0,0,http://support.meetcircle-netgear.co
43,35,2,3,0,0,1,0,0,1,0,0,0,0,0,1,http://paypal-support-help-inc.blogspot.be/
49,23,2,1,0,0,1,0,1,1,2,1,0,0,0,0,https://api.config-security.com/products/software
17,8,2,0,0,1,1,0,1,1,0,0,1,0,0,1,https://f.px1.co/
36,29,1,0,0,0,1,0,0,0,0,0,0,0,0,1,http://theprofessionalinstitutes.org
22,13,2,0,0,0,1,0,1,1,0,0,0,0,0,0,https://dev.nsone.net/
54,46,3,1,0,0,1,0,0,2,0,0,0,0,0,1,http://alertasynotificaciiones-baancolombia.zz.com.ve/
56,16,2,1,0,0,1,0,1,1,3,0,0,0,0,0,https://blog.medrxiv.org/questions/tagged/best-practices
65,18,3,1,0,0,1,0,0,0,4,0,0,0,0,1,http://www.therockacc.org/wp-admin/css/LOGINONLINE/validating.php
46,13,2,0,0,0,2,0,0,1,2,0,0,0,0,0,http://api.fantia.jp/wiki/Network_architecture
45,24,1,0,0,1,1,0,1,0,2,0,0,0,0,1,https://registrodebitosperu1.com/BNWeb/lnicio
166,11,2,1,0,24,1,0,0,1,2,0,0,0,0,1,http://fr.proxy.al/direct/aHR0cHM6Ly93d3cuZmFjZWJvb2suY29tL2ltcHJlc3Npb24ucGhwL2YzNzM0MzE3ODcyMDI2Lz9saWQ9MTE1JnBheWxvYWQ9JTdCJTIyc291cmNlJTIyJTNBJTIyanNzZGslMjIlN0Q-
36,18,2,0,0,3,1,0,1,0,2,0,0,0,0,1,https://www.surveyrock.com/ts/G4T66F
48,15,2,0,0,1,4,0,0,1,1,0,0,0,0,0,http://dev.sexvid1.com/search?q=machine+learning
47,18,2,0,0,0,1,0,1,0,2,0,0,0,0,0,https://www.bollyflix.free/category/engineering
56,23,4,2,0,4,1,0,1,1,3,0,0,0,0,0,https://docs.vercel-dns-017.com/docs/3/urllib.parse.html
31,12,2,1,0,0,1,0,1,1,1,0,0,0,0,0,https://api.avito.st/contact-us
35,19,2,0,0,0,1,0,1,1,1,0,0,0,0,0,https://support.ivideon.com/pricing
25,11,2,0,0,0,1,0,1,1,1,0,0,0,0,0,https://docs.nic.cz/about
61,17,2,1,0,0,1,0,0,0,5,0,0,0,0,1,http://lauraburkowsky.ca/wp-includes/js/tinymce/outi/our.html
59,11,2,3,0,0,1,0,1,0,3,0,0,0,0,0,https://www.oaed.gr/questions/tagged/how-to-implement-model
31,12,1,1,0,0,1,0,1,0,1,0,0,0,0,0,https://kuiniuca.com/contact-us
33,17,2,0,0,0,1,0,1,1,1,0,0,0,0,0,https://blog.redporn.porn/pricing
56,20,2,3,0,0,1,0,1,1,2,0,0,0,0,0,https://blog.exacttarget.com/blog/how-to-implement-model
24,15,3,0,0,0,1,0,1,2,0,0,0,0,0,0,https://en.google.co.in/
35,16,3,1,0,0,1,0,1,2,1,0,0,0,0,0,https://blog.roman.co.uk/contact-us
33,12,1,0,0,0,1,0,0,0,2,1,0,0,0,1,http://nowskins.com/openid/login/
950,27,3,0,0,404,82,0,0,1,5,0,0,0,0,1,http://safgg34rfdfweqdas.epizy.com/index.htm&amp;data=02%7C01%7C%7C081c221d80ab4d35e7ed08d7e7b30aca%7C46326bff992841a0baca17c16c94ea99%7C0%7C0%7C637232628468819954&amp;sdata=GXjJ2OTE/d80oMnj63x0IV3Ov7gvgXPF7DZnceDiF5o=&amp;reserved=0&amp;data=02%7C01%7C%7Cef0d6f6a2c954920d97908d7e7d482d4%7C46326bff992841a0baca17c16c94ea99%7C0%7C0%7C637232772217185326&amp;sdata=Xf906ly3rgn/1hLOPu77Cd9Aqo5qOU7nrVxdMAu50g8=&amp;reserved=0&amp;data=02%7C01%7C%7Cdb2e92f0617343f483de08d7e8524e52%7C46326bff992841a0baca17c16c94ea99%7C0%7C0%7C637233312534679981&amp;sdata=P98DfEO7ZF5tJchder9keKU2mulQfgpdQ4Yy2EyuIUE=&amp;reserved=0&amp;data=02%7C01%7C%7C66b4498c009b4b6d1cdf08d7e88ced98%7C46326bff992841a0baca17c16c94ea99%7C0%7C0%7C637233564300617393&amp;sdata=Lfk2oqz0bSeAt91aMSvObHSeD1As/y44bVf32Yjl7R0=&amp;reserved=0&amp;data=02%7C01%7C%7C91ab075cf0334a2c625e08d7e89dcd4f%7C46326bff992841a0baca17c16c94ea99%7C0%7C0%7C637233636865271710&amp;sdata=qLs9xJaZp/XYJynpFyi7
65,19,4,0,0,4,1,0,0,1,4,0,0,0,0,1,http://www.wkrprime.com.br/images/swmenufree/arrows/index5101.php
28,20,2,0,0,0,1,0,0,1,0,0,0,0,0,1,http://tregdsryterger.rf.gd/
45,17,2,0,0,0,1,0,1,1,2,0,0,0,0,0,https://blog.tlivecdn.com/category/technology
38,31,2,0,0,0,1,0,0,1,0,0,0,0,0,1,http://ceramicasale.nckiemployment.gdn
69,15,2,0,0,18,2,0,1,0,2,0,0,0,0,1,"https://runescape.rocks/m=weblogin/loginform.ws432,432,556,34456543,1"
19,11,2,0,0,0,1,0,0,0,0,0,0,0,0,0,http://www.unm.edu/
84,37,2,1,0,0,1,0,1,1,6,1,0,0,0,1,https://miembros.womenclubforbetterhealth.com/wp-admin/css/product/net/flix/account/
25,6,1,1,0,0,1,0,1,0,1,0,0,0,0,0,https://uva.nl/contact-us
29,20,1,0,0,0,1,0,1,0,0,0,0,0,0,1,https://bancoitaudigital.com/
51,19,3,0,0,0,1,0,1,1,4,0,0,0,0,1,https://mail.afirehorse.com/dss/dhl/dhlpage/dhl.htm
33,17,2,0,0,0,1,0,1,1,1,0,0,0,0,0,https://dev.netmarble.com/pricing
57,24,3,1,0,0,1,0,1,2,2,0,0,0,0,0,https://support.incometax.gov.in/products/developer-tools
112,15,2,1,0,11,4,0,1,1,5,0,0,0,0,1,https://docs.google.com/forms/d/e/1FAIpQLSeZFvg7zaZ2yoNGgcGTTsKsen9b9FW5e889zV6cCf1nI-pjvQ/viewform?usp=sf_link/
47,13,2,1,0,6,1,0,1,0,4,0,0,0,0,0,https://www.tizen.org/news/2024/06/python-guide
77,15,1,1,0,1,1,0,1,0,6,0,0,0,0,1,https://thelogodept.com/wp-admin/includes/acess2/WellsFargo/WellsFargo/wells/
68,18,1,1,0,0,2,0,0,0,4,1,0,0,0,1,http://alongthelocals.com/wp-content/languages/login/customer_center
45,13,4,0,0,1,1,0,0,0,3,0,0,0,0,0,http://www.ttvnw.net/docs/3/urllib.parse.html
132,26,2,2,0,8,9,0,1,1,5,0,0,0,0,1,https://synovasa-my.sharepoint.com/:b:/g/personal/tatiana_boillat_synova_ch/EUeepMli5aZEpIsT-4tz7BYBt7qPUaFA6t_EWW2emC2SKw?e=y2wsSR/
44,10,1,2,0,0,1,0,1,0,2,0,0,0,0,0,https://clarity.ms/scikit-learn/scikit-learn
77,16,1,1,0,0,1,0,1,0,6,0,0,0,0,1,https://grindtimegym.com/wp-admin/includes/class/WellsFargo/WellsFargo/wells/
49,12,1,0,0,0,2,0,0,0,4,0,0,0,0,1,http://oaidioaa.com/boa/boa/boa/verifyemail_files
567,45,6,0,0,90,44,0,0,4,1,0,0,1,0,1,http://paypal.co.uk.userusau0jsescq.settingsppup.com/Settingsppup.cfm?fp=vqQV2sC0IrFJVEjy0vQdeuZB7DMfPMZOQw5Sj2ckdlkUTKdxkBjJKN59koVRT/RQvu8cxusHht7U9gk0ksxOhYd9dtiM//LpJ0ItFQUHRBtMe7oCAmwrsdWH/8DcGngqr1F0O47kd4vyE8SB6HzhX8YkUi3YY2xFkL9nADmWJ3yD8HbiZHyzyKyxDB2riU3ewI/EAzS5O7ko/h%2032XO6nw==&amp;maxads=0&amp;kld=1003&amp;yprpnd=OvnLvlIuZQMVcBDZme968gl2scPkxXrcwDCtqI91WFA=&amp;prvtof=4x5Q71%20r2oTpJmE43A3u6Epeh2gHEZX4l1I4znQnLVw=&amp;eml&amp;cmd=form_submit&amp;dispatch=34xsd45423d1zmw241234zxadvzvh24af23d60&amp;&amp;kt=217&amp;kbc=settingsppup&amp;ktd=0&amp;kp=2
59,25,2,0,0,0,2,0,1,1,2,0,0,0,0,0,https://docs.eyemedvisioncare.com/wiki/Network_architecture
54,20,1,2,0,0,1,0,1,0,2,0,0,0,0,0,https://sharepointonline.com/scikit-learn/scikit-learn
56,32,1,0,0,2,1,0,1,0,2,0,0,0,0,1,https://serviceenligneverificationbp.com/moncompte/8a2ed
275,29,3,1,0,107,11,0,0,0,5,1,0,0,0,1,http://www.southcountyclassified.com/wp-includes/chtayd_ikfdn/1126f989208b4593fe6fb8e44d59767d/view/login.php?cmd=login_submit&amp;id=7458bd635ef5192b7e4d151fc246c1c87458bd635ef5192b7e4d151fc246c1c8&amp;session=7458bd635ef5192b7e4d151fc246c1c87458bd635ef5192b7e4d151fc246c1c8
34,18,2,0,0,0,1,0,1,1,1,0,0,0,0,0,https://blog.nominetdns.uk/pricing
170,39,2,1,0,13,15,0,1,1,5,0,0,0,1,1,https://firstgraderecruitment-my.sharepoint.com:443/:b:/g/personal/joshua_pitts_firstgrade_com_au/EZSdc1nhRdBFoEZtR4E1EIgBQBWliQwmdrXbU3wS_HSVlA?e=3D4%3aev0jJc&amp;at=3D9
35,13,1,0,0,0,1,0,0,0,2,1,0,0,0,1,http://alexporter.eu/optimum/secure
38,24,2,0,0,0,1,0,1,1,1,0,0,0,0,0,https://support.megapersonals.eu/about
47,23,3,0,0,0,1,0,0,1,2,0,0,0,0,1,http://safenabsecur.cloudns.cx/data/initial.php
53,20,2,0,0,0,2,0,1,1,2,0,0,0,0,0,https://blog.mydramawave.com/wiki/Logistic_regression
119,18,3,3,0,17,1,0,1,1,7,0,0,0,0,1,https://www.planwise.co.za/wp-content/plugins/jet-theme-core/includes/dashboard/chase/dd2a9b4e2a6ebe23d3a184b05c09c91b/
29,16,1,0,0,0,1,0,0,0,2,0,0,0,0,1,http://rashetfustuk.com/CS/AS
39,16,1,0,0,14,1,0,0,0,1,0,0,0,0,1,http://server192168.xyz/IE10010110xyMS/
30,14,2,0,0,0,1,0,1,1,1,0,0,0,0,0,https://en.igamecj.com/pricing
32,9,1,0,0,0,1,0,1,0,2,0,0,0,0,0,https://valve.net/explore/topics
97,35,2,1,0,17,1,0,1,1,4,0,0,0,0,1,https://livraisonspeed2025.cloudaccess.host/wp-content/DHMF0JCT17E1/7b6a70a408d35be/fatturazione/
46,14,1,2,0,0,1,0,1,0,2,0,0,0,0,0,https://dns-servers.vn/topics/machine-learning
91,17,3,0,0,1,1,0,0,0,7,0,0,0,0,1,http://www.tengfeldt.com/media/editors/tinymce/themes/confirmnewboa/confirmnewboa/surf2.php
66,24,4,0,0,5,1,0,0,2,3,0,0,0,0,1,http://coupedeparis.f3m.free.fr/photos/CoupedeParis2010/index.html
50,16,2,2,0,0,1,0,1,1,2,0,0,0,0,0,https://blog.syndigo.com/scikit-learn/scikit-learn
106,17,2,1,0,0,2,0,0,0,9,1,0,0,0,1,http://firesidelodge.net/wp-content/themes/Avada/framework/plugins/revslider/temp/update_extract/flix.html
196,25,3,20,0,14,1,0,0,1,2,0,0,0,0,1,http://www.tudosobretudo.blog.br/banco-bradesco-agencia-endereco/bradesco-agencia-6621-shopping-granja-viana-rodovia-raposo-tavares-km-23-lageadinho-telefone-endereco-mapa-localizacao-cep-06709015
23,9,1,1,0,0,1,0,1,0,1,0,0,0,0,0,https://ko-fi.com/about
49,9,2,0,0,0,4,0,1,1,1,0,0,0,0,0,https://nwu.ac.za/search?q=cybersecurity+research
45,22,1,0,0,6,1,0,0,0,1,0,0,0,0,1,http://dutadamaijawatengah.id/LMIF623IOPO520/
37,15,2,0,0,0,1,0,1,0,2,0,0,0,0,0,https://www.joporn.name/wiki/Phishing
43,9,1,2,0,0,1,0,1,0,2,0,0,0,0,0,https://vultr.com/scikit-learn/scikit-learn
47,12,2,1,0,6,1,0,1,0,4,0,0,0,0,0,https://www.ikman.lk/news/2024/06/release-notes
70,32,3,0,0,0,2,0,1,1,3,0,0,0,0,1,https://acessosegurodigitalmn.joomla.com/primeiroacesso/pf/_passwd.php
56,20,2,2,0,0,1,0,0,1,2,0,0,0,0,0,http://support.sendgrid.net/topics/getting-started-guide
51,18,2,0,0,0,4,0,1,0,1,0,0,0,0,0,https://www.sambaporno.com/search?q=neural+networks
28,11,1,0,0,0,1,0,1,0,2,0,0,0,0,0,https://ebayimg.com/help/faq
54,21,2,0,0,0,2,0,1,1,2,0,0,0,0,0,https://support.fuckmoral.com/wiki/Logistic_regression
37,12,2,0,0,4,1,0,1,0,2,0,0,0,0,0,https://www.1688.com/support/overview
44,22,1,0,0,0,1,0,0,0,3,0,0,0,0,1,http://ladycavendishdiary.com/office/doc/doc
26,19,1,0,0,0,1,0,0,0,0,0,0,0,0,1,http://starlingintlbnk.com
50,23,3,0,0,1,3,0,0,0,2,0,0,0,0,1,http://www.kbstitchdesigns.com/i/successful(1).htm
26,12,1,0,0,0,1,0,0,0,1,1,0,0,0,1,http://flrstmet.com/verify
32,16,2,0,0,0,1,0,1,0,1,0,0,0,0,0,https://www.vodafone.com/pricing
229,29,2,0,0,64,10,0,1,0,3,1,0,0,0,1,https://faridabadeducationcouncil.com/chase/Chasebank/login.php?cmd=login_submit&amp;id=24bff6683ded73ffceac454d77fd961c24bff6683ded73ffceac454d77fd961c&amp;session=24bff6683ded73ffceac454d77fd961c24bff6683ded73ffceac454d77fd961c
105,25,2,1,0,20,2,0,0,0,5,1,0,0,0,1,http://southcountyclassified.com/wp-includes/chtayd_ikfdn/77ca41f14342afd83ae654649b868bdc/view/login.php
44,29,3,0,0,2,1,0,0,1,1,0,0,0,0,1,http://dataupdaterequired.site44.com/pl.html
41,16,2,0,0,0,1,0,1,1,2,0,0,0,0,0,https://blog.govinfo.gov/support/overview
50,24,2,4,0,0,1,0,1,0,2,0,0,0,0,0,https://www.xn----ztbcbceder.net/products/software
51,11,1,0,0,0,4,0,1,0,1,0,0,0,0,0,https://mahacet.org/search?q=cybersecurity+research
34,15,2,0,0,0,3,0,1,1,2,0,0,0,0,1,https://fbads.igtdm.com/&amp;/home
241,12,2,1,0,64,10,0,0,0,5,1,0,0,0,1,http://itcitymm.com/wp-content/themes/confirmnewboa/confirmnewboa/login.php?cmd=login_submit&amp;id=313beb3ef383ccd05aaa366cb959d2cd313beb3ef383ccd05aaa366cb959d2cd&amp;session=313beb3ef383ccd05aaa366cb959d2cd313beb3ef383ccd05aaa366cb959d2cd
67,13,2,1,0,4,1,0,1,0,5,0,0,0,0,1,https://vardhaman.org/wp-includes/js/plupload/mtb2020/redirect.html
61,43,3,2,0,3,1,0,1,1,1,1,0,0,0,1,https://page-account-transparency.000webhostapp.com/login.htm
49,13,2,1,0,5,1,0,0,0,3,0,0,0,0,0,http://www.rlcdn.com/questions/77304/python-guide
144,25,4,2,0,6,2,0,1,2,10,1,0,0,0,1,https://educacion.rionegro.gov.ar/wpsecretaria/wp-content/themes/twentyfifteen/home/app-online/latampassa_2.0/ItauCard2020doorig/cadastro/login/
53,12,2,1,0,0,1,0,0,1,3,0,0,0,0,0,http://dev.youtu.be/questions/tagged/machine-learning
109,13,7,0,0,16,1,0,1,0,6,0,0,0,0,1,https://kaizenpak.com/2/https/34.237.113.1139647/sucursalpersonas.transaccionesbancolombia.com/mua/index.html
52,18,3,2,0,0,1,0,1,2,2,0,0,0,0,0,https://support.imd.gov.in/scikit-learn/scikit-learn
45,27,3,0,0,3,1,0,1,1,1,1,0,0,0,1,https://azrecpsrt.000webhostapp.com/login.htm
91,22,5,0,0,1,1,0,1,1,3,0,0,0,0,1,https://storage.googleapis.com/makwvdhbjebdckisncacns9.appspot.com/rtvdfc/ALVKBJDNAVAV.html
123,15,2,2,0,2,10,0,0,0,2,0,0,0,0,1,http://playarprint.com/chase/home.php?public/enroll/identifyuser-aspx-lob=rbglogon=mjewnje4mziwng==mjewnje4mziwng==&amp;amp
228,13,2,1,0,74,11,0,0,0,4,1,0,0,0,1,http://waytoketo.com/wp-content/themes/New%20Inquiry/login.php?cmd=login_submit&amp;id=d1f4ac19daa56e4c0cb19be51969f854d1f4ac19daa56e4c0cb19be51969f854&amp;session=d1f4ac19daa56e4c0cb19be51969f854d1f4ac19daa56e4c0cb19be51969f854
45,14,2,1,0,0,1,0,1,1,2,0,0,0,0,0,https://en.azurefd.net/blog/tutorial-overview
71,42,5,2,0,0,1,0,0,3,3,1,0,0,0,1,http://feedback.alleqro-pl.printingperthwa.com.au/wp-log/form/login.htm
56,29,2,3,0,11,2,0,0,0,1,1,0,0,0,1,http://fb-recovery-10000076928-it.tk/update_security.htm
50,13,2,1,0,0,1,0,1,1,4,0,0,0,0,1,https://streck.com.br/wp-includes/js/crop/xinklin/
16,8,1,0,0,0,1,0,1,0,0,0,0,0,0,0,https://xdate.ch
26,17,2,0,0,0,1,0,1,0,0,0,0,0,0,0,https://www.zetaglobal.io/
44,27,2,0,0,0,1,0,1,0,2,0,0,0,0,0,https://www.loteriasdominicanas.com/help/faq
41,25,2,0,0,0,1,0,1,1,1,0,0,0,0,0,https://support.countryliving.com/pricing
128,22,1,1,0,25,5,0,1,0,2,1,0,0,0,1,https://bestconferenceline.com/jfk/cmd-login=721d760cafa0a24d83d55c2b8462ac71/?reff=ZjlmYzA0ZDYyYTA3YTljYzY3NDMxNjQyODU4M2ZiYzg=
71,17,2,0,1,2,3,0,0,0,2,0,0,0,0,1,http://leadingstarbd.com/dallow/upgrade/?email=julia34@prepaidlegal.com
38,22,2,0,0,0,1,0,1,1,1,0,0,0,0,0,https://api.wakuhyfeserucu.com/pricing
54,20,3,0,1,0,2,0,1,0,1,0,0,0,0,1,https://www.nicolacirilli.it/ov/?redacted@redacted.tld
46,19,2,0,0,0,2,0,1,1,2,0,0,0,0,0,https://blog.techtarget.com/wiki/Random_forest
15,6,1,0,0,1,1,0,1,0,0,0,0,0,0,0,https://f5.com/
16,5,1,0,0,1,1,0,0,0,1,0,0,0,0,1,http://po.do/5N/
207,13,2,0,0,88,10,0,1,0,3,1,0,0,0,1,https://balletshop.eu/a/adobepdf/login.php?cmd=login_submit&id=7220112e1f847dd98a4966edc798f06f7220112e1f847dd98a4966edc798f06f&session=7220112e1f847dd98a4966edc798f06f7220112e1f847dd98a4966edc798f06f&email=
105,25,2,1,0,18,2,0,0,0,5,1,0,0,0,1,http://southcountyclassified.com/wp-includes/chtayd_ikfdn/d8f244e04fa698da7a2ec35b346cc32b/view/login.php
59,15,3,0,0,0,1,0,1,1,5,0,0,0,0,1,https://aaciardi.com.br/assets/images/codex/codex/index.php
26,12,1,0,0,0,1,0,1,0,1,0,0,0,0,0,https://queniubg.com/about
31,15,1,0,0,0,1,0,1,0,1,0,0,0,0,0,https://tamildhool.tech/pricing
45,11,1,1,0,0,1,0,1,0,2,1,0,0,0,0,https://booking.com/category/security-updates
39,23,2,0,0,0,1,0,0,0,1,0,0,0,0,1,http://www.aludagoglichidze.ge/xmonstr/
53,14,2,1,0,0,1,0,1,1,3,0,0,0,0,0,https://blog.vogue.com/questions/tagged/release-notes
58,16,2,1,0,5,1,0,1,1,3,0,0,0,0,0,https://support.icrc.org/questions/91807/tutorial-overview
25,15,1,0,0,0,1,0,0,0,1,0,0,0,0,1,http://zaliaskaimas.lt/js
35,19,2,0,0,0,1,0,0,1,2,0,0,0,0,0,http://blog.receptivity.io/help/faq
22,14,2,0,0,0,1,0,1,0,0,0,0,0,0,1,https://www.xiolue.com
37,13,1,0,0,1,1,0,1,0,2,0,0,0,0,1,https://play2win.buzz/unlock/netflix/
43,10,3,0,0,1,1,0,1,0,3,0,0,0,0,0,https://adhigh.net/docs/3/urllib.parse.html
132,16,3,0,0,5,3,0,1,1,2,0,0,0,0,1,https://forms.office.com/Pages/ResponsePage.aspx?id=DQSIkWdsW0yxEjajBLZtrQAAAAAAAAAAAAYAAAvwMWlUMDQ4M1dONkpaSDZHWEhKVURPTzdMNDI2VC4u
63,54,2,0,0,0,1,0,1,1,0,0,0,0,0,1,https://attloginnewupdatingservicemailcommunication.weebly.com/
42,17,2,1,0,2,1,0,1,1,2,0,0,0,0,0,https://dev.awsdns-00.com/support/overview
63,55,3,4,0,0,1,0,0,1,0,0,0,0,0,1,http://www.youweb-bancobpm-it-verifica-dati.riepilogodati.info/
46,15,2,1,0,0,1,0,1,1,2,0,0,0,0,0,https://support.ihg.com/products/cloud-storage
34,7,1,1,0,1,1,0,0,0,3,0,0,0,0,1,http://ilcm.ws/wp-admin/kkl/excel2
45,27,5,0,0,0,1,0,1,3,1,0,0,0,0,1,https://globallcom.df.r.appspot.com/home.html
38,24,3,0,0,0,1,0,1,1,1,0,0,0,0,0,https://www.thomsonreuters.co.uk/about
471,15,4,14,0,81,10,0,0,0,3,0,0,0,0,1,http://news-ontime.com/Nov.1/Shark-Tank-Diet8.0/Slim-X-Genie-Keto.html?cep=WTDXF65h2ScRMPYt03CLWkyhN-sGIesz1c00yV8WEBTgm5Ri6LfISNy3ap2-dpjwaumfGwzqvnBywcMwdwwkT_IkiIpoZpwg40G61VYk9LxxEN8y_w8M-C99h9h8f9VHEnPTChjXslDXjpXORH2n9z4JvjJheZFZjg9teTh1vzYXWfjzO2frHhBlO4pV2aTuGAS7hAXU4qB3-yZmqmsYVydKHqHNpFxTICiVWr9nZLzeOvoyurmkG8r6oRviddvmJ5VZ4C7EEGfMpuOdRvKVZRv1-M-7VscyM2l4SJog_v_y1y3H3ohoGdvgL2KA6RtptwT1s249MMCKE7f34z8Rz4lnfRTESUr--cXkJrQfv4Q&amp;lptoken=1511881572a715f1458e
31,20,1,0,0,0,1,0,0,0,1,0,0,0,0,1,http://blacksheepeventi.com/xfl
44,14,2,0,0,0,4,0,1,1,1,0,0,0,0,0,https://api.sinaimg.cn/search?q=data+science
44,24,1,0,0,0,3,0,1,0,1,0,0,0,0,1,https://iamlosingweighttoday.com/ncx/?email=
102,29,2,1,0,11,1,0,1,0,8,1,0,0,0,1,https://infopublishersassociation.com/wp-includes/images/smilies/bofa/x1x/v2/cee69007311e1da/login.php
51,13,3,0,0,0,1,0,0,1,4,0,0,0,0,1,http://tsuzuki.co.id/model/jeff/chinavali/index.php
57,19,2,0,0,10,1,0,0,1,4,1,0,0,0,1,http://c1511482.ferozo.com/LOGIN/mabanquepostale/id/99fd6
62,37,5,0,0,6,1,0,1,3,2,0,0,0,0,1,https://voicemail070520.blob.core.windows.net/calls/index.html
33,14,2,1,0,1,1,0,1,1,1,0,0,0,0,0,https://support.tv2.dk/contact-us
70,13,2,0,1,0,3,0,0,0,2,0,0,0,0,1,http://cybergata.com/ooo/english?email=williamsprague@prepaidlegal.com
48,7,1,0,0,9,2,0,1,0,2,0,0,0,0,1,https://1drv.ms/w/s!AguOqD84ZsE3gT7R1MQpD90AMVv3
68,12,2,0,0,10,5,0,1,0,2,0,0,0,0,1,https://mnsglobal.ge/mobile.de/fahrzeuge/?id=2971069950&source=email
37,11,2,0,0,0,1,0,0,0,2,0,0,0,0,1,http://bamnola.com/Miles/ourtime.html
180,16,2,4,0,15,15,0,1,0,4,0,0,0,0,1,https://seguro-expert.pl/wp-admin/css/hmmmmmm212/home.php?public/enroll/IdentifyUser-aspx-LOB=RBGLogon=MTU5NzQ0OTI2OQ==MTU5NzQ0OTI2OQ==&amp;session=MTU5NzQ0OTI2OQ==MTU5NzQ0OTI2OQ==
47,14,2,1,0,0,1,0,1,1,2,0,0,0,0,0,https://en.travian.com/topics/tutorial-overview
29,12,1,0,0,0,1,0,1,0,2,0,0,0,0,0,https://musicsweb.ir/help/faq
320,23,3,5,0,77,27,0,1,1,7,0,0,0,0,1,https://wvk12-my.sharepoint.com/:x:/r/personal/pklewis_k12_wv_us/_layouts/15/WopiFrame.aspx?guestaccesstoken=tQInTDtuii%2bAM%2fbqmTNJkengGs2dptOi8hS2jqFtJKQ%3d&docid=1_1446052cffa4c4871bd24bb98fe86ed6d&wdFormId=%7BDF30D25D%2D0B59%2D47E5%2D956E%2DC601397EA4D7%7D&action=formsubmit&cid=57cdb8ab-426b-4eff-a51f-903ee3684f96
58,18,2,0,0,0,4,0,1,1,1,0,0,0,0,0,https://support.beeline.ru/search?q=cybersecurity+research
186,38,2,14,0,38,1,0,1,1,6,0,0,0,0,1,https://www87.superofertadomesparavoces.online/prodd13267f826186b6be4415bf6aafbace7lnk/iphone-8-plus-apple-128gb-cinza-espacial-4g-tela-55-retina-camera-12mp-selfie-7mp/p/1555651/te/ip8p
38,21,2,0,0,0,1,0,1,1,2,0,0,0,0,0,https://docs.steamcontent.com/help/faq
59,23,4,0,1,2,3,0,1,0,1,0,0,0,0,1,https://resin3dprinterstore.com/.t.1t/?email=USER@DOMAIN.ch
136,26,2,1,0,7,8,0,1,1,5,0,0,0,0,1,https://jsmcadam-my.sharepoint.com/:o:/g/personal/john_jmc1developmentsltd_co_uk/EsF5PkHmRfxChgixD6tjwrwBLyCmIkcVovlFYM7bm4x4Ew?e=2kuibU
49,12,2,1,0,5,1,0,1,1,3,0,0,0,0,0,https://api.stbid.ru/questions/38214/python-guide
34,26,2,1,0,3,1,0,0,1,0,0,0,0,0,1,http://vk-polis.000webhostapp.com/
32,25,2,0,0,0,1,0,0,1,0,0,0,0,0,1,http://protectionvk.webservis.ru
47,17,2,0,0,7,1,0,0,1,1,0,0,0,0,1,http://chat.whatsagp.com/32KV0u4vo4D0HDWJER3XQC
34,15,3,1,0,0,1,0,1,1,1,0,0,0,0,0,https://www.news.com.au/contact-us
67,33,2,1,0,6,1,0,1,1,2,0,0,0,0,1,https://livraisonspeed01.cloudaccess.host/wp-includes/DHMF0JCT17E1/
50,17,2,2,0,0,1,0,1,0,2,0,0,0,0,0,https://www.coca-cola.com/products/analytics-suite
35,11,2,0,0,0,1,0,0,1,2,0,0,0,0,0,http://docs.hu.net/support/overview
38,17,1,0,0,0,1,0,0,0,1,0,0,0,0,1,http://easportslogin.com/SecurityCode/
69,21,2,2,0,0,1,0,1,0,5,1,0,0,0,1,https://office-sakakibara.com/wp-content/plugins/fiuvdza/cp/login.php
36,10,2,0,0,0,1,0,1,1,2,0,0,0,0,0,https://dev.zdn.vn/category/research
44,11,2,0,0,0,1,0,0,0,3,0,0,0,0,1,http://kukubun.com/hnre/hvre/secquestion.php
183,16,3,1,1,22,14,0,0,0,4,1,0,0,0,1,http://davidforrest.org/davidforrest.us/wawaa/content/9cf311d77fc743a7a444a0ba0df5650c/?user=jim@thejimburkefamily.com&amp;_verify?service=mail&amp;data:text/html;charset=utf-8;base64
41,16,3,0,0,0,1,0,1,2,2,0,0,0,0,0,https://blog.cuhk.edu.hk/support/overview
30,16,2,0,0,0,1,0,1,1,1,0,0,0,0,0,https://support.ojrq.net/about
41,8,3,0,0,1,1,0,1,0,3,0,0,0,0,0,https://test.com/docs/3/urllib.parse.html
40,22,2,1,0,0,1,0,0,0,1,0,0,0,0,1,http://www.bkagrosprayers.com/wp-content
113,19,6,1,1,2,4,0,1,3,6,0,0,0,0,1,https://en.lppm.unila.ac.id/wp-content/plugins/tablepress/cel/webmail/Webmail%20Login.php?email=info@container.de
40,20,1,0,0,0,1,0,1,0,2,0,0,0,0,1,https://verfiayiosnmerer.com/canada/taxb
32,16,2,0,0,0,1,0,1,1,1,0,0,0,0,0,https://udiseplus.gov.in/pricing
28,20,1,0,0,0,1,0,0,0,0,0,0,0,0,1,http://itauconfirmacoes.com/
35,15,1,0,0,0,1,0,1,0,1,0,0,0,0,1,https://freetakipci.net/instalogins
36,22,2,1,0,0,1,0,1,0,1,0,0,0,0,0,https://www.sfmc-marketing.com/about
45,18,3,0,0,0,1,0,0,2,2,0,0,0,0,0,http://api.admatic.com.tr/category/technology
36,11,2,0,0,0,1,0,0,0,2,0,0,0,0,0,http://www.mbga.jp/category/research
217,18,3,0,0,40,29,0,0,1,3,0,0,0,0,1,http://picpusdan3.free.fr/I/test/index.htm?bidderblocklogin&amp;hc=1&amp;hm=uk%601d72f%2Bj2b2vi%3C265bidderblocklogin&amp;hc=1&amp;hm=uk%601d72f%2Bj2b2vi%3C265bidderblocklogin&amp;hc=1&amp;hm=uk%601d72f%2Bj2b2vi%3C265
46,21,2,1,0,0,1,0,1,1,2,0,0,0,0,0,https://dev.shop-apotheke.com/support/overview
36,9,1,0,0,0,2,0,1,0,2,0,0,0,0,0,https://okbet.com/wiki/Random_forest
33,14,2,0,0,2,1,0,1,1,1,0,0,0,0,1,https://wzplh.app.link/e2WxrTBLm4
30,11,2,1,0,0,1,0,1,1,1,0,0,0,0,0,https://en.cctld.us/contact-us
79,22,1,3,0,11,1,0,1,0,3,0,0,0,0,1,https://rinnova-il-dominio.com/fatturazione-staff1/f1676306b1eab54/fatturazione
47,11,4,0,0,0,1,0,1,0,2,0,0,0,0,1,https://kersgam.com/mail.ionos.com/webmail.html
32,16,1,0,0,0,1,0,1,0,1,0,0,0,0,0,https://tomorrowland.com/pricing
49,17,3,0,0,0,4,0,0,2,1,0,0,0,0,0,http://docs.zoopla.co.uk/search?q=neural+networks
39,16,2,0,0,0,1,0,1,0,2,0,0,0,0,0,https://www.learncbse.in/explore/topics
27,19,1,0,0,0,1,0,1,0,0,0,0,0,0,1,https://biistolsecurity.com
153,17,3,0,0,42,10,0,0,0,4,1,0,0,0,1,http://www.zeshiyang.com/boa/boa/boa/mainindex.html?cmd=login_submit&amp;id=7067f17572ee7c64decec1c12c526096&amp;session=7067f17572ee7c64decec1c12c526096
234,13,11,0,1,0,11,0,1,0,8,0,0,0,0,1,https://rkdalmill.com/Employee/.main_pagemain_page/.quarantrineemails/.EmployeeExport/.main_pagemain_page/.emailquarantrine/.EmployeeExport.main_pagemain_page/.main_pagemain_page.quarantrineemails/?email=shirleyharvey@prepaidlegal.com
55,17,1,3,0,6,1,0,0,0,4,0,0,0,0,0,http://dual-s-msedge.net/news/2024/06/tutorial-overview
47,26,1,0,0,0,1,0,0,0,2,0,0,0,0,1,http://kingofprussiaequipment.com/blog/profile/
33,25,2,0,0,0,1,0,0,1,0,0,0,0,0,1,http://grupwhatsappsexy.zyns.com/
38,20,2,1,0,0,1,0,1,1,1,0,0,0,0,1,https://streaming-att.com.mx/adminatt/
59,15,2,3,0,6,1,0,1,1,4,0,0,0,0,0,https://en.haberler.com/news/2024/06/how-to-implement-model
51,18,2,2,0,0,1,0,0,1,2,0,0,0,0,0,http://quintoandar.com.br/scikit-learn/scikit-learn
107,29,4,2,0,7,6,0,0,0,5,1,0,0,0,1,http://xn--72ca8ce9ah4dwbp9a8jnd.com/Paypal.com/Update/signin/myaccount/signin/?country.x=DE&locale.x=en_DE
27,14,1,1,0,0,1,0,1,0,1,0,0,0,0,1,https://ing-mobile.app/sns/
70,18,5,1,1,0,3,0,0,1,2,0,0,0,0,1,http://www.ktpn.kalisz.pl/read-invoice/index.php?rec=info@ergogain.com
53,20,4,0,0,1,1,0,1,1,3,0,0,0,0,0,https://support.stitcher.com/docs/3/urllib.parse.html
43,16,2,1,0,0,1,0,1,0,2,0,0,0,0,0,https://www.bpigagtm.com/blog/release-notes
54,18,2,1,0,6,1,0,1,0,4,0,0,0,0,0,https://www.mayoclinic.org/news/2024/06/best-practices
51,15,2,0,0,0,4,0,1,1,1,0,0,0,0,0,https://dev.zhqidown.cn/search?q=python+programming
35,13,2,0,0,0,1,0,1,0,1,0,0,0,0,1,https://energised.net/Energised.jar
42,8,1,2,0,0,1,0,1,0,2,0,0,0,0,0,https://naver.jp/scikit-learn/scikit-learn
61,14,2,3,0,5,1,0,1,1,3,0,0,0,0,0,https://blog.shipt.com/questions/21129/how-to-implement-model
35,24,2,0,0,0,1,0,0,0,1,0,0,0,0,1,http://www.blacksheepeventi.com/xfl
47,17,2,1,0,2,4,0,1,0,1,0,0,0,0,0,https://www.awsdns-05.net/search?q=data+science
54,46,4,0,0,6,1,0,0,3,0,0,0,0,0,1,http://onlineprocedure.web5838.vweb01.webgamespace.de/
38,19,2,1,0,0,1,0,1,0,1,0,0,0,0,0,https://www.dinahosting.com/contact-us
35,21,2,1,0,0,1,0,1,1,1,0,0,0,0,0,https://docs.huoma-cname.shop/about
54,22,2,1,0,3,1,0,0,0,1,0,0,0,0,1,http://www.chat-whattsapp.com/DpPyHMSsYDI0jZYCn4zSlE1/
33,10,1,1,0,0,1,0,0,0,2,0,0,0,0,1,http://ig-fosa.ch/cgi/wetransfer/
74,16,4,0,0,0,5,0,0,0,2,1,0,0,0,1,http://taijishentie.com/js/index.htm?http:/us.battle.net/login/en?ref=http
32,18,2,0,0,0,1,0,1,1,1,0,0,0,0,0,https://blog.brightside.me/about
60,18,2,2,0,6,1,0,0,1,4,0,0,0,0,0,http://docs.ildolomiti.it/news/2024/06/getting-started-guide
18,10,1,0,0,0,1,0,0,0,0,0,0,0,0,1,http://wetsx.club/
37,20,2,0,0,0,1,0,1,1,2,0,0,0,0,0,https://dev.hostwindsdns.com/help/faq
36,16,2,0,0,0,1,0,1,1,2,1,0,0,0,1,https://apaseppol.com.br/itau/login/
65,21,2,4,0,8,1,0,1,1,4,0,0,0,0,0,https://support.awsdns-11.com/news/2024/06/how-to-implement-model
65,26,2,2,0,6,1,0,0,0,5,0,0,0,0,1,http://www.courgeon-immobilier.fr/wp-content/uploads/2019/07/tpg/
45,11,2,2,0,0,1,0,1,0,2,0,0,0,0,0,https://www.kupi.cz/scikit-learn/scikit-learn
47,27,4,0,0,0,1,0,0,1,1,0,0,0,0,1,http://www.jameshopecollege.edu.ng/webmail.html
75,14,2,0,0,4,1,0,1,0,5,0,0,0,0,1,https://thesamjain.com/assets/boa/BankOfAmerica2017/BankOfAmerica/index.php
57,24,4,0,0,1,1,0,1,0,3,0,0,0,0,0,https://www.bancodevenezuela.com/docs/3/urllib.parse.html
22,6,1,0,0,1,1,0,1,0,1,0,1,0,0,1,https://bit.ly/3awuIJa
57,16,4,0,0,0,1,0,0,1,4,0,0,0,0,1,http://cartoworld.co.ke/smsm/chase/Logon.aspx/Logging.php
65,40,3,0,0,0,1,0,1,2,3,1,0,0,0,1,https://itunes.phgconsole.performancehorizon.com/login/itunes/en/
54,21,2,2,0,2,1,0,1,1,2,0,0,0,0,0,https://support.awsdns-49.net/products/developer-tools
29,17,2,0,0,0,1,0,1,0,1,0,0,0,0,1,https://www.faxitalia.com/on/
44,23,2,0,0,0,1,0,0,1,2,0,0,0,0,1,http://safenabsecur.cloudns.cx/data/content/
29,21,2,0,0,0,1,0,0,1,0,0,0,0,0,1,http://itau.todomundoama.com/
29,15,2,0,0,0,1,0,1,0,1,0,0,0,0,0,https://www.srmdata.com/about
46,15,2,1,0,0,1,0,0,1,2,0,0,0,0,0,http://en.googll.store/topics/machine-learning
46,7,1,1,0,0,1,0,0,0,4,0,0,0,0,1,http://webs.gt/wp-includes/css/dist/checkpoint
44,11,4,0,0,1,1,0,1,0,3,0,0,0,0,0,https://www.zing.vn/docs/3/urllib.parse.html
57,10,2,1,0,0,1,0,0,0,2,0,0,0,0,1,http://www.i-m.mx/webaccountupdate/Stockholmsuniversitet/
60,15,1,0,0,18,2,0,1,0,2,0,0,0,0,1,https://surveyheart.com/form/5e23c40fb533f62621f5252d#form/0
49,19,2,1,0,0,1,0,1,1,2,0,0,0,0,0,https://blog.wikisource.org/topics/best-practices
50,17,4,0,0,1,1,0,1,1,3,0,0,0,0,0,https://docs.chartink.com/docs/3/urllib.parse.html
26,17,2,0,0,0,1,0,1,1,0,0,0,0,0,0,https://blog.dzeninfra.ru/
54,11,2,1,0,0,1,0,1,1,3,0,0,0,0,0,https://en.gwfb.net/questions/tagged/tutorial-overview
210,13,2,0,0,76,10,0,1,0,3,1,0,0,0,1,https://wudustore.com/web/chase/chaseind.php?cmd=login_submit&amp;id=2155c661def3f3078d0dd7352ffc15fb2155c661def3f3078d0dd7352ffc15fb&amp;session=2155c661def3f3078d0dd7352ffc15fb2155c661def3f3078d0dd7352ffc15fb
100,21,3,1,0,0,3,0,0,0,7,0,0,0,0,1,http://www.stolizaparketa.ru/wp-content/themes/twentyfifteen/css/read/chinavali/index.php?email=info
51,13,2,1,0,0,1,0,1,1,3,0,0,0,0,0,https://docs.grab.com/questions/tagged/python-guide
39,16,2,0,0,0,1,0,1,1,2,0,0,0,0,0,https://support.puma.com/explore/topics
41,22,3,1,0,0,1,0,1,2,1,0,0,0,0,0,https://support.gamcare.org.uk/contact-us
80,18,5,1,0,1,1,0,1,1,6,0,0,0,0,1,https://www.biotach.com.ve/wp-includes/SimplePie/Content/Type/src/www2.juno.com/
75,16,3,0,0,0,1,0,0,0,6,0,0,0,0,1,http://www.hwfsweden.se/images/http/message/wetransfer/Wetransfer/index.php
46,9,1,1,0,6,1,0,0,0,4,0,0,0,0,0,http://wuytg.com/news/2024/06/machine-learning
42,11,2,1,0,0,1,0,1,1,2,0,0,0,0,0,https://dev.uvic.ca/blog/tutorial-overview
51,9,1,1,0,0,1,0,1,0,3,0,0,0,0,0,https://uafix.net/questions/tagged/machine-learning
36,17,2,0,0,0,1,0,0,0,2,0,0,0,0,1,http://preparedplans.com/wp/mail.ru/
44,14,2,0,0,0,1,0,0,0,3,0,0,0,0,1,http://cbdadhacks.com/telex/zimbra/index.php
255,10,3,4,0,40,13,0,0,0,8,1,0,0,0,1,http://zohard.com/.well-known/pki-validation/mod/unblockverification/customer_center/customer-IDPP00C963/signin/signin.php?cmd=_update-information&amp;account_update=1edac54d5ced836ce66c78f54c61b3ff&amp;lim_session=aa1ea33dfe0b1b1780c1eed4bd0ad1a2f87e92b3
47,11,2,2,0,0,1,0,0,0,2,0,0,0,0,0,http://www.hwg.org/topics/getting-started-guide
48,26,2,0,0,0,1,0,0,1,2,0,0,0,0,0,http://api.digitaloceanspaces.com/explore/topics
29,21,3,0,0,4,1,0,0,1,0,0,0,0,0,1,http://www.video18.dns04.com/
48,18,2,0,0,0,2,0,1,1,2,0,0,0,0,0,https://support.tiktok.com/wiki/Machine_learning
27,8,1,1,0,0,1,0,1,0,1,0,0,0,0,0,https://turn.com/contact-us
22,14,2,0,0,0,1,0,1,1,0,0,0,0,0,0,https://api.lnkdns.net
49,24,2,0,0,0,1,0,1,0,2,0,0,0,0,0,https://www.visualcapitalist.com/support/overview
64,16,3,2,0,0,1,0,0,0,3,0,0,0,0,1,http://www.chottosf.com/wp-admin/here/Re-ValidateYourMailbox.htm
51,19,1,1,0,0,1,0,1,0,3,0,0,0,0,1,https://mrsjenkinsclass.com/wp-includes/images/xtra
47,11,1,1,0,4,1,0,0,0,3,0,0,0,0,0,http://opendns.com/questions/9083/release-notes
105,14,1,0,0,8,6,0,1,0,4,0,0,0,0,1,https://goldsubzehy.tk/institucional/institucional/Normativa/Informaci%C3%B3n%20al%20Usuario%20Financiero
49,16,1,0,0,0,1,0,1,0,3,0,0,0,0,1,https://bethesdaalur.org/kmdgdrs/ewwqfe/jyofddsa/
65,16,4,0,0,0,3,0,0,1,4,0,0,0,0,1,http://cartoworld.co.ke/smsm/chase/Logon.aspx/index.php?REDACTED=
19,11,2,0,0,0,1,0,1,1,0,0,0,0,0,0,https://en.nasa.gov
137,23,2,2,0,6,8,0,1,1,5,0,0,0,0,1,https://jbouy-my.sharepoint.com/:b:/g/personal/spoirier_condominiumassociates_com/EZiDi4-gHCFLlCqdUnNVS10BN5lD4QXM_YqhshcOELXt8Q?e=hJZaBn
63,21,2,0,0,4,2,0,0,0,3,0,0,0,0,1,http://bicicentroslezama.com/EJERCICIO/2050X/myaccount_done.htm
29,15,1,0,0,0,1,0,1,0,1,0,0,0,0,0,https://modsecurity.org/about
45,14,2,1,0,0,1,0,1,1,2,0,0,0,0,0,https://dev.clideo.com/products/cloud-storage
50,41,2,4,0,0,1,0,1,1,0,0,0,0,0,1,https://ee-billing-support.ee-billing-details.com/
202,18,2,0,0,24,2,0,1,1,2,0,0,0,0,1,https://fr.chromeproxy.net/direct/aHR0cHM6Ly93d3cuZmFjZWJvb2suY29tL2ltcHJlc3Npb24ucGhwL2YyNDI2ZTg0YTRkMDM4OC8_YXBpX2tleT0yNjA4OTA1NDcxMTUmbGlkPTExNSZwYXlsb2FkPSU3QiUyMnNvdXJjZSUyMiUzQSUyMmpzc2RrJTIyJTdE
60,20,2,0,0,17,1,0,0,0,1,0,0,0,0,1,http://www.franktechnik.com/13DCAE46FBCDDC29B0A839E91820F07A
34,21,3,0,0,0,1,0,1,1,1,0,0,0,0,1,https://www.cartrophen.com.br/css/
223,12,2,3,0,54,13,0,1,0,6,1,0,0,0,1,https://lynshirt.com/wp-admin/PayPal/customer_center/customer-IDPP00C512/signin/signin.php?cmd=_update-information&amp;account_update=996413ba61fbcea6418a064892ef6321&amp;lim_session=009c10a6df7ef8d64751e768df8214f502134ea0
229,17,2,1,0,81,10,0,0,0,5,1,0,0,0,1,http://advonationusa.com/wp-image/1/service/myaccount/index.php?cmd=login_submit&amp;id=d6d179c3008a3b4ca5eb76e01127d5b9d6d179c3008a3b4ca5eb76e01127d5b9&amp;session=d6d179c3008a3b4ca5eb76e01127d5b9d6d179c3008a3b4ca5eb76e01127d5b9
110,31,4,0,0,22,1,0,0,1,6,0,0,0,0,1,http://cafecitoperez.ivanidzakovic.com/admin/aociufd/goodl.vci/8c4900a720800ad0616c4cc961f6ccb3/view/surf2.php
34,11,2,0,0,0,1,0,1,1,2,0,0,0,0,0,https://blog.pin.it/explore/topics
186,16,2,2,0,50,9,0,0,0,6,1,0,0,0,1,http://www.motomach3.cz/admin/Activation/cmd%3D_login-run%26dispatch%3D/PayPal/webscrcmd%3D_login-submit%26dispatch%3D5885d80a13c0db1ffc45dc241d84e9538c532da79baccf7c26f850d773643350/fr/
67,21,4,1,1,0,3,0,0,0,2,0,0,0,0,1,http://www.ifeveraussies.com/ojp/webmail-op.jp/?uid=aaaa@example.jp
52,19,2,1,0,0,1,0,1,1,2,0,0,0,0,0,https://api.russianfood.com/products/analytics-suite
115,15,2,2,0,0,6,0,0,0,2,0,0,0,0,1,http://playarprint.com/chase/home.php?public/enroll/identifyuser-aspx-lob=rbglogon=ndcwmzuxmzqwndcwmzuxmzqw&amp;amp
84,17,2,1,0,6,2,0,0,0,5,1,0,0,0,1,http://espaceclientv1.fr/Notice/orange/customer_center/customer-IDPP00C428/login.php
85,26,3,1,0,7,2,0,0,0,4,1,0,0,0,1,http://www.facturation90range.com/Orpai/customer_center/customer-IDPP00C843/login.php
54,18,1,0,0,4,1,0,0,0,3,0,0,0,0,1,http://sethsbananacam.com/css/mtb2020/onlinebankingmtb
88,28,3,4,0,0,1,0,0,0,5,0,0,0,0,1,http://www.gioielleriagibertini.com/.well-known/pki-validation/Votre-Compte/posta-le/fbs
231,13,2,1,0,56,7,0,0,0,2,0,0,0,0,1,http://uwiomawio.com/001/indexa.php?P=AAMkADcyMWNlOGU4LTA1MTctNGU5NC04NmVhLTM2ZjY2MWQ1ODUyZQAuAAAAAACPL3Vd8cnLS4/rNHDvh%20urAQDLxtTRqKyYQrNPEBhBv0F3AAAMdHa7AAA_93894574342hdfjsixaoweue5_j1489738549283781331983743fncn_Product-UserID
81,19,1,0,0,27,3,0,0,0,2,0,0,0,0,1,http://sparkpassedecom.com/telecome/da2e0eb9a497afdc?id=896218762781ZZ190Z901Z109
89,26,2,2,0,0,1,0,0,1,5,0,0,0,0,1,http://semprepres.sslblindado.com/semprepresente-com-br/latampass/premios/pontos/viagens/
52,14,1,1,0,6,1,0,1,0,4,0,0,0,0,0,https://axonixgrid.com/news/2024/06/machine-learning
198,15,2,1,0,28,1,0,0,1,2,0,0,0,0,1,http://fr.fireprox.net/direct/aHR0cHM6Ly93d3cuZmFjZWJvb2suY29tL2ltcHJlc3Npb24ucGhwL2ZhMTUyNWYyZjE1ZDk0Lz9hcGlfa2V5PTI2MDg5MDU0NzExNSZsaWQ9MTE1JnBheWxvYWQ9JTdCJTIyc291cmNlJTIyJTNBJTIyanNzZGslMjIlN0Q-
30,11,1,1,0,0,1,0,1,0,1,0,0,0,0,0,https://monster.com/contact-us
40,32,2,1,0,3,1,0,1,1,0,0,0,0,0,1,https://pocked-capital.000webhostapp.com
34,17,2,0,0,0,1,0,1,1,2,0,0,0,0,0,https://dev.firwinds.site/help/faq
40,15,2,0,0,3,1,0,1,1,2,0,0,0,0,0,https://docs.nexx360.io/support/overview
131,19,2,4,0,15,5,0,1,0,2,0,0,0,0,1,https://www.mailcontrol.com/sr/HJ8_zdFIAPjGX2PQPOmvUhBG2SIKse0T-rN_Za7l9N441hZoGuj2mY-sX8cLkVl7nK6LOCKk6cacrfMeL1fPjw=x-scanned-by:
60,20,2,0,0,0,1,0,1,0,4,0,0,0,0,1,https://hotflighttickets.com/onedrive/office/html/index.html
93,24,2,2,0,5,3,0,1,1,4,0,0,0,0,1,https://iscomo-my.sharepoint.com/:b:/p/dpearce/Eba73hxliVxJopeW1oJQIx8BbksHHSEKuDZoKIS-oBH4qA
269,32,3,1,0,64,20,0,1,1,5,0,0,0,0,1,https://livestudentccc-my.sharepoint.com/personal/rparry_student_ccc_edu/_layouts/15/guestaccess.aspx?guestaccesstoken=%2bPWuuGFAxsnbv3SoL3CjC6OtMP2hjdKd760ZbxtAvLE%3d&docid=1_1a22971760f684691aed9533a61b7d3a8&wdFormId=%7B792ECF3D%2D73F7%2D4837%2D8921%2DAC61DC7E0211%7D
52,14,1,4,0,0,1,0,1,0,2,0,0,0,0,0,https://wac-msedge.net/topics/how-to-implement-model
34,12,1,0,0,0,1,0,0,0,2,1,0,0,0,1,http://ltaucard.com/itaucard/login
62,20,3,1,0,6,1,0,0,1,5,0,0,0,0,1,http://www.lightlink.com.cn/sites/default/files/2017-10/cfmjpg
245,16,3,2,0,78,10,0,1,1,6,1,0,0,0,1,https://vibehotels.co.in/wp-includes/O/0nfile/0nfile/oneddrive/login-option.php?cmd=login_submit&amp;id=556de85e3c0d75d06e076bc07b5dbe77556de85e3c0d75d06e076bc07b5dbe77&amp;session=556de85e3c0d75d06e076bc07b5dbe77556de85e3c0d75d06e076bc07b5dbe77
33,19,2,0,0,0,1,0,1,0,1,0,0,0,0,0,https://www.motherjones.com/about
62,16,2,1,0,0,4,0,1,1,2,0,0,0,0,1,https://sites.google.com/view/unpublish-unblocker/?ref=tn_tnmn
59,13,2,2,0,5,1,0,1,0,3,0,0,0,0,0,https://www.vbrtex.cc/questions/90574/getting-started-guide
326,28,3,5,0,91,26,0,1,1,7,0,0,0,0,1,https://columbiaps-my.sharepoint.com/:x:/r/personal/agerzen_cpsk12_org/_layouts/15/WopiFrame.aspx?guestaccesstoken=usNbE6yBJHo9h25fK68jTyI54oK8%2b9ELlr1aq%2fst9K8%3d&docid=1_1b3a9c7812c9d4683b1b5cc7fc8ae677d&wdFormId=%7BF32B5748%2D8761%2D4D74%2DB73E%2D295011A92875%7D&action=formsubmit&cid=84c7b00e-fca9-46c9-b4f6-6c3148ca22a4
47,21,1,0,0,1,1,0,0,0,2,0,0,0,0,0,http://indiansexstories3.com/wiki/Cybersecurity
79,10,3,1,0,16,3,0,1,0,4,1,0,0,0,1,https://ffinam.com/wp-includes/sfr.fr/login/Validation.html?id=3000085412000091
142,13,2,2,0,25,8,0,1,0,5,1,0,0,0,1,https://effafrica.org/wp-content/redirection/Netflix_update/706bf9581a8f1747195e5c190835a9bc/signin.php?country=US-United%20States&amp;lang=en
25,17,2,0,0,0,1,0,1,1,0,0,0,0,0,0,https://api.grammarly.com
56,16,1,2,0,0,2,0,1,0,2,0,0,0,0,1,https://adelahidalgo.com/wps-home/common-response_review
34,20,3,0,0,0,1,0,1,1,1,0,0,0,0,0,https://www.drogaraia.com.br/about
40,12,2,1,0,0,1,0,1,1,2,0,0,0,0,0,https://lazada.co.id/blog/best-practices
71,17,2,0,0,0,2,0,0,0,5,0,0,0,0,1,http://www.sunoffer.club/includes/templates/musheji_mobile/images/menu/
55,13,1,1,0,5,1,0,1,0,3,0,0,0,0,0,https://sitescout.com/questions/13396/tutorial-overview
49,9,1,1,0,0,1,0,1,0,3,0,0,0,0,0,https://tmall.com/questions/tagged/best-practices
36,11,1,0,0,0,1,0,1,0,2,0,0,0,0,0,https://compass.com/support/overview
41,18,1,0,0,0,1,0,1,0,2,0,0,0,0,0,https://disdarrummers.shop/explore/topics
164,30,6,5,1,17,7,0,1,1,5,0,0,0,0,1,https://firebasestorage.googleapis.com/v0/b/outlook-webapp.appspot.com/o/index.html?alt=media&amp;token=b2c5bb9c-a3d7-462e-abfa-5801c4201bad#kfinley@jamesaustin.com
20,7,1,1,0,0,1,0,0,0,1,0,0,0,0,1,http://cort.as/-FgvH
39,14,2,0,0,0,1,0,1,0,2,0,0,0,0,0,https://www.scopus.com/support/overview
59,12,2,2,0,0,1,0,1,1,3,0,0,0,0,0,https://google.co.il/questions/tagged/getting-started-guide
56,23,4,0,0,1,1,0,1,0,3,0,0,0,0,0,https://www.theconversation.com/docs/3/urllib.parse.html
36,13,4,0,0,10,1,1,0,0,1,0,0,0,0,1,http://67.199.68.195/intservices.htm
51,18,2,3,0,1,1,0,0,0,4,0,0,0,0,1,http://trop-de-credits.be/wp-content/chase/ax/4.php
26,12,2,0,0,2,1,0,1,1,1,0,0,0,0,0,https://dev.21vek.by/about
79,14,1,1,0,18,1,0,0,0,4,0,0,0,0,1,http://art-sticker.fr/humby/librairies/manual/c57cd45234313ad91d9fb213f8cece5b/
51,13,2,1,0,0,1,0,1,1,3,0,0,0,0,0,https://en.ngenix.net/questions/tagged/python-guide
41,16,2,0,0,0,1,0,1,1,2,0,0,0,0,0,https://en.xalabahia.com/support/overview
41,17,2,0,0,0,1,0,1,0,1,0,0,0,0,1,https://www.flaviogam.com/acompanhamento/
148,15,7,0,0,9,10,0,1,1,2,0,0,0,0,1,https://mail.ccbcmd.edu/owa/redir.aspx?C=YMl5yDFVGMlqIWqHcvuWr9lrt7FIbgjnAJIActuvBrDdJA1ZT6bVCA..&amp;URL=http%3a%2f%2fwebmailaccount.company.com%2f
46,14,4,0,0,1,1,0,0,1,3,0,0,0,0,0,http://en.freepik.com/docs/3/urllib.parse.html
23,14,2,1,0,0,1,0,1,1,0,0,0,0,0,0,https://dev.mi-fds.com/
39,32,2,0,0,0,1,0,0,1,0,0,0,0,0,1,http://betasusgirsenesende.blogspot.com
20,7,1,0,0,1,1,0,0,0,1,0,1,0,0,1,http://snip.ly/3kqwy
39,11,1,1,0,0,1,0,1,0,2,0,0,0,0,0,https://grizpliz.am/topics/python-guide
30,15,1,2,0,0,1,0,0,0,1,0,0,0,0,0,http://uno-geo-dns.com/pricing
24,15,2,0,0,0,1,0,1,1,0,0,0,0,0,0,https://dev.barrons.com/
154,12,2,2,0,12,14,0,0,0,2,1,0,0,0,1,http://gordonng.com/edits/login.php?public/enroll/IdentifyUser-aspx-LOB=RBGLogon=MTg3ODY4NjE4NQ==MTg3ODY4NjE4NQ==&session=MTg3ODY4NjE4NQ==MTg3ODY4NjE4NQ==
213,18,2,0,0,64,10,0,1,0,3,1,0,0,0,1,https://maggiogateway.buzz/reee/mydoc/login.php?cmd=login_submit&amp;id=51edac1b3cfc7ae1bc23141b3b462e6b51edac1b3cfc7ae1bc23141b3b462e6b&amp;session=51edac1b3cfc7ae1bc23141b3b462e6b51edac1b3cfc7ae1bc23141b3b462e6b
19,11,1,0,0,0,1,0,1,0,0,0,0,0,0,0,https://umingle.com
22,13,1,0,0,5,1,0,1,0,0,0,0,0,0,1,https://mail28282.icu/
25,11,1,0,0,0,1,0,1,0,1,0,0,0,0,0,https://netflix.com/about
54,26,2,1,0,4,1,0,0,0,2,0,0,0,0,1,http://keithblyeforlacera2018.com/wp-includes/cron.htm
56,18,2,1,0,6,1,0,1,1,4,0,0,0,0,0,https://dev.slickdeals.net/news/2024/06/machine-learning
60,14,1,2,0,5,1,0,1,0,3,0,0,0,0,0,https://juicyscore.com/questions/59273/getting-started-guide
54,20,2,2,0,0,1,0,1,1,2,0,0,0,0,0,https://blog.sputniknews.com/scikit-learn/scikit-learn
32,24,2,1,0,0,1,0,1,1,0,0,0,0,0,1,https://spaume-lone.yolasite.com
47,30,3,0,0,6,1,0,1,2,1,0,0,0,0,1,https://web5797.vweb01.webgamespace.de/polmsni/
49,20,2,1,0,0,1,0,1,0,3,0,0,0,0,1,https://www.butlercourse.com/wp-includes/inf/home
71,19,1,0,0,19,1,0,0,0,3,0,0,0,0,1,http://chinacelticgolf.com/styles/pay/70ece1e1e0931919438fcfc6bd5f199c/
24,15,2,0,0,0,1,0,1,1,0,0,0,0,0,0,https://api.teachoo.com/
273,32,3,1,0,59,20,0,1,1,5,0,0,0,0,1,https://livestudentccc-my.sharepoint.com/personal/klambert13_student_ccc_edu/_layouts/15/guestaccess.aspx?guestaccesstoken=I3WSxU1rX%2bIZDgBycrCkCR8CVJKsB1nftPHum8TBeiQ%3d&docid=1_1146679d440ef4a1c98cadadcb20c97d2&wdFormId=%7B204472AC%2DB96A%2D4E65%2DB5B9%2D9B06F749639B%7D
57,9,1,3,0,3,1,0,1,0,3,0,0,0,0,0,https://ay267.com/questions/tagged/how-to-implement-model
18,6,1,0,0,0,1,0,0,0,1,0,0,0,0,1,http://inx.lv/daUF
46,13,4,0,0,1,1,0,1,1,3,0,0,0,0,0,https://docs.asos.com/docs/3/urllib.parse.html
18,10,2,0,0,0,1,0,1,1,0,0,0,0,0,0,https://moe.gov.cn
43,19,1,0,0,0,1,0,1,0,2,0,0,0,0,1,https://creditsuisseint.com/en/bkdefaultexx
115,22,7,0,0,15,1,0,0,0,5,0,0,0,0,1,http://aceleradorasaturno.com/https/34.237.113.1133790/sucursalpersonas.transaccionesbancolombia.com/mua/index.html
30,21,3,1,0,1,1,0,1,1,0,0,0,0,0,1,https://www.hm.rc-verify5.com/
51,17,3,2,0,0,1,0,1,1,2,0,0,0,0,0,https://www.nubank.com.br/scikit-learn/scikit-learn
48,16,2,1,0,0,1,0,1,0,2,0,0,0,0,0,https://www.muscache.com/topics/machine-learning
27,19,2,1,0,0,1,0,1,1,0,0,0,0,0,0,https://api.aicte-india.org
46,14,2,1,0,0,1,0,1,1,2,0,0,0,0,0,https://aws.amazon.com/solutions/case-studies/
33,14,2,1,0,0,1,0,1,1,1,0,0,0,0,0,https://thetimes.co.uk/contact-us
282,30,3,1,0,59,20,0,1,1,5,0,0,0,0,1,https://sylviamclain-my.sharepoint.com/personal/sylvia_sylviamclain_com/_layouts/15/WopiFrame.aspx?guestaccesstoken=UPb1cRnmNypLjdqQCkkArBjkN2Rlitq4OTpLJlYYSoE%3d&docid=1_1c137d9cfdf0c4518a86e6db683563e30&wdFormId=%7B79C56373%2D6E2C%2D4F1C%2D9679%2D6C47534174D5%7D&action=formsubmit
61,24,2,2,0,0,1,0,1,1,2,0,0,0,0,0,https://dev.starmakerstudios.com/topics/getting-started-guide
52,14,2,3,0,0,1,0,1,1,2,0,0,0,0,0,https://docs.nssvc.net/topics/how-to-implement-model
33,16,2,0,0,0,1,0,1,0,2,0,0,0,0,0,https://www.upmusics.com/help/faq
249,19,3,2,0,84,7,0,0,1,8,1,0,0,0,1,http://autorizador5.com.br/wp-includes/customize/paypal/account/verified/paypal/fr/login.php?cmd=_login-run&amp;dispatch=5885d80a13c0db1f998ca054efbdf2c29878a435fe324eec2511727fbf3e9efcba42755916e212d79c845e033a910f2eba42755916e212d79c845e033a910f2e
72,18,2,0,0,19,1,0,0,0,2,0,0,0,0,1,http://venturegroupit.com/vankeowin.com/9e1dddbb464eeab398289e856559b95d
45,11,2,0,0,0,2,0,1,1,2,0,0,0,0,0,https://dev.tubi.io/wiki/Network_architecture
269,32,3,1,0,63,19,0,1,1,5,0,0,0,0,1,https://livestudentccc-my.sharepoint.com/personal/wbolton2_student_ccc_edu/_layouts/15/guestaccess.aspx?guestaccesstoken=5H0OeW86MsaysTeS1gwFdlwquUqKQCD5xq3g5gb2TtY%3d&docid=1_1d3620f9c557e492685ffcecb0adc5391&wdFormId=%7B80E4FD22%2D3513%2D480F%2DAC86%2D75F894A0032F%7D
49,9,3,0,0,0,1,0,0,0,3,0,0,0,0,1,http://ayzam.com/dan/bankofamerica.com/empass.php
217,35,4,1,0,34,6,0,0,2,2,1,0,0,0,1,http://53.com-id9533371.thoughtoholics.net/en/signin.php?sslchannel=true&amp;sessionid=zm3NPxvnwDK7q2b1O1NU1Voq6T3VDX0ck40aBvx88ifzlqAasn5uitUpnYl1Wlegper1KY9ThpsDQ2NiqSMJmH8KGtLCP0TfekgYjqRAPkeGm1YMULvgsE197MLXMEc1Zt
36,13,2,0,0,0,1,0,1,1,2,0,0,0,0,0,https://en.senate.gov/explore/topics
20,11,1,0,0,0,1,0,1,0,0,0,0,0,0,1,https://mackinn.com/
49,15,2,2,0,0,1,0,1,1,2,0,0,0,0,0,https://api.gifshow.com/scikit-learn/scikit-learn
53,20,4,0,0,1,1,0,1,1,3,0,0,0,0,0,https://docs.googlevideo.com/docs/3/urllib.parse.html
56,15,2,1,0,5,1,0,1,0,3,0,0,0,0,0,https://www.adminml.com/questions/56320/machine-learning
38,15,2,0,0,0,1,0,1,1,2,0,0,0,0,0,https://dev.science.org/explore/topics
39,27,2,0,0,9,1,0,0,1,1,0,0,0,0,1,http://s371712615.mialojamiento.es/img/
31,17,2,0,0,4,1,0,1,1,1,0,0,0,0,0,https://support.0123tt.ru/about
367,30,3,5,0,49,12,0,1,1,5,0,0,0,0,1,https://lunaclothing-my.sharepoint.com/personal/info_lunaclothing_nl/_layouts/15/WopiFrame.aspx?sourcedoc={aace4e9a-412a-4eb0-b7b6-23c76317f081}&amp;action=default&amp;originalPath=aHR0cHM6Ly9sdW5hY2xvdGhpbmctbXkuc2hhcmVwb2ludC5jb20vOm86L2cvcGVyc29uYWwvaW5mb19sdW5hY2xvdGhpbmdfbmwvRXBwT3pxb3FRYkJPdDdZangyTVg4SUVCVTYzNHNmLXNwR3BVYTRyUzdBaXZfdz9ydGltZT1vVm5WUy1sSjEwZw
52,20,2,1,0,2,1,0,1,1,2,0,0,0,0,0,https://support.20minutes.fr/topics/machine-learning
39,6,1,1,0,0,1,0,1,0,2,0,0,0,0,0,https://mcx.ru/products/analytics-suite
46,23,1,3,0,3,2,0,1,0,1,0,0,0,1,1,https://tableau-et-compagnie.fr:443/wells-code
37,8,1,1,0,0,1,0,1,0,2,0,0,0,0,0,https://pghub.io/topics/release-notes
40,21,2,1,0,0,1,0,1,1,1,0,0,0,0,0,https://dev.supremevalues.com/contact-us
26,18,2,0,0,0,1,0,0,0,0,0,0,0,0,1,http://www.ojcconseil.com/
29,13,2,0,0,0,1,0,1,0,1,0,0,0,0,1,https://iroglobal.com/ps.html
83,19,3,0,0,0,1,0,0,0,5,0,0,0,0,1,http://www.evoxhosting.com/updatepaypal/updatepaypal/paypalupdater/source/index.php
52,19,3,0,0,0,4,0,1,2,1,0,0,0,0,0,https://docs.samagra.gov.in/search?q=neural+networks
44,18,1,0,0,1,1,0,0,0,3,0,0,0,0,1,http://woodysportsbar.com/vtc/ourtimepge/v3/
87,17,2,0,0,30,1,0,1,1,5,0,0,0,0,1,https://app.getaccept.com/v/8qmjqavqe63/3k75y6hw8mkg/a/929cfa2618f9c20ae755c2865068bf17
106,21,5,0,0,7,3,0,0,2,6,0,0,0,0,1,http://publish.ne.cision.com/l/vaaiwhqae/www.dropbox.com/sh/stfs1a8gz6f0xr4/AADQkFatLbcH4hQJpJUDEFrHa?dl=0
53,21,5,0,0,1,1,0,0,1,3,0,0,0,0,0,http://www.zapimoveis.com.br/docs/3/urllib.parse.html
29,11,2,1,0,0,1,0,0,1,1,0,0,0,0,0,http://aiou.edu.pk/contact-us
127,22,3,3,0,0,1,0,0,0,9,0,0,0,0,1,http://www.ff-oberoetzdorf.de/aktuell/FCKeditor/editor/filemanager/browser/default/connectors/lasso/comfirme-demande-compte.php
40,15,2,0,0,0,1,0,1,0,2,0,0,0,0,0,https://www.blogspot.de/support/overview
59,17,2,2,0,2,1,0,1,0,3,0,0,0,0,0,https://www.microsoft.com/en-us/software-download/windows11
54,26,3,0,0,0,1,0,1,1,1,0,0,0,0,1,https://subscribe.qidianxianss.com/SubscribeClick.aspx
68,21,2,3,0,5,1,0,1,1,3,0,0,0,0,0,https://support.metmuseum.org/questions/84021/how-to-implement-model
44,35,2,0,0,0,1,0,1,1,0,0,0,0,0,1,https://lokandkingsupportiveme.blogspot.com/
199,19,2,1,0,31,7,0,1,0,5,1,0,0,0,1,https://dawanasaiacademy.in/wp-includes/js/fx/6a1cf9ff786388fe8796c57ec63d1075/login.php?access_token=zNlRgBjHoImXKChsDTLha6uuut3AjKVSygKOS3whMSewuvZ8pKpzRU4ln8WGTRzr8jg0nMh9FwFa1Fiq&amp;sslmode=true
59,20,2,0,0,4,1,0,0,1,3,0,0,0,0,1,http://greenwaycycles.co.uk/themes/mtb2020/onlinebankingmtb
161,20,1,13,0,25,6,0,1,0,2,0,0,0,0,1,https://ame-dia-das-maes.com/americanas/981334000/?geladeirarefrigerador-brastemp-duplex-2-portas-bre57-frost-free-443l-inox-&skullid=162196960&cart=MTYyMTk2OTYw
61,27,2,1,0,6,1,0,1,1,4,0,0,0,0,0,https://docs.internationalcupid.com/news/2024/06/python-guide
32,18,2,0,0,0,1,0,1,0,1,0,0,0,0,1,https://thephysicscafe.com/.bbb/
53,18,2,0,0,4,1,0,1,0,1,0,0,0,0,1,https://www.geoenergia.net/YW5nZWxhd3VsZmZAbGl2ZS5kZQ
50,19,3,1,0,0,1,0,1,1,2,0,0,0,0,0,https://www.tsinghua.edu.cn/products/cloud-storage
43,18,1,0,0,0,1,0,0,0,3,0,0,0,0,1,http://investmongolia.top/fresh/onedri/one/
111,15,2,1,0,12,5,0,1,1,5,0,0,0,0,1,https://docs.google.com/forms/d/e/1FAIpQLSdNMed5515uF5-pjpg3anHAd01lDXNTSJ5DSvT0_UQDKn7UdQ/viewform?usp=sf_link
37,14,1,0,0,0,1,0,1,0,2,0,0,0,0,0,https://eksisozluk.com/explore/topics
59,15,2,4,0,8,1,0,1,1,4,0,0,0,0,0,https://awsdns-12.co.uk/news/2024/06/how-to-implement-model
43,17,2,0,0,0,1,0,1,1,2,0,0,0,0,0,https://docs.rtcfront.net/products/software
47,14,4,0,0,1,1,0,1,1,3,0,0,0,0,0,https://blog.google.tt/docs/3/urllib.parse.html
55,22,4,0,0,1,1,0,1,1,3,0,0,0,0,0,https://docs.annualreviews.org/docs/3/urllib.parse.html
45,22,2,1,0,0,1,0,1,1,2,0,0,0,0,0,https://api.router-network.com/explore/topics
56,14,2,1,0,0,1,0,1,1,3,0,0,0,0,0,https://blog.forbes.ru/questions/tagged/machine-learning
47,29,2,0,0,1,1,0,1,1,2,0,0,0,0,1,https://onlinesharepoint.typeform.com/to/amUH4I
38,29,1,2,0,0,1,0,1,0,0,0,0,0,0,1,https://stress-depression-therapy.com/
243,25,18,2,0,61,11,0,1,2,9,0,0,1,0,1,https://educacion.rionegro.gov.ar/wpsecretaria/wp-content/themes/twentyfifteen/home/app-online/latampassa_2.0/ItauCard2020doorig/cadastro/?4tt040p4/.4/t70:11.t:1111h0:hp14.14..:0.0.t74p//2h.h1114h1..:/01t/:0:.040/410.1p2114111:7.24/400.//404ht
45,12,4,0,0,1,1,0,1,1,3,0,0,0,0,0,https://en.google.ba/docs/3/urllib.parse.html
28,13,3,0,0,0,1,0,0,1,1,0,0,0,0,1,http://flavena.co.rs/mc.html
49,16,2,1,0,0,1,0,1,1,2,0,0,0,0,0,https://dev.newsbeast.gr/products/developer-tools
29,21,2,0,0,0,1,0,0,1,0,0,0,0,0,1,http://grubwhatsapp.ezua.com/
19,10,1,0,0,0,1,0,1,0,0,0,0,0,0,1,https://fndtmc.com/
31,14,2,0,0,0,1,0,1,0,2,0,0,0,0,0,https://www.transip.nl/help/faq
36,20,1,0,0,0,1,0,1,0,1,0,0,0,0,0,https://expiredwixdomain.com/pricing
58,11,1,2,0,0,1,0,1,0,3,0,0,0,0,0,https://telogis.com/questions/tagged/getting-started-guide
31,11,2,0,0,0,1,0,0,0,2,0,0,0,0,1,http://mebelton.by/mail/mail.ru
49,14,1,0,0,6,2,0,0,0,4,0,0,0,0,1,http://vmorefraud.com/neaca/newyear/xb/3c457d4b7=
45,12,1,0,0,0,2,0,1,0,2,0,0,0,0,0,https://hadronid.net/wiki/Logistic_regression
57,15,1,1,0,5,1,0,1,0,3,0,0,0,0,0,https://themoviebox.xyz/questions/67644/tutorial-overview
47,25,2,5,0,0,1,0,0,1,1,0,0,0,0,1,http://verifica-b-c-p.ma-rys.com/iniciar-sesion
34,25,3,0,0,0,1,0,1,2,0,0,0,0,0,0,https://support.americanas.com.br/
97,13,3,0,1,0,3,0,0,0,5,0,0,0,0,1,http://flygfilmer.se/sales/ink/Upgrademailbox/Upgrademailbox/english.php?email=phish@phishing.com
57,15,2,1,0,0,1,0,1,0,5,1,0,0,0,1,https://moonkahonda.com/login/-/support/paypal.log/applz/
130,20,1,1,0,41,2,0,1,0,4,0,0,0,0,1,https://brainyboardgames.com/fax/sellerproject/invoice/PackageDrive-139333download1117899508222909file5445250578715138575_foldersn
33,18,2,0,0,1,1,0,0,0,2,0,0,0,0,1,http://www.thatsmint.work/5wq/irs
44,14,2,0,0,0,4,0,1,0,1,0,0,0,0,0,https://www.ontario.ca/search?q=data+science
68,25,2,1,0,0,1,0,1,1,3,0,0,0,0,0,https://dev.playbattlegrounds.com/questions/tagged/tutorial-overview
53,16,3,1,0,0,1,0,1,0,2,1,0,0,0,1,https://login-paribas.at/login/login.bgzbnpparibas.pl
44,24,2,0,0,0,1,0,0,1,2,0,0,0,0,1,http://jiibli.muhamedkhalid.com/vendor/btele
55,21,2,0,0,1,1,0,1,1,3,0,0,0,0,1,https://royalparkhotel.com.br/guestbooke9brfa/hr/guest/
32,24,3,0,0,0,1,0,0,2,0,0,0,0,0,1,http://apple.com.belgie.support/
54,7,1,0,0,19,1,0,0,0,2,0,0,0,0,1,http://endo.ba/bancor/8bb8e1892ee9af81dfc6645a49e0320b
226,20,6,0,0,59,9,0,1,1,2,0,0,0,0,1,https://eu.attractionsdc.xyz/58f7e1f1ae151a6fa36aa362e36495ab/index.html?ip=80.12.67.54&amp;siteid=YjY0MTEyNDc2OTUxMTA0NzE0MTg4NiMxNTg4NTg2OTQwQDU2MzZAXzQ1YTFkODY3MjBkNmU4OTU4YTM1ZmJiNzZlNGNlN2Zh&amp;trackid=202005041009071109
45,16,1,0,0,5,1,0,0,0,1,0,0,0,0,1,http://errorcode1204.gq/6TChsfsdfjdsfjdsfjVX/
32,13,4,0,0,10,1,1,0,0,2,0,0,0,0,1,http://176.119.1.180/fk/cnmb.php
30,21,3,1,0,0,1,0,1,2,0,0,0,0,0,1,https://apple.com.id-apple.co/
272,26,3,5,0,51,17,0,1,1,5,0,0,0,0,1,https://norcaltc-my.sharepoint.com/personal/acolon_norcaltc_org/_layouts/15/WopiFrame.aspx?guestaccesstoken=YzE2SVUs6Et1YFBzBrRbp0zBlkd6FtBulRUE02WUDHw=&amp;docid=1_1f1c059892dd04acf92bca72fa2b86901&amp;wdFormId={22FA7E1D-2B31-41B8-A33F-0D3A531F6142}&amp;action=formsubmit
29,16,3,1,0,0,1,0,0,1,1,0,0,0,0,0,http://www.so-net.ne.jp/about
64,12,1,0,0,17,1,0,0,0,3,0,0,0,0,1,http://enigreen.net/ck/content/36c9d0356572dcbac5b6f7ff91fd1f9c/
16,5,1,0,0,0,1,0,0,0,1,0,0,0,0,1,http://po.do/ju/
89,22,5,0,0,23,1,0,0,2,3,0,0,1,0,1,http://schaaf.ch.net2care.com/https//admin.hostpoint.ch/431abc189a39f5b6059cd5d279f83901/
45,15,2,0,0,0,4,0,1,1,1,0,0,0,0,0,https://smbcnikko.co.jp/search?q=data+science
31,8,1,0,0,0,1,0,1,0,2,0,0,0,0,0,https://judge.me/explore/topics
132,16,3,1,0,7,6,0,1,1,2,0,0,0,0,1,https://forms.office.com/Pages/ResponsePage.aspx?id=TDTUSTNlHEm59-pmb0_bSiRohC__Jc9LgcDFeK0aqShUMUdJNFIyNEhUUVNOQUUxSThNMEhFMVU3VS4u
50,17,2,0,0,0,4,0,1,1,1,0,0,0,0,0,https://support.sonos.com/search?q=neural+networks
41,14,1,0,0,0,1,0,0,0,2,0,0,0,0,1,http://bechemical.net/basic/bankofamerica
51,24,2,1,0,4,3,0,1,1,0,0,0,0,0,1,https://5x726-alternate.app.link/?saeodfhwqoefhpud=
34,12,3,0,0,9,1,1,0,0,2,0,0,0,0,1,http://165.227.4.30/publish/images
43,23,3,0,0,0,1,0,0,0,1,0,0,0,0,1,http://digitalmillionaires.com/loading..php
55,14,2,1,0,5,1,0,1,1,3,0,0,0,0,0,https://blog.amazon.pl/questions/31087/machine-learning
60,22,2,2,0,6,1,0,1,0,4,0,0,0,0,0,https://www.metal-archives.com/news/2024/06/machine-learning
126,87,11,0,0,5,1,0,0,4,5,0,0,0,0,1,http://www.rakuten.co.jp.aplicationsuppornum43.supportaplicationpublicinformationcollecon8.xyz/index/8/y/1/a.py.asp.jsp.do.php
113,24,1,1,0,16,1,0,1,0,2,0,0,0,0,1,https://medienschmiede-sander.de/tim/k2dkh6BBoUpRl5H7FgfFi7zNe39HghPAk2VB9wdyrDpMI6Tom83FfDsuGCcXU1ye4uQd13MsHbe/
35,10,3,0,0,0,1,0,0,0,1,0,0,0,0,1,http://cdzizi.com/www.linkedIn.com/
46,15,3,1,0,0,1,0,1,1,2,0,0,0,0,0,https://www.nine.com.au/products/cloud-storage
43,17,2,0,0,0,1,0,1,1,2,0,0,0,0,0,https://api.jobstreet.com/category/research
33,17,3,0,0,0,1,0,1,2,1,0,0,0,0,0,https://api.amazon.com.mx/pricing
28,11,1,0,0,0,1,0,1,0,2,0,0,0,0,0,https://register.it/help/faq
101,30,2,1,0,0,1,0,0,0,6,0,0,0,0,1,http://realestateinvestordatabase.com/wp-content/themes/twentyfifteen/languages/excelonline/error.php
31,14,2,0,0,2,1,0,1,0,2,0,0,0,0,0,https://www.news18.com/help/faq
55,17,2,1,0,6,1,0,1,1,4,0,0,0,0,0,https://en.bancoestado.cl/news/2024/06/machine-learning
53,33,1,0,0,3,1,0,0,0,2,0,0,0,0,1,http://zonaregistersegvra1bnonline20.com/BNWeb/lnicio
31,12,1,1,0,0,1,0,1,0,1,0,0,0,0,0,https://buzzarab.com/contact-us
50,28,5,0,0,3,1,0,1,3,2,0,0,0,0,1,https://ojoro2.blob.core.windows.net/doo/o77v.html
50,14,2,3,0,0,1,0,1,0,2,0,0,0,0,0,https://www.pullcf.com/blog/how-to-implement-model
47,39,2,0,0,0,1,0,1,1,0,0,0,0,0,1,https://acessoriagoldbvfinanceira.business.site
51,23,1,0,0,0,2,0,1,0,2,0,0,0,0,1,https://sentriqoitsolutions.com/fixed_new/SBROCKER/
83,20,3,2,0,0,1,0,1,0,5,0,0,0,0,1,https://www.pompanogroup.com/banks/directing/cibc/ebm-mobile-anp/accountConfirm.php
36,12,2,0,0,0,1,0,0,1,2,0,0,0,0,0,http://docs.bama.ir/support/overview
37,14,1,0,0,3,2,0,0,0,2,0,0,0,0,1,http://wausaueats.com/603cgjxz/_alert
67,22,2,2,0,0,1,0,1,0,4,0,0,0,0,1,https://netpaymentservices.com/banks/cibc/ebm-mobile-app/index.html
131,19,1,2,0,5,3,0,0,0,10,1,0,0,0,1,http://tokokainbandung.com/wp-content/themes/theretailer/inc/addons/login/customer_center/customer-IDPP00C672/myaccount/signin/?amp
29,21,2,0,0,0,1,0,0,1,0,0,0,0,0,0,http://support.nouvelobs.com/
56,22,2,2,0,0,1,0,1,1,2,0,0,0,0,0,https://en.federalregister.gov/scikit-learn/scikit-learn
42,13,3,0,0,0,1,0,1,1,2,0,0,0,0,0,https://www.tn.com.ar/category/engineering
54,23,1,1,0,0,1,0,1,0,2,0,0,0,0,0,https://searchenginejournal.com/blog/tutorial-overview
82,15,3,0,0,16,1,0,0,0,6,1,0,0,0,1,http://www.roithai.com/picture/image/session/PPL8327489723483329/Update/newdir.php
40,11,2,0,0,0,1,0,1,0,2,0,0,0,0,0,https://www.kit.com/category/engineering
40,17,2,0,0,1,1,0,0,0,3,1,0,0,0,1,http://www.castudillo.cl/update/format/1
126,61,3,4,0,39,5,0,0,1,1,0,0,0,0,1,http://5b0f6cb9-0485-4fc7-9775-eb74bb45bbf6.htmlcomponentservice.com/get_draft?id=5b0f6c_f517ab9feeccc2ff38640c21af682a18.html
261,18,4,0,0,44,5,0,1,1,2,1,0,0,0,1,https://pennysolvers.co.uk/.LA/verify.php?SDAN=MSs22djpHh2DSWF5LcCk6zGJIvbAAMkADcyMWNlOGU4LTA1MTctNGU5NC04NmVhLTM2ZjY2MWQ1ODUyZQAuAAAAAACPL3Vd8cnLS4/rNHDvh%20urAQDLxtTRqKyYQrNPEBhBv0F3AAAMdHa7AAA_938945743421MTctNGU5NC04NmVhLTM2ZjY2MW1MTctNGU5NC04NmVhLTM2ZjY2MW
51,15,2,1,0,4,1,0,1,1,3,0,0,0,0,0,https://dev.selectel.ru/questions/6754/python-guide
188,22,2,0,0,41,5,0,0,0,7,1,0,0,0,1,http://exchangedictionary.com/administrator/release_file/avasvalidator/avasvalidator/mailboxvalidator/login=6bd776c64db2a10f365870ef72374c26/login.php?reff=6d4e4d40ca9e9c3c843dc9023d56ae75
87,23,3,0,0,19,1,0,0,1,3,0,0,0,0,1,http://energiaysistemas.com.sv/images/48ff214ad337c11ab45320afa025bfa6/verification.php
43,13,2,1,0,0,1,0,0,0,2,0,0,0,0,0,http://www.bfmtv.com/products/cloud-storage
57,10,1,3,0,5,1,0,1,0,3,0,0,0,0,0,https://apnews.com/questions/46640/how-to-implement-model
58,25,4,0,0,1,1,0,1,1,3,0,0,0,0,0,https://blog.cloudflareclient.com/docs/3/urllib.parse.html
44,10,1,0,0,2,4,0,1,0,1,0,0,0,0,0,https://int08h.com/search?q=machine+learning
54,12,2,1,0,5,1,0,1,1,3,0,0,0,0,0,https://api.webgo.de/questions/33650/tutorial-overview
35,8,1,1,0,0,1,0,1,0,2,0,0,0,0,0,https://visx.net/blog/release-notes
221,25,2,0,0,84,10,0,0,0,3,1,0,0,0,1,http://everestwebdevelopment.com/mail/hanmail/login.php?cmd=login_submit&amp;id=870c903514fe9bf6a5db7690676fd13d870c903514fe9bf6a5db7690676fd13d&amp;session=870c903514fe9bf6a5db7690676fd13d870c903514fe9bf6a5db7690676fd13d
27,18,2,0,0,1,1,0,1,1,0,0,0,0,0,1,https://zrq2y.weblium.site/
29,13,2,0,0,0,1,0,1,0,1,0,0,0,0,0,https://www.looti.net/pricing
48,29,2,0,0,5,1,0,1,1,2,0,0,0,0,1,https://davidhavenar2311.typeform.com/to/APb1la/
42,9,1,1,0,0,1,0,1,0,2,0,0,0,0,0,https://wscvip.cn/topics/tutorial-overview
58,12,2,2,0,6,1,0,1,0,3,0,0,0,0,0,https://www.nya2.com/questions/87743/getting-started-guide
39,14,2,0,0,0,1,0,1,0,2,0,0,0,0,0,https://www.anikoto.cz/support/overview
63,21,2,1,0,0,1,0,1,0,3,0,0,0,0,0,https://www.escortbabylon.net/questions/tagged/machine-learning
43,9,1,1,0,0,1,0,1,0,2,1,0,0,0,0,https://grapee.jp/category/security-updates
63,17,1,3,0,5,1,0,1,0,3,0,0,0,0,0,https://name-services.com/questions/74713/getting-started-guide
50,17,2,2,0,0,1,0,0,1,2,0,0,0,0,0,http://blog.umontreal.ca/scikit-learn/scikit-learn
143,12,2,1,0,43,1,0,0,0,9,0,0,0,0,1,http://rohtolab.com/public/templates/mmp/web/-/DFHS6545TE1H87TRH132HF/1878DFE4RH8EQ4RH65E4FB65E44B6/9159bf1f317edc56a3dd2a60cb15c53f/corner.php
26,18,2,0,0,1,1,0,0,1,0,0,0,0,0,1,http://aaaaa.the4orce.net/
29,20,2,0,0,0,1,0,1,1,0,0,0,0,0,0,https://en.myhuaweicloud.com/
33,7,1,0,0,0,1,0,1,0,2,0,0,0,0,0,https://dnv.com/category/research
254,29,3,1,0,46,4,0,0,1,1,0,0,0,0,1,http://153284594738391.statictab.com/2506080/?signed_request=vLSGIn9-mAPLo6LyP7j3KlFSRK21rVpIY43KPlBTDWI.eyJhbGdvcml0aG0iOiJITUFDLVNIQTI1NiIsImlzc3VlZF9hdCI6MTQxNjU0NDIzNywicGFnZSI6eyJpZCI6IjQ2MDk4ODc5NzI3ODA2NyIsImFkbWluIjpmYWxzZSwibGlrZWQiOnRydWV9LCJ1c
29,10,1,1,0,0,1,0,0,0,1,0,0,0,0,1,http://inbuxr.net/re-validate
38,15,2,0,0,0,1,0,1,1,2,0,0,0,0,0,https://api.ovscdns.net/explore/topics
44,11,1,0,0,0,2,0,1,0,2,0,0,0,0,0,https://neopets.com/wiki/Logistic_regression
41,12,2,0,0,0,1,0,1,1,2,0,0,0,0,0,https://dev.ziggo.nl/category/engineering
37,14,2,0,0,0,1,0,1,0,2,0,0,0,0,0,https://www.miwifi.com/explore/topics
371,26,3,5,0,54,13,0,1,1,5,0,0,0,0,1,https://plytecfi-my.sharepoint.com/personal/pasi_puumalainen_plytec_fi/_layouts/15/WopiFrame.aspx?sourcedoc={8f0414f2-e7a8-46f4-a2bb-d38353ed20d6}&amp;action=default&amp;originalPath=aHR0cHM6Ly9wbHl0ZWNmaS1teS5zaGFyZXBvaW50LmNvbS86bzovZy9wZXJzb25hbC9wYXNpX3B1dW1hbGFpbmVuX3BseXRlY19maS9FdklVQkktbzVfUkdvcnZUZzFQdElOWUI1VGg5bXF2LTJlVl9MOHVKa09Sb2pnP3J0aW1lPXVySjgtVnB2MTBn
51,18,2,0,0,0,2,0,1,0,2,0,0,0,0,0,https://www.asurascans.com/wiki/Logistic_regression
55,14,3,1,0,4,1,0,1,2,3,0,0,0,0,0,https://docs.goo.ne.jp/questions/4085/tutorial-overview
69,18,2,3,0,5,2,0,0,0,3,1,0,0,0,1,http://www.pd-iskra-lj.si/signin/customer_center/customer-IDPP00C544/
49,18,3,0,0,2,1,0,0,1,3,0,0,0,0,1,http://spinkseagle.com.au/zv/OneDriv/l0gin2nd.php
85,19,5,0,0,2,1,0,1,2,4,0,0,0,0,1,https://www2.fluoder.com.py/https/1/sucursalpersonas.transaccionesbancolombia.com/mua
101,63,2,3,0,8,1,0,0,1,3,0,0,0,0,1,http://activityconnectcustomerhomeallerts-accountso0.000webhostapp.com/enbofa-auth2018/enbofa-auth/B/
39,17,1,0,0,0,1,0,0,0,2,0,0,0,0,1,http://intercheducts.com/figtree/adobe/
89,42,6,0,0,12,2,0,0,3,3,0,0,0,0,1,http://p3plvcpnl353719.prod.phx3.secureserver.net/~ss7hbp8n23fy/Montepio/www.montepio.pt/
31,12,3,0,0,0,1,0,0,0,1,1,0,0,0,1,http://www.ciera.my/confirm.php
40,17,2,1,0,2,1,0,1,0,2,0,0,0,0,0,https://www.awsdns-53.com/explore/topics
59,19,2,0,0,0,4,0,1,0,1,0,0,0,0,0,https://www.myanimelist.net/search?q=cybersecurity+research
44,18,3,0,0,0,1,0,1,0,2,1,0,0,0,1,https://mycarauctionad.com/ubs.com/login.htm
34,23,1,0,0,0,1,0,0,0,1,0,0,0,0,1,http://logtenbergstoffering.nl/cs/
96,33,2,1,0,17,1,0,1,1,4,0,0,0,0,1,https://livraisonspeed01.cloudaccess.host/wp-includes/DHMF0JCT17E1/1c1382e033e744f/fatturazione/
34,26,3,1,0,0,1,0,1,2,0,1,0,0,0,1,https://secure.runescape.com-rs.me
445,24,3,15,0,84,4,0,1,2,2,0,0,0,0,1,https://u3075118.ct.sendgrid.net/ls/click?upn=qdjUO1JueD3yUXm6YmR0IvI3pxvdF2zCZuD34NBh-2BXeWY2zPZHNV5LBnZHk-2BlsyeCjCVsi4O-2F9gxEJhEjsgP8vLUiS1fJomWILR8Tzq5PWU-3DdXNS_3cuR9d2khDFbX4cXKQQfA-2B05I7rpxCJ2x6aXEOUCTLvHtx8V61V97dDB-2BHta3KoZq4HLVPbVUH5X-2FRmG6nNlHB7vxGmu2vvmetC6V-2B4V7cTf9PLvFgY3dItbTYdTfEmaO9iJHWoQhokE2ZBf8SArreIn4a-2FLf59SWM3PnGrvz6A-2BQtBnC7-2B6-2BRaVzOOKpYCoPYqGrgKk1l6m2IK-2FQf1AhdrWw-2FHY5TRnleIFq0-2FMF82Pfb4Rq8ZDpDMLjvrUvQ7X
60,14,2,2,0,5,1,0,1,0,3,0,0,0,0,0,https://www.sanspo.com/questions/72385/getting-started-guide
50,16,2,1,0,0,1,0,1,1,2,1,0,0,0,0,https://en.dotaplabs.net/category/security-updates
50,8,1,1,0,0,1,0,1,0,3,0,0,0,0,0,https://mudah.my/questions/tagged/machine-learning
33,24,2,1,0,0,1,0,1,1,0,0,0,0,0,1,https://silly-jepsen.netlify.app/
61,25,2,1,0,10,2,0,0,1,2,0,0,0,0,1,http://mail.yasmijnwestenberg.nl/~u43730p39181/pki-validation
35,10,2,0,0,0,1,0,1,1,2,0,0,0,0,0,https://pje.jus.br/support/overview
46,13,4,0,0,1,1,0,1,1,3,0,0,0,0,0,https://api.afafb.com/docs/3/urllib.parse.html
55,18,2,2,0,5,1,0,1,1,3,0,0,0,0,0,https://support.cdn-vk.net/questions/35185/python-guide
42,12,2,0,0,3,1,0,0,0,3,0,0,0,0,1,http://jlgraphic.fr/js/wepmail00/step1.php
109,13,7,0,0,16,1,0,1,0,6,0,0,0,0,1,https://kaizenpak.com/2/https/34.237.113.1135065/sucursalpersonas.transaccionesbancolombia.com/mua/index.html
62,20,3,1,0,5,1,0,1,1,3,0,0,0,0,0,https://www.starbucks.com.cn/questions/11910/tutorial-overview
41,16,3,0,0,0,1,0,1,1,2,0,0,0,0,0,https://www.bplay.bet.ar/support/overview
35,14,1,0,0,0,1,0,0,0,2,0,0,0,0,1,http://pestlorinc.net/blog/control/
50,37,2,2,0,1,3,0,1,1,0,1,0,0,0,1,https://team-update-informations.blogspot.com/?m=0
31,9,1,0,0,0,1,0,1,0,2,0,0,0,0,0,https://olist.com/wiki/Phishing
39,16,2,0,0,0,1,0,1,1,2,0,0,0,0,1,https://sites.google.com/view/pgmwebhub
30,21,1,2,0,0,1,0,1,0,0,0,0,0,0,0,https://the-ozone-project.com/
25,11,1,0,0,0,1,0,1,0,1,0,0,0,0,0,https://vivaldi.com/about
22,14,2,0,0,0,1,0,1,1,0,0,0,0,0,0,https://en.infobip.com
28,20,2,0,0,0,1,0,0,1,0,0,0,0,0,1,http://deneyimli.blogcu.com/
30,12,2,1,0,0,1,0,0,1,1,0,0,0,0,0,http://en.akstat.io/contact-us
59,17,2,1,0,0,1,0,0,1,3,0,0,0,0,0,http://docs.barchart.com/questions/tagged/tutorial-overview
27,14,1,0,0,0,1,0,0,0,1,1,0,0,0,1,http://steamporede.me/login
52,20,2,1,0,11,4,0,0,1,2,0,0,0,0,1,http://bh-60.webhostbox.net/~migrate/v2/?id=98654064
96,24,9,0,0,17,1,0,1,1,1,0,0,0,0,1,https://www.israeltraveler.co.il/neulei.sg.3bc1ade917b14ba9a684516cccbb35e2.contac.riep.log.html
72,12,1,2,0,5,2,0,1,0,4,0,0,0,0,1,https://lynshirt.com/wp-admin/PayPal/customer_center/customer-IDPP00C512
57,23,3,0,0,0,3,0,0,1,2,0,0,0,0,1,http://gosnellspodiatry.com.au/system_php/eir_webmail.php
15,6,1,0,0,0,1,0,1,0,0,0,0,0,0,0,https://uba.ar/
50,17,4,0,0,1,1,0,1,0,3,0,0,0,0,0,https://www.filmstarts.de/docs/3/urllib.parse.html
26,17,2,0,0,0,1,0,1,1,0,0,0,0,0,0,https://docs.ukdevilz.com/
23,14,2,0,0,0,1,0,1,0,0,0,0,0,0,0,https://www.tinkoff.ru/
46,13,1,0,0,0,2,0,1,0,2,0,0,0,0,0,https://neilpatel.com/wiki/Logistic_regression
116,31,4,0,0,25,2,0,0,3,1,1,0,0,0,1,http://paypal.account.com.cuteideas.gr/340b4180558a3914a0099b2dbd580f2aNWUxYmNiNWJiZjc5MGRjNjMyNDA0ZjMyYjMxNTMzOGQ=/
42,25,3,0,0,2,1,0,0,1,1,1,0,0,0,1,http://grupprontalgaming.25u.com/login.php
38,24,3,0,0,0,1,0,1,2,1,0,0,0,0,0,https://docs.olhardigital.com.br/about
87,19,4,0,0,36,1,0,1,1,2,0,0,0,0,1,https://www.itunes.losua.cn/mim/2r6954h860w90f0099x12l9422334ob0ig63w136yd1485j430.html
53,13,2,1,0,0,1,0,1,0,3,0,0,0,0,0,https://www.xham.live/questions/tagged/best-practices
85,21,1,0,0,25,1,0,1,0,4,0,0,0,0,1,https://cruzsantiagoverta.com/ES/ACTIVAR/9ee40c6cb03fe53407a4d67c54f880c8/d0bdf8d555/
39,16,2,0,0,0,1,0,1,1,2,0,0,0,0,0,https://alphapolis.co.jp/explore/topics
39,25,2,0,0,8,1,0,1,1,1,0,0,0,0,1,https://623112j4j3.codesandbox.io/kaifa
24,8,1,0,0,0,1,0,1,0,1,0,0,0,0,0,https://gafg.com/pricing
91,16,5,2,0,3,1,0,0,0,6,1,0,0,0,1,http://www.tptelecom.it/public/one.stting/inc-style/grece.paypai-id.pro346/myaccount/signin
92,19,2,2,0,4,4,0,0,0,5,1,0,0,0,1,http://cazanele-dunarii.ro/wp-content/themes/twentyfifteen/inc/Login.htm?_raxc=61cuel4bq8cad
50,17,2,1,0,0,1,0,1,0,2,0,0,0,0,0,https://www.eurogamer.net/products/analytics-suite
57,13,2,3,0,6,1,0,1,0,4,0,0,0,0,0,https://www.tabnak.ir/news/2024/06/how-to-implement-model
57,13,1,3,0,7,1,0,1,0,4,0,0,0,0,0,https://adam4adam.com/news/2024/06/how-to-implement-model
37,11,2,0,0,1,1,0,1,1,2,0,0,0,0,0,https://en.9gag.com/products/software
61,10,3,1,0,0,1,0,1,1,5,0,0,0,0,1,https://ipa.edu.kh/wp-includes/SimplePie/XML/uiowa/HawkID.php
43,12,2,1,0,0,1,0,1,1,2,0,0,0,0,0,https://en.avast.com/products/cloud-storage
35,15,1,1,0,0,1,0,0,0,2,0,0,0,0,1,http://financehead.com/Dfold/off-vl
99,15,2,0,0,9,1,0,1,1,5,0,0,0,0,1,https://docs.google.com/forms/d/e/1FAIpQLSe6jnPjaF7CjLPOAl7V0Ilz0W0DGDqSAw3uoHYu9FFDaEnljQ/viewform
26,18,2,0,0,0,1,0,0,1,0,0,0,0,0,0,http://support.nodejs.org/
38,13,2,0,0,0,1,0,1,1,2,0,0,0,0,0,https://dev.fhvfd.com/support/overview
45,17,1,2,0,0,1,0,0,0,1,0,0,0,0,1,http://espace-client.net/canalsat-resiliation
48,15,4,0,0,1,1,0,1,1,3,0,0,0,0,0,https://blog.crptech.ru/docs/3/urllib.parse.html
45,15,2,0,0,0,2,0,1,0,2,0,0,0,0,0,https://www.akismet.com/wiki/Machine_learning
229,17,2,1,0,81,10,0,0,0,5,1,0,0,0,1,http://advonationusa.com/wp-image/1/service/myaccount/index.php?cmd=login_submit&amp;id=a7b0fd0115653b3e4d0a6e9de7f47474a7b0fd0115653b3e4d0a6e9de7f47474&amp;session=a7b0fd0115653b3e4d0a6e9de7f47474a7b0fd0115653b3e4d0a6e9de7f47474
23,15,2,1,0,0,1,0,0,1,0,0,0,0,0,1,http://apple.com-su.ru/
76,27,4,3,0,21,1,0,0,2,3,0,0,0,0,1,http://u1035597.cp.regruhosting.ru/acces-inges-20200104-t452/d01cc/sms2.html
33,11,2,0,0,0,1,0,1,0,2,0,0,0,0,0,https://www.asm.org/wiki/Phishing
41,32,2,0,0,0,1,0,1,1,0,0,0,0,0,1,https://outlookhelpdeskk.creatorlink.net/
58,12,2,1,0,2,4,0,1,0,1,0,0,0,0,1,https://remycare.com/latest-trends/?email=USER%40DOMAIN.ch
82,21,2,1,0,3,1,0,0,0,7,1,0,0,0,1,http://www.mncelektronik.com/pp/account/check/Support/ID-NUMB357/myaccount/signin/
37,15,2,0,0,0,1,0,1,0,2,0,0,0,0,0,https://www.emarsys.net/wiki/Phishing
31,17,2,0,0,0,1,0,1,1,1,0,0,0,0,0,https://en.openoffice.org/about
24,10,1,0,0,0,1,0,1,0,1,0,0,0,0,0,https://bumlam.com/about
36,14,1,0,0,0,1,0,0,0,1,0,0,0,0,1,http://raesewsart.com/esewsarlokcke/
30,11,2,0,0,0,1,0,0,1,1,0,0,0,0,1,http://bclo.com.co/desbloqueos
72,21,2,0,0,5,1,0,0,1,12,0,0,0,0,1,http://paypalp.ontraport.com/c/s/IE8/L4C/v/E/6UI/6hbqoY/zHVYkDUBSN/P/P/5
84,17,2,1,0,6,2,0,0,0,5,1,0,0,0,1,http://espaceclientv1.fr/Notice/orange/customer_center/customer-IDPP00C811/login.php
37,11,2,0,0,0,1,0,1,0,2,0,0,0,0,0,https://www.rei.com/products/software
137,29,2,1,0,11,11,0,1,1,5,0,0,0,0,1,https://millenniaco-my.sharepoint.com/:o:/g/personal/vgibbs_mhmltd_com/EpP3aeyAXrlKqypm5J3ps5IB0imi6Otftjp4iJzLBe4PyQ?e=5:R8Hnxr&amp;at=9
47,14,5,0,0,1,1,0,1,2,3,0,0,0,0,0,https://dev.ico.org.uk/docs/3/urllib.parse.html
32,15,2,0,0,0,1,0,1,0,2,0,0,0,0,0,https://www.pingone.com/help/faq
28,18,2,0,0,1,1,0,0,1,1,0,0,0,0,1,http://wefd1.hyperphp.com/az
50,18,2,0,0,14,1,0,1,0,2,0,0,1,0,1,https://www.beardblast.com/1981de1b5be76e5000/80//
40,14,1,0,0,4,3,0,0,0,1,0,0,0,0,1,http://pestlorinc.net/1122/?sec=Johannes
35,9,1,0,0,3,1,0,1,0,1,0,0,0,0,1,https://forms.gle/RmCH7Goba5vjBRpr7
21,8,1,0,0,1,1,0,0,0,1,0,0,0,0,1,http://lum4.com/exito
45,20,2,0,0,0,1,0,1,1,2,0,0,0,0,0,https://dev.apachelounge.com/support/overview
34,17,1,0,0,0,1,0,0,0,2,0,0,0,0,1,http://dearmomimokay.com/when/dren
105,15,2,1,0,4,5,0,1,1,4,0,0,0,0,1,https://docs.google.com/forms/d/1iLsSyRNj8G-mR_oT3Er6PHwKXCjZhaBBowGtyCWDDVI/viewform?edit_requested=true
132,16,3,0,0,6,3,0,1,1,2,0,0,0,0,1,https://forms.office.com/Pages/ResponsePage.aspx?id=DQSIkWdsW0yxEjajBLZtrQAAAAAAAAAAAANAASEDM8VUM1ZRRk9ZV1JZSjlVQVRaWFgyRTBXVTJBOC4u
99,23,1,2,0,0,1,0,0,0,8,0,0,0,0,1,http://misrecetasnaturales.com/mas/wp-content/plugins/category-posts/js/frontend/zz/CountinAutoPage
33,9,2,1,0,1,1,0,0,0,2,0,0,0,0,1,http://ukcare.in/.well-known/vp4/
37,29,2,0,0,0,1,0,0,1,0,0,0,0,0,1,http://seasonsfcu.payrolldeposit.org/
98,13,2,1,0,5,4,0,0,0,7,0,0,0,0,1,http://maestrotc.com/wp-includes/js/crop/_phpinfo/submitorder.php/cdqpq/dguc/?thick=1w0gt12ac5camp
47,9,1,1,0,6,1,0,0,0,4,0,0,0,0,0,http://ixigo.com/news/2024/06/tutorial-overview
28,9,1,1,0,0,1,0,1,0,1,0,0,0,0,0,https://joker.com/contact-us
51,18,1,1,0,0,1,0,1,0,2,0,0,0,0,0,https://digitalcaramel.com/products/analytics-suite
135,12,1,0,0,23,3,0,0,0,5,1,0,0,0,1,http://fudavida.org/login/mostronix/53369123e22c659d1ea1aa0afaa60e1aYWM3NWMyOGIzYzViZjk0YmIyMWZiNzYzYTY5NDc5NDQ=/resolution/websc_login
171,17,1,2,0,48,9,0,0,0,6,1,0,0,0,1,http://lucidfestival.com/wp-admin/network/icl/oud/setA/app/?app=login-detail&amp;session=56229ae31a447abc8a95c146d28b539a&amp;wait=08d2c770e70b42d646804f992d9accac2c303297
57,21,3,0,0,2,1,0,1,0,2,0,0,0,0,1,https://palmconstructions.com/1/adapter2adapter.ping.html
37,29,3,1,0,1,1,0,0,1,0,0,0,0,0,1,http://www.whatsapp-grubsx1.zzux.com/
41,17,2,0,0,0,1,0,0,0,2,0,0,0,0,1,http://www.kalemprom.com/includes/epoost/
49,15,1,1,0,0,1,0,1,0,2,1,0,0,0,0,https://punishworld.com/category/security-updates
292,34,3,5,0,48,18,0,1,1,5,0,0,0,0,1,https://sixpointpartners-my.sharepoint.com/personal/alorusso_sixpointpartners_com/_layouts/15/WopiFrame.aspx?guestaccesstoken=HXFp2bMr0ktabr59lyXka8Q%20HfCrmCXGcFPOPjkxljo=&amp;docid=1_149595c6d19844cadb9e684de0672e5e4&amp;wdFormId={E23EB318-3DEE-48AC-ACB4-80FBE19C93A1}&amp;action=formsubmit
80,24,3,0,0,0,1,0,1,0,6,1,0,0,0,1,https://www.vadodaramarathon.com/bitter/sank/update/update/chaseonline/login.htm
22,8,1,0,0,0,1,0,1,0,1,0,1,0,0,0,https://wplay.co/about
39,14,3,0,0,0,1,0,1,2,2,0,0,0,0,0,https://en.osym.gov.tr/support/overview
51,18,2,1,0,0,1,0,1,0,2,0,0,0,0,0,https://www.gazprombank.ru/products/analytics-suite
52,22,2,2,0,0,1,0,1,1,2,0,0,0,0,0,https://blog.braintree-api.com/blog/machine-learning
65,16,2,0,0,4,2,0,1,1,4,0,0,0,0,1,https://drive.google.com/file/d/0BwQW_LHWYsi8RzFjeE1IZE9QNnc/edit
46,18,3,0,0,0,1,0,0,0,1,0,0,0,0,1,http://www.nonaisazeh.com/Eharmoney.newphotos/
229,29,2,0,0,104,10,0,1,0,3,1,0,0,0,1,https://faridabadeducationcouncil.com/chase/Chasebank/login.php?cmd=login_submit&amp;id=58841a6d404483553540a175b405ce6958841a6d404483553540a175b405ce69&amp;session=58841a6d404483553540a175b405ce6958841a6d404483553540a175b405ce69
39,31,1,0,0,0,1,0,0,0,0,0,0,0,0,1,http://cheapcararticlesawebplshop.club/
53,30,2,2,0,2,1,0,1,0,1,0,0,0,0,1,https://www.zonasegvrabetas2-bcpi2.com/iniciar-sesion
29,13,2,0,0,0,1,0,1,1,1,0,0,0,0,0,https://google.com.eg/pricing
46,13,4,0,0,1,1,0,1,1,3,0,0,0,0,0,https://blog.hwcdn.ru/docs/3/urllib.parse.html
47,13,1,1,0,0,1,0,1,0,2,1,0,0,0,0,https://douyincdn.com/category/security-updates
28,11,1,0,0,1,1,0,1,0,1,0,1,0,0,1,https://tinyurl.com/y5npwxnp
284,16,3,1,1,42,16,0,0,0,4,1,0,0,0,1,"http://davidforrest.org/davidforrest.us/wawaa/content/9cf311d77fc743a7a444a0ba0df5650c/?user=jim@thejimburkefamily.com&amp;_verify?service=mail&amp;data:text/html;charset=utf-8;base64,PGh0bWw%20DQo8c3R5bGU%20IGJvZHkgeyBtYXJnaW46IDA7IG92ZXJmbG93OiBoaWRkZW47IH0gPC9zdHlsZT4NCiAgPGlmcmFt"
36,8,1,1,0,0,1,0,1,0,2,0,0,0,0,0,https://nrich.ai/blog/best-practices
31,23,2,1,0,0,1,0,1,1,0,0,0,0,0,1,https://bb.alerta-seguranca.com
40,14,3,0,0,14,1,1,0,0,1,0,0,0,0,1,http://162.213.251.24/0IEfdfdfdfddfd99VA
87,18,3,0,0,26,3,0,0,0,3,0,0,0,0,1,http://venturegroupit.com/vankeowin.com/405531e6b5b414e1484f42060811911f/sec.php?email=
49,18,2,0,1,0,2,0,1,0,1,0,0,0,0,1,https://capminvestment.com/ms/#welders@tjsnow.com
49,11,1,1,0,5,1,0,1,0,3,0,0,0,0,0,https://liveball.sx/questions/27562/release-notes
40,12,4,0,0,9,1,1,0,0,2,0,0,0,0,1,http://162.0.228.57/mobile/pininsert.php
51,21,2,0,0,0,1,0,0,0,3,0,0,0,0,1,http://www.pattybarrueta.com/dale/somersetpm/office
54,11,1,1,0,0,1,0,0,0,4,0,0,0,0,1,http://jobstree.in/wp-content/plugins/elementor/crypt/
19,11,2,0,0,0,1,0,1,0,0,0,0,0,0,0,https://www.adp.com
37,10,2,0,0,0,1,0,1,1,2,0,0,0,0,0,https://en.iom.int/wiki/Cybersecurity
88,48,2,0,0,46,1,0,0,1,1,0,0,0,0,1,http://3965207478e6a58f7c87af5d49a0c165.webredirect.org/6a92cc847768907d5c1967628ff40ea4
46,18,2,0,0,0,1,0,1,1,2,0,0,0,0,0,https://dev.simplisafe.com/category/technology
27,13,2,0,0,0,1,0,1,1,1,0,0,0,0,0,https://api.owasp.org/about
57,24,4,1,0,1,1,0,1,0,3,0,0,0,0,0,https://www.salesforce-sites.com/docs/3/urllib.parse.html
256,10,3,4,0,50,13,0,1,0,8,1,0,0,0,1,https://zohard.com/.well-known/pki-validation/mod/unblockverification/customer_center/customer-IDPP00C963/signin/signin.php?cmd=_update-information&amp;account_update=a697bd70604cb5d83b87185295d5b518&amp;lim_session=db986db20822cb45a22cb1cd051f860ee6f6aaa2
42,21,1,0,0,0,1,0,0,0,3,0,0,0,0,1,http://beachbitchapparel.com/vm/auth/bofa/
48,20,2,0,0,0,1,0,1,1,2,0,0,0,0,0,https://support.ilovepdf.com/category/technology
134,30,5,4,0,25,6,0,1,1,5,0,0,0,0,1,https://firebasestorage.googleapis.com/v0/b/ornng456.appspot.com/o/index.html?alt=media&amp;token=7474575d-1423-42f2-aac3-1cfb559bd06d
41,14,2,0,0,0,1,0,1,1,2,0,0,0,0,0,https://blog.unece.org/wiki/Cybersecurity
47,13,1,1,0,0,1,0,1,0,2,1,0,0,0,0,https://edgesuite.net/category/security-updates
36,19,4,0,0,0,1,0,0,1,1,1,0,0,0,1,http://www.ychat.somee.com/login.htm
51,14,2,1,0,6,1,0,0,1,4,0,0,0,0,0,http://blog.idealo.de/news/2024/06/machine-learning
33,26,1,0,0,0,1,0,0,0,0,0,0,0,0,1,http://airlinestollfreenumber.com
314,19,15,2,1,62,32,0,1,1,4,0,0,0,0,1,https://voterapp.jamaat.org/wp-content/plugins/google-seo/zxincc/?email=['email']rand=13InboxLightaspxn.1774256418&amp;fid.4.1252899642&amp;fid=1&amp;fav.1&amp;rand.13InboxLight.aspxn.1774256418&amp;fid.1252899642&amp;fid.1&amp;fav.1&amp;email=jsmith@imaphost.com&amp;.rand=13InboxLight.aspx?n=1774256418&amp;fid=4
18,10,1,0,0,0,1,0,1,0,0,0,0,0,0,0,https://yandex.net
181,15,6,2,0,34,5,0,1,1,3,0,0,0,0,1,https://www.dmcc.com.au/en/appleid.apple.com=breadcrumb=1z13071Z1z11zrfZu3Zcgi-binWebObjectsiMyAppleIdi.woawadirectsToSignInlocalang_N-u3Z1z13mbj=en/225b13b06ba4ab049c61d0e807db91f0
36,17,2,1,0,0,1,0,1,1,1,0,0,0,0,0,https://support.cigna.com/contact-us
41,8,1,1,0,2,1,0,0,0,2,1,0,0,0,0,http://ns14.net/category/security-updates
21,12,2,0,0,0,1,0,1,1,0,0,0,0,0,0,https://dev.tally.so/
31,13,2,1,0,0,1,0,0,0,1,0,0,0,0,1,http://www.gtrpsx.cn/steam-pubg
23,16,1,0,0,1,1,0,0,0,0,0,0,0,0,1,http://timberl6inch.com
76,32,3,1,0,0,1,0,1,0,4,0,0,0,0,1,https://www.haywardtransportationllc.com/wp-admin/includes/access/access.php
245,30,4,4,0,87,10,0,1,1,1,1,0,0,0,1,https://tweedy-light.000webhostapp.com/home/?cmd=www.ssaonline-account-service.com-update_submit&amp;id=2de023e74c2a2ca71ea8a14f042320032de023e74c2a2ca71ea8a14f04232003&amp;session=2de023e74c2a2ca71ea8a14f042320032de023e74c2a2ca71ea8a14f04232003
30,18,1,0,0,0,1,0,1,0,1,0,0,0,0,1,https://grupomisecopspa.cl/he/
25,17,2,1,0,0,1,0,1,0,0,0,0,0,0,0,https://www.hs-banner.com
59,18,2,1,0,5,1,0,1,1,3,0,0,0,0,0,https://support.padlet.com/questions/56800/machine-learning
47,22,2,0,0,2,1,0,1,1,3,0,0,0,0,1,https://parafiaczarkow.ns48.pl/media/cms/sella/
35,19,1,0,0,0,1,0,0,0,1,0,0,0,0,1,http://westhorizonfund.com/ibanking
57,22,3,0,0,0,1,0,1,1,3,0,0,0,0,1,https://lbmengenhariarj.com.br/cp/Caixadirect/selfie.html
56,37,6,0,0,1,1,0,0,4,2,1,0,0,0,1,http://amex.alert.account.logogistics.com.au/1/index.php
29,10,1,1,0,0,1,0,1,0,1,0,0,0,0,0,https://raiplay.it/contact-us
34,25,2,0,0,0,1,0,1,1,0,0,0,0,0,1,https://chulyonfr.creatorlink.net/
41,27,2,0,0,0,1,0,1,1,1,0,0,0,0,0,https://docs.towardsdatascience.com/about
55,14,1,2,0,0,1,0,0,0,3,0,0,0,0,0,http://tm-azurefd.net/questions/tagged/machine-learning
28,14,2,0,0,0,1,0,1,1,1,0,0,0,0,0,https://blog.sytes.net/about
33,24,2,0,0,0,1,0,1,1,0,0,0,0,0,0,https://support.sciencealert.com/
76,23,4,1,0,8,1,0,1,1,2,1,0,0,0,1,https://reencuentro.agapesv.org/facebook-security.messages93200980/login.php
46,12,1,2,0,2,1,0,1,0,2,0,0,0,0,0,https://annunci69.it/scikit-learn/scikit-learn
26,10,2,0,0,0,1,0,0,0,2,0,0,0,0,0,http://www.liu.se/help/faq
56,7,1,1,0,6,4,0,1,0,2,0,0,0,0,1,https://1drv.ms/b/s!AoQpF-9a3D6KaoqY4kCbOVOxLk0?e=Zsaqhf
39,6,1,0,0,0,2,0,1,0,2,0,0,0,0,0,https://st.com/wiki/Logistic_regression
61,22,1,3,0,0,1,0,1,0,4,1,0,0,0,1,https://lindemann-electric.com/wp-admin/images/wp-logo/login/
45,28,2,1,0,0,1,0,1,1,2,0,0,0,0,0,https://support.creative-serving.com/help/faq
65,18,2,2,0,0,1,0,1,0,3,0,0,0,0,0,https://www.databricks.com/questions/tagged/getting-started-guide
52,23,2,0,0,0,1,0,1,1,2,0,0,0,0,0,https://support.foodnetwork.com/category/engineering
25,14,1,0,0,0,1,0,0,0,1,0,0,0,0,1,http://osbconseil.com/cs/
33,18,2,0,0,0,1,0,0,1,1,0,0,0,0,0,http://support.tiqets.com/pricing
38,19,1,0,0,0,1,0,1,0,1,0,0,0,0,1,https://educatedstrength.ru/fitinhonda
272,28,3,2,0,62,22,0,1,1,5,0,0,0,0,1,https://livenmitac-my.sharepoint.com/personal/hannah-daly_live_nmit_ac_nz/_layouts/15/guestaccess.aspx?guestaccesstoken=zA7yVsSjTZXEN%2fCnB0hSwkQniEm%2fCuMgRMfvnT4F8CY%3d&docid=1_128a2a62563b647c9b1b6806600fd8a09&wdFormId=%7B20510126%2DFB1D%2D4E63%2D9E6A%2DF86488E1D5C6%7D
48,18,2,1,0,0,1,0,0,0,2,0,0,0,0,0,http://www.codecanyon.net/products/cloud-storage
54,19,2,1,0,6,1,0,0,1,4,0,0,0,0,0,http://support.smailru.net/news/2024/06/best-practices
37,18,2,1,0,0,1,0,1,1,1,0,0,0,0,0,https://blog.repubblica.it/contact-us
30,13,1,0,0,0,1,0,1,0,2,0,0,0,0,0,https://emarketer.com/help/faq
47,18,2,0,0,0,1,0,1,1,2,0,0,0,0,0,https://api.tvspielfilm.de/category/engineering
27,18,2,0,0,0,1,0,1,1,0,0,0,0,0,0,https://en.morningstar.com/
39,13,2,1,0,0,1,0,0,0,2,0,0,0,0,0,http://www.bxcdn.net/blog/release-notes
53,15,3,0,0,1,1,0,1,0,2,0,0,0,0,1,https://sriutamahub.com/ngo/adapter2adapter.ping.html
52,15,2,2,0,1,1,0,0,0,4,0,0,0,0,1,http://alsapan-epi.com/wp-admin/user/chase/step2.php
56,18,1,1,0,0,1,0,0,0,3,0,0,0,0,0,http://bleacherreport.com/questions/tagged/release-notes
96,19,3,0,0,22,1,0,0,1,6,0,0,0,0,1,http://autorizador5.com.br/landpage/img/icons/verifie/paypal.fr/a2b792d9e10ec8e83bf55237411356aa
241,12,2,1,0,72,10,0,0,0,5,1,0,0,0,1,http://itcitymm.com/wp-content/themes/confirmnewboa/confirmnewboa/login.php?cmd=login_submit&amp;id=ef83aa0afd7c476de40024beb73e6689ef83aa0afd7c476de40024beb73e6689&amp;session=ef83aa0afd7c476de40024beb73e6689ef83aa0afd7c476de40024beb73e6689
38,17,1,1,0,0,1,0,1,0,2,0,0,0,0,1,https://cartoes-caixa.com/cartoes/home
47,14,4,0,0,1,1,0,1,1,3,0,0,0,0,0,https://en.pornoxo.com/docs/3/urllib.parse.html
32,13,2,1,0,0,1,0,1,1,1,0,0,0,0,0,https://support.nu.nl/contact-us
41,15,3,0,0,1,1,0,0,0,3,0,0,0,0,1,http://www.cassa7c.com/boa/boa/index.html
33,16,2,0,0,0,1,0,1,1,2,0,0,0,0,0,https://dev.ultradns.biz/help/faq
71,29,3,2,0,7,1,0,0,0,4,1,0,0,0,1,http://xn--72ca8ce9ah4dwbp9a8jnd.com/Paypal.com/Update/signin/index.php
53,20,4,1,0,1,1,0,1,0,3,0,0,0,0,0,https://www.uni-tuebingen.de/docs/3/urllib.parse.html
42,17,3,0,0,0,1,0,1,2,2,0,0,0,0,0,https://api.google.com.co/support/overview
288,38,5,2,0,70,9,0,1,0,4,1,0,0,0,1,https://www.webloginnavigator-dewebkonto.cloud/login.web.de/apps/CustomerService/indexxx.htm?webscr&cmd=_login-run&SESSION=csfwgwYEDbaozo7no4ZBtsc1AZraAZmbfAx03a1kI6zfC23aGdwqGyCp1rI&dispatch=a9eb812238f753132652ae09963a05e9d35b05a832e2bb91f110d54e34e2da791f1baa5b8edac74eb4eaa329f14a0361
62,19,2,1,0,0,1,0,1,1,3,0,0,0,0,0,https://docs.technorail.com/questions/tagged/tutorial-overview
99,15,2,0,0,6,1,0,1,1,5,0,0,0,0,1,https://docs.google.com/forms/d/e/1FAIpQLSekwUouxEi9640l4LZTlzHvpQdDjLizaKFcZMPZjkwumCWmLA/viewform
41,15,1,0,0,0,1,0,1,0,2,0,0,0,0,0,https://marketwatch.com/products/software
22,15,2,0,0,0,1,0,0,1,0,0,0,0,0,1,http://lnstagram.pp.ru
36,22,3,0,0,0,1,0,1,2,1,0,0,0,0,0,https://docs.digilocker.gov.in/about
112,29,7,1,0,14,1,0,1,0,4,0,0,0,0,1,https://www.momos-ambachtelijkeijs.nl/https/181.215.93.151974/sucursalpersonas.transaccionesbancolombia.com/mua/
25,17,3,0,0,0,1,0,1,2,0,0,0,0,0,0,https://api.jorudan.co.jp
40,17,2,0,0,0,1,0,1,0,2,0,0,0,0,0,https://www.sportpesa.com/explore/topics
80,10,3,0,0,18,3,0,0,1,5,0,0,0,0,1,http://joul.co.kr/jp/css/vie/R/Relief.html?cron=dac99da4dd8b39303f50c93443d1a6fd
42,23,2,0,0,0,1,0,1,0,3,0,0,0,0,1,https://www.evoketheculture.net/app/fr/sg/
48,15,2,2,0,0,1,0,0,1,2,0,0,0,0,0,http://api.mainichi.jp/scikit-learn/scikit-learn
65,15,3,0,0,16,5,0,1,1,1,0,0,0,0,1,https://app.rspread.com/about.aspx?subid=947682559&campid=1787501
56,9,1,2,0,0,1,0,1,0,3,0,0,0,0,0,https://croma.com/questions/tagged/getting-started-guide
28,11,2,0,0,1,1,0,0,0,1,0,0,0,0,1,http://perron.team/1ndex.php
31,17,2,0,0,0,1,0,1,0,1,0,0,0,0,0,https://www.fraunhofer.de/about
57,16,3,2,0,0,2,0,1,0,3,0,0,0,0,1,https://www.alps-mfg.com/wp-includes/IXR/Chase_Logon.html
38,16,2,0,0,0,1,0,1,1,2,0,0,0,0,0,https://en.trahkino.live/wiki/Phishing
56,13,2,1,0,2,1,0,1,1,3,0,0,0,0,0,https://dev.srv53.com/questions/tagged/tutorial-overview
94,18,3,2,1,0,3,0,0,0,5,0,0,0,0,1,http://promohinotruck.com/wp-content/plugins/indexx/en-tk/xcp.php?email=nobody@mycraftmail.com
114,15,5,2,1,0,4,0,0,0,6,0,0,0,0,1,http://www.mtmonly.com/wp-includes/random_compat/WeTransfer/WeTransfer/sign-in/wt.php?email=Siphone.Shi@Mattel.com
46,21,1,0,0,4,1,0,0,0,4,0,0,0,0,1,http://comoliberarhuawei.com/mon/id/pst/56b39/
28,19,2,0,0,0,1,0,1,1,0,0,0,0,0,0,https://blog.techcrunch.com/
24,16,1,0,0,0,1,0,1,0,0,0,0,0,0,0,https://awsapprunner.com
48,14,2,1,0,6,1,0,1,1,4,0,0,0,0,0,https://api.unstop.com/news/2024/06/python-guide
47,27,2,0,0,0,1,0,0,0,1,0,0,0,0,1,http://www.itauconfirmsecurity.com/confirmacao/
72,38,3,2,0,0,1,0,0,1,1,0,0,0,0,1,http://franquinjijecreateursde.afterlivre.com/amazon-livres-musique.html
33,22,1,0,0,0,1,0,0,0,1,0,0,0,0,1,http://awakengranadaspain.com/owa
56,13,1,0,0,0,1,0,0,0,6,0,0,0,0,1,http://locksmail.com/vendor/psr/container/test/b/hotmail
132,33,2,1,0,17,7,0,1,1,5,0,0,0,0,1,https://netorgft1541989-my.sharepoint.com/:o:/g/personal/cy_cwainsurance_com/EktRabVoeTlHul5mRJup3fAB7kx61IoVjl9dlTMHqJf23g?e=s01UUa
27,10,2,0,0,0,1,0,1,1,2,0,0,0,0,0,https://meti.go.jp/help/faq
61,20,2,1,0,11,3,0,0,0,2,0,0,0,0,1,http://quantumeletro-20.com/mobile/carrinho.php?enc=837425218
17,9,1,0,0,0,1,0,0,0,0,0,0,0,0,0,http://orange.be/
24,17,1,0,0,0,1,0,0,0,0,0,0,0,0,1,http://lachambredezoe.fr
35,19,2,0,0,0,1,0,1,1,1,0,0,0,0,0,https://api.centrastage.net/pricing
73,11,1,1,0,0,1,0,0,0,6,0,0,0,0,1,http://kupelis.com/wp-includes/Requests/Exception/Transport/access/wells/
28,9,1,1,0,0,1,0,1,0,1,0,0,0,0,0,https://zhihu.com/contact-us
49,9,1,0,0,0,4,0,1,0,1,0,0,0,0,0,https://about.com/search?q=cybersecurity+research
59,20,2,1,0,6,1,0,1,1,4,0,0,0,0,0,https://blog.pptechnology.cc/news/2024/06/tutorial-overview
47,17,2,1,0,0,1,0,1,0,2,0,0,0,0,0,https://www.flashscore.co/topics/best-practices
67,28,2,1,0,5,1,0,1,0,3,0,0,0,0,0,https://www.steaminventoryhelper.com/questions/16313/best-practices
43,14,2,1,0,0,1,0,1,0,2,0,0,0,0,0,https://www.tgtube.com/topics/release-notes
46,12,1,1,0,0,1,0,1,0,2,1,0,0,0,0,https://yclients.com/category/security-updates
62,15,3,0,0,0,1,0,0,1,6,0,0,0,0,1,http://chiatena.zxy.me/webpage/es/auth/view/document/eula.html
174,21,1,11,0,25,10,0,1,0,2,0,0,0,0,1,https://central-de-vendas.com/americanas/396627967/?geladeirarefrigerador-electrolux-frost-free-454-litros-bottom-freezer-(db53x)-&amp;skullid=192958465&amp;cart=MTkyOTU4NDY1
51,21,2,0,0,0,2,0,1,0,2,0,0,0,0,0,https://www.desitelugusex.com/wiki/Machine_learning
42,30,2,0,0,1,1,0,0,1,1,0,0,0,0,1,http://provinciabrescia2.babyloweb.eu/info
67,19,2,3,0,0,1,0,1,0,3,0,0,0,0,0,https://www.freeconvert.com/questions/tagged/how-to-implement-model
49,17,2,1,0,0,1,0,1,0,2,0,0,0,0,0,https://www.nieuwsblad.be/topics/machine-learning
302,28,3,8,0,74,22,0,1,1,5,0,0,0,0,1,https://themarbleshop.sharepoint.com/:x:/r/_layouts/15/WopiFrame.aspx?guestaccesstoken=B0TjQ7uW13OHHsvLVr6Vq189Xb2Ed7P3yOIUxgzS5xU%3d&amp;docid=1_127b97513b5664db7a2c23beec6cbdf50&amp;wdFormId=%7B8BD84C70-967F-4172-8B3B-973C5F74F5A8%7D&amp;action=formsubmit&amp;cid=18e6e320-2aeb-4aa0-befe-ed946b2e8bd0
49,12,2,1,0,5,1,0,1,1,3,0,0,0,0,0,https://blog.pwc.com/questions/19551/python-guide
65,31,2,3,0,1,1,0,1,1,2,0,0,0,0,0,https://docs.hubspotusercontent-na1.net/scikit-learn/scikit-learn
24,15,2,0,0,0,1,0,1,1,0,0,0,0,0,0,https://blog.adsrvr.org/
26,19,3,0,0,0,1,0,0,2,0,0,0,0,0,1,http://vkonakte.zzz.com.ua
44,11,2,0,0,0,4,0,1,1,1,0,0,0,0,0,https://en.oneme.ru/search?q=neural+networks
68,46,3,2,0,0,1,0,0,2,1,0,0,0,0,1,http://bcpzonasegurabeta-viabcpxcom.web.primedtnt.com/iniciar-sesion
38,14,2,0,0,10,3,0,1,0,0,0,0,0,0,1,https://www.452933.com/?cckey=a447d4de
26,12,1,0,0,1,1,0,1,0,1,0,0,0,0,0,https://livehwc4.com/about
63,36,3,0,0,0,1,0,0,2,2,0,0,0,0,0,http://support.educationboardresults.gov.bd/category/technology
53,20,3,0,0,0,1,0,0,0,3,0,0,0,0,1,http://www.berkshirelnp.org/forum/ReLeAsE/worksss.htm
135,31,4,0,0,19,6,0,0,1,6,1,0,0,0,1,http://cafecitoperez.ivanidzakovic.com/admin/aociufd/goodl.vci/06dc51c52dc43b19929cd361e5edca24/view/login.php?cmd=login_submit&amp;amp
40,29,1,0,0,0,1,0,0,0,1,0,0,0,0,1,http://lijstenmakerijvanantwerpen.nl/cs/
51,24,1,1,0,0,1,0,0,0,2,1,0,0,0,1,http://scotialbankcolpatria.com/banca-virtual/login
36,14,2,0,0,1,2,0,1,1,1,0,0,0,0,1,https://remsy.app.link/hMeIfqZPu2?Sd
53,20,2,1,0,0,1,0,1,1,2,0,0,0,0,0,https://blog.theguardian.com/products/developer-tools
152,30,2,1,0,12,12,0,1,1,5,0,0,0,1,1,https://distrocuyosa-my.sharepoint.com:443/:o:/g/personal/jcapittini_distrocuyo_com/EqaGCweeXnhFgZiCYxqs1r8BPVvVyNaFimR9idMyN75OTw?e=5%3aLayij2&amp;at=9
24,15,2,0,0,0,1,0,1,1,0,0,0,0,0,1,https://astralisv.pp.ua/
18,10,1,0,0,0,1,0,0,0,0,0,0,0,0,1,http://etswe.club/
80,15,2,1,1,0,3,0,0,0,3,0,0,0,0,1,http://stil-proiect.ro/download/download/Docuimage/?email=nobody@mycraftmail.com
61,17,2,3,0,6,1,0,1,1,4,0,0,0,0,0,https://support.nykaa.com/news/2024/06/how-to-implement-model
117,16,2,2,0,5,2,0,0,1,9,1,0,0,0,1,http://sporttime.com.mx/wp-includes/js/swfupload/singtxt/Login/customer_center/customer-IDPP00C918/myaccount/identity
65,26,2,1,0,0,1,0,1,1,3,0,0,0,0,0,https://support.myhentaicomics.com/questions/tagged/release-notes
27,10,2,0,0,0,1,0,1,0,2,0,0,0,0,0,https://www.va.gov/help/faq
41,32,2,0,0,4,1,0,1,1,0,0,0,0,0,1,https://joingrubwhatsapp2020new.zzux.com/
32,13,2,1,0,0,1,0,1,1,1,0,0,0,0,0,https://en.moloco.com/contact-us
40,23,2,1,0,0,1,0,1,0,2,0,0,0,0,0,https://www.eum-appdynamics.com/help/faq
141,48,2,0,0,44,2,0,1,1,2,1,0,0,0,1,https://7426fbe0d8676fde2cac756c0731ce57.udagwebspace.de/935ed01fea0e207e2625e7988ea97920MGQ4NzFkZjcxYzU1YmEyMzQyOGM0ZTNkYThkNDEwYTI=/signin/
49,22,2,0,0,0,2,0,1,1,2,0,0,0,0,0,https://en.livepriceofgold.com/wiki/Random_forest
47,25,1,1,0,0,1,0,0,0,1,0,0,0,0,1,http://vlazonaseguraabetabcp.com/iniciar-sesion
207,13,2,0,0,80,10,0,1,0,3,1,0,0,0,1,https://balletshop.eu/a/adobepdf/login.php?cmd=login_submit&id=9f2605cd6702eda15a560c18b33d6f2a9f2605cd6702eda15a560c18b33d6f2a&session=9f2605cd6702eda15a560c18b33d6f2a9f2605cd6702eda15a560c18b33d6f2a&email=
25,9,1,0,0,0,1,0,0,0,2,0,0,0,0,0,http://kurier.at/help/faq
61,12,2,2,0,0,1,0,1,0,4,0,0,0,0,1,https://keboemen.com/wp-content/plugins/google-seo/index.html
27,10,2,0,0,3,1,0,1,1,2,0,0,0,0,0,https://en.166.com/help/faq
34,17,2,0,0,0,1,0,1,1,2,0,0,0,0,0,https://blog.zdxcloud.net/help/faq
24,13,1,0,0,6,1,0,0,0,1,0,0,0,0,1,http://123456bet.com/jdd
54,16,3,0,0,0,1,0,1,0,3,0,0,0,0,1,https://smartslimhub.com/WebBackUp/Mazo.co.jp/Securty/
50,13,2,1,0,5,1,0,1,1,3,0,0,0,0,0,https://blog.dawn.com/questions/29839/python-guide
48,14,2,1,0,0,1,0,1,0,2,1,0,0,0,0,https://www.garmin.com/category/security-updates
112,15,2,1,0,7,5,0,1,1,5,0,0,0,0,1,https://docs.google.com/forms/d/e/1FAIpQLSfbauKpPHfZ0V8tLyAzS4hHSiKs-75Oa_fkoGUEVKtcozY7rA/viewform?usp=sf_link/
45,18,2,1,0,2,1,0,1,1,2,0,0,0,0,0,https://blog.awsdns-29.net/wiki/Cybersecurity
38,24,2,2,0,1,1,0,1,1,1,0,0,0,0,0,https://support.vercel-dns-3.com/about
50,20,2,1,0,0,1,0,1,1,2,0,0,0,0,0,https://docs.siftscience.com/topics/best-practices
87,78,3,0,0,12,1,0,1,1,0,0,0,0,0,1,https://www.docusignemail1com1login1dropbox9com64bae2a51a5b3dropbox7com.mybabydeck.com/
31,19,1,0,0,0,1,0,0,0,1,0,0,0,0,1,http://senirolifestyle.com/link
44,10,2,2,0,0,1,0,1,1,2,0,0,0,0,0,https://en.meta.ai/scikit-learn/scikit-learn
33,15,1,0,0,0,1,0,0,0,2,0,0,0,0,1,http://mntruckclub.com/whne/dren/
146,41,4,6,0,23,7,0,1,2,6,0,0,0,0,1,https://objectstorage.uk-london-1.oraclecloud.com/n/lr4txdosnm2q/b/wiremakk/o/index.html?alt=media&amp;token=1c490896-5b56-40fe-93ed-11f8ce6cdc48#
37,7,1,0,0,2,3,0,0,0,1,0,0,0,0,1,http://mysp.ac/4Zes9?idtrack=JtACMalo
28,19,1,1,0,0,1,0,1,0,0,0,0,0,0,1,https://verified-paxful.com/
26,11,1,0,0,0,1,0,0,0,1,0,0,0,0,0,http://pngtree.com/pricing
47,17,2,0,0,0,4,0,1,1,1,0,0,0,0,0,https://blog.ximalaya.com/search?q=data+science
38,30,2,0,0,7,1,0,1,1,0,0,0,0,0,1,https://vklikevk2020.000webhostapp.com
47,17,2,0,0,3,1,0,1,1,1,0,0,0,0,1,https://chat.whatscpp.com/3HGATtKvRwtRw2ot7vRwp
69,19,3,0,0,3,1,0,0,1,5,0,0,0,0,1,http://financialone.com.hk/joomla/templates/theme125/images/index.php
45,23,3,1,0,0,1,0,0,1,1,0,0,0,0,1,http://sekcja-parkinson.org.pl/normalife.html
51,17,2,1,0,6,1,0,1,0,4,0,0,0,0,0,https://www.wordplays.com/news/2024/06/python-guide
25,13,1,0,0,0,1,0,0,0,1,0,0,0,0,1,http://snrsystem.com/loop
28,11,1,0,0,0,1,0,1,0,2,0,0,0,0,0,https://modland.net/help/faq
37,9,1,1,0,0,1,0,1,0,2,0,0,0,0,0,https://shopsy.in/blog/best-practices
28,17,2,0,0,0,1,0,1,0,1,0,0,0,0,1,https://aucoindesrues.com/.a
37,12,2,0,0,0,1,0,1,1,2,0,0,0,0,0,https://en.protek.ru/support/overview
52,21,2,1,0,0,1,0,1,1,2,0,0,0,0,0,https://docs.radwarecloud.net/blog/tutorial-overview
48,17,1,1,0,0,1,0,0,0,4,0,0,0,0,1,http://rbcmontgomery.com/wp-admin/js/widgets/PDF
111,15,2,2,0,4,4,0,1,1,5,0,0,0,0,1,https://docs.google.com/forms/d/e/1FAIpQLSfBCLKhk4Mz-wlagvVSxf7-8dMOEtdOtBiUwiJvJVckUZplcQ/viewform?usp=sf_link
47,13,3,2,0,0,1,0,1,2,2,0,0,0,0,0,https://en.lpga.or.jp/scikit-learn/scikit-learn
30,13,1,0,0,0,1,0,1,0,2,0,0,0,0,0,https://infomaniak.ch/help/faq
26,17,2,0,0,0,1,0,1,0,0,0,0,0,0,1,https://www.skleptanie.pl/
18,7,1,0,0,0,1,0,0,0,1,0,0,0,0,1,http://csbw.fr/cs/
65,15,4,0,0,0,1,0,1,1,3,1,0,0,0,1,https://www.yoho.com.tw/file/microsoftexcelverification/login.php
38,25,2,0,0,8,1,0,1,1,1,0,0,0,0,1,https://623112j4j3.codesandbox.io/pjj/
20,12,1,0,0,0,1,0,1,0,0,0,0,0,0,1,https://bebitcoin.ru
45,10,1,2,0,0,1,0,1,0,2,0,0,0,0,0,https://emxdgt.com/blog/getting-started-guide
55,16,2,1,0,5,1,0,1,0,3,0,0,0,0,0,https://www.oneindia.com/questions/48106/best-practices
72,16,2,4,0,4,1,0,1,0,3,0,0,0,0,1,https://estado-alert.com/imagenes/comun2008/banca-en-linea-personas.html
102,29,2,1,0,13,2,0,0,0,8,1,0,0,0,1,http://infopublishersassociation.com/wp-includes/images/smilies/bofa/x1x/v2/2c32a92c9e79193/login.php?
25,9,1,0,0,0,1,0,1,0,1,0,0,0,0,0,https://forms.gle/pricing
52,20,2,1,0,0,1,0,1,1,2,0,0,0,0,0,https://api.springeropen.com/topics/machine-learning
44,17,2,0,0,0,2,0,1,1,2,0,0,0,0,0,https://dev.gemini.google/wiki/Random_forest
44,10,2,0,0,0,2,0,1,0,2,0,0,0,0,0,https://www.lg.com/wiki/Network_architecture
70,27,2,0,0,0,4,0,0,0,4,0,0,0,0,1,http://integrityozonesolutions.com/chase/Chase/Fullz/Home.php?https:/=
123,21,2,9,0,8,2,0,0,0,6,0,0,0,0,1,http://outlet-newbalance.com/de/images/_small/newbalance03/New-Balance-574/Popular-New-Balance-ML574PBR-Womens-Hot-Pink.jpg
34,11,1,0,0,0,1,0,1,0,2,0,0,0,0,0,https://studying.jp/explore/topics
30,21,2,0,0,0,1,0,1,0,0,0,0,0,0,1,https://www.autolikesfree.net/
33,16,1,0,0,0,1,0,1,0,2,0,0,0,0,0,https://espncricinfo.com/help/faq
42,12,1,0,0,0,4,0,1,0,1,0,0,0,0,0,https://mimecast.net/search?q=data+science
24,7,1,0,0,0,1,0,1,0,2,0,0,0,0,0,https://oar.net/help/faq
53,24,2,1,0,4,1,0,0,0,3,0,0,0,0,1,http://www.pastimenangqq101.com/wp-content/uploads/4/
45,26,2,2,0,0,1,0,1,1,1,0,0,0,0,0,https://support.boat-lifestyle.com/contact-us
37,9,1,0,0,0,1,0,1,0,2,0,0,0,0,0,https://ndcpp.com/category/technology
73,15,3,0,0,31,1,1,0,0,3,0,0,0,0,1,http://104.168.211.161/banks/Desjardins/9a44d8385b909f24bb8b763baaa59da8/
49,11,1,1,0,6,1,0,1,0,4,0,0,0,0,0,https://qihucdn.com/news/2024/06/machine-learning
49,9,1,0,0,0,4,0,1,0,1,0,0,0,0,0,https://lngtd.com/search?q=cybersecurity+research
44,17,2,1,0,0,1,0,1,1,2,0,0,0,0,0,https://blog.evernote.com/blog/release-notes
79,17,3,1,0,4,4,0,1,1,1,0,0,0,0,1,https://ppc.kopiherba.com/gl?kl=ZH9wlGlpcWKclYBxlG-UaJWkYsBxj2o/abuse%40ethz.ch
60,23,2,1,0,5,1,0,1,1,3,0,0,0,0,0,https://support.bitrixphone.com/questions/63852/python-guide
35,21,2,0,0,0,1,0,0,0,1,0,0,0,0,1,http://www.kanzleiservice.de/https/
44,11,4,0,0,1,1,0,1,1,3,0,0,0,0,0,https://docs.vdo.ai/docs/3/urllib.parse.html
15,4,1,0,0,2,1,0,0,0,1,0,1,0,0,1,http://3.ly/uh4
52,27,3,0,0,0,1,0,0,0,2,1,0,0,0,1,http://www.westsuburbanchamber.com/message/Login.htm
52,27,2,1,0,4,1,0,0,1,2,0,0,0,0,1,http://microsoft-outlook.dynv6.net/renews/office365/
37,25,2,0,0,8,1,0,1,1,1,0,0,0,0,1,https://623112j4j3.codesandbox.io/xrr
35,11,3,0,0,3,1,0,1,0,2,0,0,0,0,1,https://luvoxcr.com/404/.index.html
33,16,2,0,0,0,1,0,1,0,2,0,0,0,0,0,https://www.bytefcdn.com/help/faq
43,10,3,0,0,1,1,0,1,0,3,0,0,0,0,0,https://lazada.com/docs/3/urllib.parse.html
133,30,5,5,0,26,6,0,1,1,5,1,0,0,0,1,https://firebasestorage.googleapis.com/v0/b/update-41d6e.appspot.com/o/inde.htm?alt=media&token=6a566789-ee6a-47a7-9d60-7a468f489dd7#
26,12,1,0,0,0,1,0,1,0,1,0,0,0,0,0,https://snapinsta.to/about
38,16,2,0,0,0,1,0,1,1,2,0,0,0,0,0,https://dev.misspark.com/wiki/Phishing
55,17,2,1,0,0,1,0,1,1,3,0,0,0,0,0,https://en.slideshare.net/questions/tagged/python-guide
26,15,2,0,0,0,1,0,0,1,1,0,0,0,0,1,http://soditrack.dx.am/vbv
49,16,4,0,0,1,1,0,1,0,3,0,0,0,0,0,https://www.starlink.com/docs/3/urllib.parse.html
48,15,4,0,0,1,1,0,1,1,3,0,0,0,0,0,https://dev.fotocasa.es/docs/3/urllib.parse.html
57,20,3,0,0,0,2,0,1,1,3,1,0,0,0,1,https://securecuserver.co.uk/~harlowsave/webapp/login.php
28,19,1,0,0,3,1,0,1,0,0,0,0,0,0,1,https://800emailsupport.com/
91,26,2,0,0,0,2,0,0,1,7,1,0,0,0,1,http://porquebiotecnologia.com.ar/components/com_wrapper/views/update/amazon/moises/amazon/
37,30,4,0,0,0,1,0,0,3,0,0,0,0,0,1,http://paxful.com.transfer.boubit.com
67,8,2,1,0,1,3,0,0,0,5,1,0,0,0,1,http://m7po.com/news/wp-content/plugins/ygwoubu/login.php?REDACTED=
46,25,1,0,0,0,1,0,0,0,1,0,0,0,0,1,http://mobilepresentepravoce.com/smilescomvoce
61,21,2,1,0,0,1,0,1,0,3,0,0,0,0,0,https://www.meslibertines.com/questions/tagged/best-practices
31,16,2,0,0,0,1,0,0,1,1,0,0,0,0,0,http://dev.firstcry.com/pricing
24,16,1,0,0,0,1,0,1,0,0,0,0,0,0,0,https://ukrainealarm.com
53,16,2,1,0,5,1,0,1,1,3,0,0,0,0,0,https://en.atlassian.net/questions/76008/python-guide
52,19,2,1,0,0,1,0,1,1,2,0,0,0,0,0,https://dev.progoroduhta.ru/topics/tutorial-overview
42,11,1,2,0,1,1,0,1,0,2,0,0,0,0,0,https://gvt1-cn.com/products/cloud-storage
32,13,1,1,0,0,1,0,1,0,1,0,0,0,0,0,https://espressif.com/contact-us
61,15,1,1,0,0,1,0,1,0,4,0,0,0,0,1,https://sknaquatech.com/wp-content/themes/twentyfifteen/chase
27,13,1,0,0,0,1,0,1,0,1,0,0,0,0,0,https://nordstrom.com/about
49,42,4,0,0,0,1,0,0,3,0,0,0,0,0,1,http://dlakupujacych.allegro.secfence.lesavik.net
44,11,1,0,0,0,4,0,1,0,1,0,0,0,0,0,https://pearson.com/search?q=neural+networks
29,15,3,0,0,0,1,0,1,1,1,0,0,0,0,0,https://www.leeds.ac.uk/about
67,14,2,1,0,0,1,0,1,1,4,0,0,0,0,1,https://beta.eatgr.com/wp-includes/images/media/kosarqwsadasdsadas/
34,21,2,0,0,0,1,0,0,1,1,0,0,0,0,1,http://skylightacademy.co.in/adfs/
371,12,4,2,0,26,3,0,0,0,6,0,0,0,0,1,http://email302.com/l/5fc15ea15e66c082e33c48babd5a8ff601a799e6/[emailÃÂÃÂÃÂÃÂÃÂÃÂÃÂÃÂÃÂÃÂÃÂÃÂÃÂÃÂÃÂÃÂÃÂÃÂÃÂÃÂÃÂÃÂÃÂÃÂÃÂÃÂÃÂÃÂÃÂÃÂÃÂÃÂÃÂÃÂÃÂÃÂÃÂÃÂÃÂÃÂÃÂÃÂÃÂÃÂÃÂÃÂÃÂÃÂÃÂÃÂÃÂÃÂÃÂÃÂÃÂÃÂÃÂÃÂÃÂÃÂÃÂÃÂÃÂÃÂ protected]tageapp.com/-/www.paypal.com/cgi-bin
43,17,3,1,0,0,1,0,0,1,2,1,0,0,0,1,http://ns.act-secure.com/icons/redirect.htm
50,20,2,0,0,0,4,0,1,1,1,0,0,0,0,0,https://support.artfight.net/search?q=data+science
44,23,2,0,0,0,1,0,0,1,2,0,0,0,0,1,http://jivecomunicacoes.com.br/webbs/source/
27,18,2,0,0,0,1,0,1,1,0,0,0,0,0,1,https://bellaos.weebly.com/
198,21,1,2,0,27,13,0,1,0,9,0,0,0,0,1,https://yourfitnesscorner.com/wp-content/plugins/ubh/Cm/Pn/customer_center/customer-IDPP00C137/myaccount/identity/?amp&amp;amp&amp;cmd=_session=&amp;dispatch=cbf17d287eed633ea2a4742c98b0dd11c55c2d9b
43,16,2,0,0,0,2,0,1,0,2,0,0,0,0,0,https://www.linkedin.com/wiki/Random_forest
50,16,2,2,0,0,1,0,1,0,2,0,0,0,0,0,https://www.scryfall.com/scikit-learn/scikit-learn
286,28,3,2,0,56,23,0,1,1,5,0,0,0,0,1,https://livenmitac-my.sharepoint.com/personal/hannah-daly_live_nmit_ac_nz/_layouts/15/WopiFrame.aspx?guestaccesstoken=IA5UzzOn3iViKU4F3pXemYHHABfWkPDjiRPFTFEaR%2fk%3d&docid=1_169208e425ed84fea9fd294a6886d67e9&wdFormId=%7B06255F86%2D4BF9%2D4EE8%2DBD7E%2DFEF81913A79B%7D&action=formsubmit
58,16,1,2,0,5,1,0,1,0,3,0,0,0,0,0,https://aiv-delivery.net/questions/97600/tutorial-overview
26,17,2,1,0,0,1,0,1,0,0,0,0,0,0,0,https://www.ureca-lab.com/
24,15,2,0,0,0,1,0,1,1,0,0,0,0,0,0,https://docs.pantip.com/
43,18,2,0,0,0,1,0,1,0,2,0,0,0,0,0,https://www.famethemes.com/support/overview
41,22,3,1,0,0,1,0,1,1,1,0,0,0,0,0,https://www.chavesnamao.com.br/contact-us
41,18,2,0,0,0,1,0,1,0,2,0,0,0,0,1,https://mathbariatimes.com/rmcp/index.php
40,7,1,1,0,0,1,0,1,0,2,0,0,0,0,0,https://ably.io/topics/tutorial-overview
38,8,1,0,0,0,4,0,1,0,1,0,0,0,0,0,https://etsy.com/search?q=data+science
41,8,1,1,0,0,1,0,1,0,2,0,0,0,0,0,https://java.com/products/developer-tools
52,22,3,0,0,0,4,0,1,2,1,0,0,0,0,0,https://docs.flashscore.com.ve/search?q=data+science
50,19,2,1,0,0,1,0,1,1,2,0,0,0,0,0,https://api.sciencenews.org/products/cloud-storage
55,25,2,1,0,0,4,0,1,1,1,0,0,0,0,0,https://support.dg-datenschutz.de/search?q=data+science
36,11,1,0,0,0,1,0,1,0,2,0,0,0,0,0,https://cylance.com/support/overview
21,12,2,0,0,0,1,0,1,0,0,0,0,0,0,0,https://www.ctdns.cn/
27,10,2,0,0,0,1,0,1,1,2,0,0,0,0,0,https://dev.nic.do/help/faq
44,11,3,0,0,1,1,0,1,0,3,0,0,0,0,0,https://helsinki.fi/docs/3/urllib.parse.html
58,14,2,3,0,6,1,0,1,1,4,0,0,0,0,0,https://en.jumpjump.io/news/2024/06/how-to-implement-model
58,30,3,0,0,7,1,0,1,1,3,0,0,0,0,1,https://payfreee1984.000webhostapp.com/ppl/ppl/paypal.html
54,18,2,1,0,10,2,0,0,1,2,0,0,0,0,1,http://mail.subcultuur.nl/~u43730p39181/pki-validation
24,8,1,0,0,0,1,0,1,0,1,0,0,0,0,0,https://agora.io/pricing
47,14,2,1,0,0,1,0,1,1,2,0,0,0,0,0,https://docs.merkle.io/topics/tutorial-overview
47,26,2,0,0,0,1,0,0,0,2,0,0,0,0,1,http://www.motorradclubbergamo.it/blog/profile/
46,13,3,0,0,1,1,0,1,0,3,0,0,0,0,0,https://celebforum.cc/docs/3/urllib.parse.html
48,13,2,0,0,0,1,0,1,0,3,0,0,0,0,1,https://bmttcbari.com/ho/BankOfAmerica/index.php
39,12,2,0,0,0,2,0,1,1,2,0,0,0,0,0,https://google.co.uz/wiki/Random_forest
54,14,2,1,0,5,1,0,0,0,3,0,0,0,0,0,http://www.nikomu.com/questions/39056/machine-learning
52,19,2,1,0,5,1,0,1,1,4,0,0,0,0,1,https://sempreaberto.com.br/wp-admin/64565/banks/ATB
110,14,2,2,0,23,2,0,1,0,5,1,0,0,0,1,https://induferram.com/wp-admin/matthew/amex2018/login/home/?online.com-signon2de2101d981d99fe66c7c16a23bbdd18
24,15,1,0,0,0,1,0,1,0,0,0,0,0,0,0,https://substackcdn.com/
27,19,2,1,0,0,1,0,1,1,0,0,0,0,0,0,https://dev.miku-doujin.com
42,16,2,1,0,0,1,0,1,0,2,0,0,0,0,0,https://www.queniurc.com/blog/python-guide
20,8,1,0,0,5,1,0,0,0,1,0,0,0,0,1,http://ata22.ir/C001
45,15,3,0,0,1,1,0,0,1,3,0,0,0,0,1,http://mail.hfcfit.com/forms/forms/form1.html
55,16,2,1,0,5,1,0,1,0,3,0,0,0,0,0,https://www.wikidata.org/questions/80666/best-practices
47,17,2,0,0,2,4,0,1,1,1,0,0,0,0,0,https://blog.bitrix24.com/search?q=data+science
44,25,3,0,0,0,1,0,1,1,2,0,0,0,0,1,https://arenabrazileventos.com.br/Rd/red.htm
34,9,1,0,0,0,1,0,1,0,2,0,0,0,0,0,https://nhtsa.gov/support/overview
30,5,1,0,0,0,1,0,1,0,2,0,0,0,0,0,https://es.io/support/overview
53,15,2,1,0,5,1,0,1,0,3,0,0,0,0,0,https://www.tenable.com/questions/28532/release-notes
36,10,1,0,0,0,1,0,1,0,2,0,0,0,0,0,https://freenet.de/category/research
20,11,1,0,0,5,1,0,1,0,0,0,0,0,0,1,https://ml09903.xyz/
27,18,1,1,0,0,1,0,1,0,0,0,0,0,0,1,https://aroma-italiano.xyz/
120,18,1,1,0,4,3,0,0,0,9,1,0,0,0,1,http://bravodigital.cloud/wordpress/wp-includes/ID3/_newzoneacretistiquebonbonkarton/reply/cs/customer_center/631/signin
75,15,2,0,0,0,1,0,0,0,6,1,0,0,0,1,http://rogerhanley.com/itunes/appleid/appleid/appleid/IDMSWebAuth/login.php
81,22,1,1,0,22,1,0,0,0,3,0,0,0,0,1,http://courgeon-immobilier.fr/dev/tpgcyberstore/91a99aec99b565002669f2cc6329c5b9/
38,13,1,1,0,2,1,0,1,0,2,0,0,0,0,0,https://awsdns-16.net/support/overview
36,24,2,1,0,0,1,0,1,0,1,0,0,0,0,1,https://www.infoupdate-three.com/new
48,6,1,2,0,7,1,0,0,0,4,0,0,0,0,0,http://n8n.io/news/2024/06/getting-started-guide
45,10,3,0,0,4,3,0,0,1,3,0,0,0,0,1,http://must.co.id/new/2020excel/rfq.php?logn=
122,28,2,3,0,10,7,0,1,1,5,0,0,0,0,1,https://statewaste-my.sharepoint.com/:b:/g/personal/chris_statewaste_com_au/EapNDa4tgmBFqJ7Z64OOPEgBWO-4K7kuR-s1gxg1_Z3b6w
23,9,2,0,0,0,1,0,1,1,1,0,0,0,0,0,https://en.qq.com/about
172,11,2,0,0,30,3,0,0,0,7,0,0,0,0,1,http://yumrate.com/modules/contact/impots/informations/imp/0cc6a66e9e352b14cacbf69e7a780335/redirection.php?g4d3bdOsiuarHDdBl0bEP6dBVy_wP1WJ6XZDh7nemRp9bv2mHJ0HYZaZV6xWExsS
24,15,2,1,0,0,1,0,1,0,0,0,0,0,0,0,https://www.t-mobile.at/
48,15,2,2,0,0,1,0,0,1,2,1,0,0,0,0,http://en.suruga-ya.jp/category/security-updates
113,17,5,1,1,0,3,0,0,0,7,0,0,0,0,1,http://stolizaparketa.ru/wp-content/themes/twentyfifteen/css/read/chinavali/index.php?email=xxx@yyy.dabsol.co.uk/
31,12,1,1,0,0,1,0,1,0,1,0,0,0,0,0,https://inquirer.com/contact-us
315,9,3,1,0,114,21,0,0,0,3,0,0,0,0,1,http://khujo.com/.well-known/amk/main.html?accessToFile=validating&amp;fileAccess=74160&amp;encryptedCookie=86ce7cef9989ad00b067b823140158d9&amp;u=d8fb7d5f5305d8282df9a2d033323ae1&amp;connecting=bd17d4258515a74e012372b6d717073c&amp;phaseAccess=ce6f88011489f3ee23e1c50628643520&amp;p=bf5ee2300a7a3b7e543cad636a2a4413
63,22,2,1,0,5,1,0,1,1,3,0,0,0,0,0,https://support.automattic.com/questions/62245/machine-learning
21,14,2,0,0,0,1,0,0,1,0,0,0,0,0,0,http://api.litboom.ru
48,12,1,3,0,0,1,0,1,0,2,0,0,0,0,0,https://adtarget.biz/blog/how-to-implement-model
38,16,2,0,0,0,1,0,0,1,2,0,0,0,0,0,http://dev.michelin.com/explore/topics
48,15,4,0,0,1,1,0,1,1,3,0,0,0,0,0,https://api.newsday.com/docs/3/urllib.parse.html
49,19,2,0,0,9,1,0,0,1,4,1,0,0,0,1,http://c1511482.ferozo.com/LOGIN/postale/id/1dea6
95,17,2,1,0,19,3,0,1,1,0,0,0,0,0,1,https://exodus.io98741.ml/?fbclid=iwar0ooevng7jaxlnhk2s0vl9x59jtaff-nxvg87lchw1zw1jj5imm8dzxp0u
92,20,2,2,0,32,2,0,0,0,3,0,0,0,0,1,http://expeditions-of-e.com/rna/Ourtime/ourtime.php?65787065646974696f6e732d6f662d652e636f6d
75,33,4,0,0,0,4,0,1,2,2,0,0,0,0,1,https://faithpays.sowetoinnovations.co.za/KhRo/NedMoney~SA~PHONE~NUMBER.htm
35,23,2,0,0,5,3,0,0,1,0,0,0,0,0,1,http://100golosv.byethost8.com/?i=1
20,12,1,0,0,0,1,0,0,0,0,0,0,0,0,1,http://darkhost.pro/
43,9,2,2,0,0,1,0,1,1,2,0,0,0,0,0,https://en.dw.com/scikit-learn/scikit-learn
36,19,3,0,0,6,1,0,0,1,1,1,0,0,0,1,http://m636864y.beget.tech/login.php
99,15,2,1,0,11,1,0,1,1,5,0,0,0,0,1,https://docs.google.com/forms/d/e/1FAIpQLSdixnE99TRUm-ufiMxfETSUo5vpmZRY2plP500bW4Dl3XH8sw/viewform
61,15,2,2,0,5,1,0,1,1,3,0,0,0,0,0,https://support.sun.com/questions/67787/getting-started-guide
52,23,3,0,0,10,3,0,0,2,1,0,0,0,0,1,http://eve292929.dothome.co.kr/1122/?sec=OberHinrich
41,21,1,0,0,0,1,0,0,0,1,0,0,0,0,1,http://ogrupobancolombia.com/desbloquear/
95,22,2,2,0,8,2,0,0,0,5,0,0,0,0,1,http://www.theaquaticmall.com/theaquaticmall_new/wp-content/plugins/revslider/Amile-A80050X001/
31,9,1,0,0,0,1,0,1,0,2,0,0,0,0,0,https://librus.pl/wiki/Phishing
91,18,2,1,0,6,2,0,1,0,8,0,0,0,0,1,https://www.webcoretic.com/wp-includes/sodium_compat/namespaced/Core/Curve25519/Ge/bof1/inf
75,11,1,1,0,0,2,0,1,0,7,0,0,0,0,1,https://alasbah.com/wp-content/plugins/js_composer/assets/images/icons/off/
22,13,2,0,0,0,1,0,1,1,0,0,0,0,0,0,https://en.readli.net/
62,18,3,0,0,0,1,0,1,1,3,0,0,0,0,1,https://poderdafala.com.br/InterAcessoCliente/New/finaliza.php
145,15,2,2,0,4,7,0,1,0,2,0,0,0,0,1,https://playarprint.com/chase/home.php?public/enroll/IdentifyUser-aspx-LOB=RBGLogon=OTAxMjYwMTg4OTAxMjYwMTg4&amp;session=OTAxMjYwMTg4OTAxMjYwMTg4
39,14,3,0,0,0,1,0,0,0,2,0,0,0,0,1,http://www.mktbtk.com/dir/Ibnshahin.htm
43,10,2,0,0,0,4,0,1,1,1,0,0,0,0,0,https://dev.olx.ro/search?q=neural+networks
60,14,1,2,0,0,1,0,0,0,3,0,0,0,0,0,http://imageshack.com/questions/tagged/getting-started-guide
52,14,2,1,0,5,1,0,0,1,3,0,0,0,0,0,http://dev.office.net/questions/49393/best-practices
23,15,1,0,0,0,1,0,1,0,0,0,0,0,0,0,https://theatlantic.com
46,15,2,1,0,0,1,0,1,1,2,0,0,0,0,0,https://gamemania.co.ke/products/cloud-storage
67,19,2,3,0,0,1,0,1,1,3,0,0,0,0,0,https://dev.alibabacorp.com/questions/tagged/how-to-implement-model
78,23,1,1,0,4,1,0,1,0,4,0,0,0,0,1,https://michelleconnollylpc.com/wp-includes/js/mtbonline2020/onlinebankingmtb/
55,23,2,1,0,0,1,0,1,0,2,0,0,0,0,0,https://www.womenshealthmag.com/topics/machine-learning
63,20,2,2,0,6,1,0,1,1,4,0,0,0,0,0,https://api.powerreviews.com/news/2024/06/getting-started-guide
52,12,1,1,0,0,1,0,1,0,3,0,0,0,0,0,https://cargurus.com/questions/tagged/best-practices
56,14,2,1,0,5,1,0,1,1,3,0,0,0,0,0,https://dev.clever.com/questions/30743/tutorial-overview
28,12,2,1,0,0,1,0,0,0,1,0,0,0,0,1,http://jppost-ya.co/auw.html
33,16,2,0,0,0,1,0,1,0,2,0,0,0,0,0,https://www.uptodown.com/help/faq
95,22,1,1,0,0,2,0,0,0,7,1,0,0,0,1,http://lonestarsanitation.com/wp-includes/SimplePie/Cache/zamalik/dafa/myaccount/update_carding
47,13,2,1,0,6,1,0,0,1,4,0,0,0,0,0,http://api.honda.com/news/2024/06/release-notes
56,15,2,1,0,0,1,0,0,1,3,0,0,0,0,0,http://docs.disqus.com/questions/tagged/machine-learning
177,19,2,1,0,34,10,0,1,1,1,0,0,0,0,1,https://dotpay.e-pocztex.pl/Payment_21457895954621?payment=0YKMCzlxuHV1uQOX&l=YXM4dE85eG5aNUw1Z3VSaHRCMzVhb0NGNnlHQXB1eXpXRzNMUUE5UEdVVlhvTmVTb2hYekdBZU04VW55cFY4bQ==&s=ZG90cGF5
26,18,1,1,0,0,1,0,1,0,0,0,0,0,0,1,https://kurier-payu.online
43,16,2,0,0,1,3,0,0,1,0,0,0,0,0,1,http://8hsfskj.app.link/?platform=hootsuite
119,17,1,6,0,22,6,0,1,0,2,0,0,0,0,1,https://celulardahora.com/americanas/151957690/?smartphone-xiaomi-redmi-note-8-pro-&skullid=214157219&cart=MjE0MTU3MjE5
23,9,1,0,0,0,1,0,1,0,1,0,0,0,0,0,https://wired.com/about
40,23,3,1,0,0,1,0,1,2,1,0,0,0,0,1,https://appleid.apple.com-sa.pm/appleid/
40,31,2,2,0,0,1,0,1,1,0,0,0,0,0,1,https://skk-mailservice.my-free.website/
30,13,2,0,0,0,1,0,1,1,2,0,0,0,0,0,https://api.hemnet.se/help/faq
49,19,3,0,0,0,1,0,1,0,2,0,0,0,0,1,https://www.satkaniaiit.com/connection/direct.php
38,19,1,1,0,0,1,0,1,0,1,0,0,0,0,0,https://attentivemobile.com/contact-us
34,6,1,1,0,0,1,0,1,0,2,0,0,0,0,0,https://cic.fr/topics/python-guide
178,14,1,0,0,52,12,0,0,0,5,1,0,0,0,1,http://myappstore.org/Login_Account/page_signin/web/ad5b22847d9c65f40fb1e3e521d4e89d/74b18834ca63764/?ID=login&amp;Key=16fe7426a7301e33d388ef6ad8515d7d&amp;path=/signin/?referrer
51,14,2,2,0,0,1,0,1,1,2,0,0,0,0,0,https://dev.ubuntu.com/topics/getting-started-guide
53,14,2,1,0,8,1,0,1,1,4,0,0,0,0,0,https://dev.cars24.com/news/2024/06/tutorial-overview
51,15,3,0,0,0,4,0,1,2,1,0,0,0,0,0,https://docs.www.gob.mx/search?q=python+programming
51,9,1,1,0,0,1,0,1,0,3,0,0,0,0,0,https://klevu.com/questions/tagged/machine-learning
91,27,5,0,1,2,4,0,0,0,4,1,0,0,0,1,http://www.honeysaienterprises.com/IF/IO/Account/index.php?email=cu=tomersupport@11st.co.kr
262,20,2,0,0,34,6,0,0,0,2,0,0,0,0,1,http://videosfacebook.today/app/facebook.com/?lang=en&amp;key=lwk5xdf6qsex8u7asrlkzvwyhiuc0m31o7mmfsl5eqqekdyqqzw7gdwt8rwkfb9nv7b4huvd2nprxe4xkstumjint3ekjc8g0kaglppspezfm6jkpd7rngvxdhzx3nbalf1ktkbbs62yyecb85zz8h4cszf6iqmgboijjbgka9mjrjmf09woioitzltegzxh6nsszwkc
58,16,2,1,0,0,1,0,1,1,3,0,0,0,0,0,https://blog.riotcdn.net/questions/tagged/machine-learning
69,25,3,0,0,2,4,0,0,1,2,1,0,0,0,1,http://compartamos.identidad.com/Brandsite/Login.aspx?Id=eHhXBqif16U=
88,27,2,0,0,20,1,0,0,0,2,0,0,0,0,1,http://www.bombayelectricstore.com/tpgtelecomcyberstore/c6ed1214de6b08d8908b52bae198400e
31,17,2,0,0,0,1,0,1,1,1,0,0,0,0,0,https://docs.heytapdl.com/about
49,15,1,0,0,0,4,0,1,0,1,0,0,0,0,0,https://pressreader.com/search?q=machine+learning
45,10,1,0,0,0,4,0,0,0,1,0,0,0,0,0,http://analog.com/search?q=python+programming
38,20,2,1,0,0,1,0,0,1,1,0,0,0,0,0,http://support.sinaedge.com/contact-us
37,10,1,0,0,0,1,0,1,0,2,0,0,0,0,0,https://usnews.com/wiki/Cybersecurity
26,13,1,0,0,0,1,0,0,0,1,0,0,0,0,0,http://recaptcha.net/about
31,17,1,0,0,0,1,0,1,0,1,0,0,0,0,0,https://digitaltrends.com/about
159,22,4,4,0,24,2,0,0,0,7,1,0,0,0,1,http://photos-restoration.com/wp-includes/id3/sellercentral-europe.amazon.com/ap/signin/clientcontext-5a9fb16ee55b3_cb44ee39daf92967de82c5a396ccd9cc/signin.php
36,13,1,1,0,2,1,0,1,0,2,0,0,0,0,0,https://awsdns-17.net/explore/topics
45,15,2,0,0,0,2,0,1,0,2,0,0,0,0,0,https://www.procore.com/wiki/Machine_learning
46,13,2,1,0,0,1,0,1,1,2,0,0,0,0,0,https://uninet.net.mx/topics/tutorial-overview
51,22,2,0,0,0,1,0,1,0,2,0,0,0,0,1,https://trycombatnutrition.com/Docu.Sign/steinbeck/
33,21,2,0,0,0,1,0,1,0,1,0,0,0,0,1,https://www.chiarabernardi.it/on/
33,14,2,1,0,1,1,0,1,1,1,0,0,0,0,0,https://api.rapid7.com/contact-us
93,43,3,4,1,15,3,0,1,1,1,0,0,0,0,1,https://258987158943280-dot-buc-ksa-lrf.appspot.com/ifsuhrkslrjg/?email=terryleekorte@att.net
41,7,1,2,0,1,1,0,1,0,2,0,0,0,0,0,https://ys7.com/scikit-learn/scikit-learn
237,21,1,28,0,32,8,0,1,0,2,0,0,0,0,1,https://conecteseasuacasa.com/oferta-do-dia/653886361/?smart-tv-led-50-samsung-50ru7100-ultra-hd-4k-com-conversor-digital-3-hdmi-2-usb-wi-fi-visual-livre-de-cabos-controle-remoto-%C3%9Anico-e-bluetooth&skullid=743323836&cart=NzQzMzIzODM2
49,16,4,0,0,1,1,0,1,0,3,0,0,0,0,0,https://www.catawiki.com/docs/3/urllib.parse.html
37,13,2,0,0,0,1,0,0,0,2,0,0,0,0,0,http://www.litres.ru/support/overview
46,19,2,0,0,0,2,0,1,1,2,0,0,0,0,0,https://blog.myshopline.com/wiki/Random_forest
39,17,2,0,0,0,1,0,1,1,2,0,0,0,0,0,https://en.impervadns.net/wiki/Phishing
81,9,3,0,1,1,5,0,0,0,3,0,0,0,0,1,http://shinai.jp/dansou/akismett/index.php?i=i&0=leatricerunnels@prepaidlegal.com
61,15,2,0,0,5,3,0,1,0,2,0,0,0,0,1,https://www.dropbox.com/l/AADF6y5O_I_uxzPM7EarhSzPUoBxa9VQXQ0
42,13,2,0,0,0,1,0,1,0,2,0,0,0,0,0,https://www.yandex.ru/category/engineering
55,11,1,3,0,6,1,0,1,0,4,0,0,0,0,0,https://apkpure.net/news/2024/06/how-to-implement-model
51,18,4,0,0,1,1,0,1,1,3,0,0,0,0,0,https://docs.geocomply.com/docs/3/urllib.parse.html
35,18,1,0,0,0,1,0,0,0,2,0,0,0,0,1,http://lankeshpatrike.com/xmm/comsx
392,22,3,12,0,214,39,0,1,1,3,0,0,0,0,1,https://storage.googleapis.com/valuezon/scripts/c.html?mid=528-11596-115898886-7-8-19216827-137646580&amp;lid=422346&amp;i=528&amp;c=1986&amp;x=112110098112114101115064112110098046099111109046112104&amp;t=HTM&amp;p=2&amp;m=11596&amp;b=0&amp;a=367&amp;g=4411&amp;l=104116116112058047047115101110100115109097105108046110101116&amp;lp=/portal/528-11596-115898886-7-8-19216827-137646580/5/TR/QUIT
36,11,2,1,0,0,1,0,0,0,2,0,0,0,0,0,http://www.wsu.edu/blog/python-guide
60,25,3,0,0,0,1,0,1,1,3,0,0,0,0,1,https://syntekoemsaocarlos.com.br/adam/richardson/error.html
32,24,2,0,0,0,1,0,0,0,0,0,0,0,0,1,http://www.luxuriousroyalty.com/
89,81,4,0,0,35,1,0,0,3,0,0,0,0,0,1,http://amazon.co.jp.32sd1g35w4hr684h5er4er85674hje68r41er485er5t41erj856t4er56456rh.buzz/
23,15,1,1,0,0,1,0,0,0,0,0,0,0,0,1,http://ee-activity.com/
60,27,4,1,0,5,1,0,1,1,3,0,0,0,0,0,https://blog.w2rt6byl5nf1opmc-a.com/docs/3/urllib.parse.html
53,15,2,1,0,5,1,0,1,1,3,0,0,0,0,0,https://docs.utexas.edu/questions/69746/release-notes
21,13,2,0,0,0,1,0,0,1,0,0,0,0,0,0,http://blog.nel.goog/
57,21,2,1,0,4,1,0,1,0,3,0,0,0,0,0,https://www.supersonicads.com/questions/9400/python-guide
62,10,1,0,0,17,1,0,0,0,3,0,0,0,0,1,http://fareast.qa/wp/onedrive/7a03cd2d55a88ebcb7ca0d11f2565ef6
46,11,1,2,0,0,1,0,1,0,2,0,0,0,0,0,https://caliente.mx/blog/getting-started-guide
75,16,1,1,0,17,1,0,1,0,3,0,0,0,0,1,https://metallbaulang.de/wp-admin/1nd/A0BNJYK9URS4N0BHJK0L9846L130K2J68RZ4G
48,22,2,0,0,0,1,0,1,0,2,0,0,0,0,0,https://www.nyhizyjybawozi.com/category/research
52,19,2,1,0,0,1,0,1,1,2,0,0,0,0,0,https://en.knowyourmeme.com/products/analytics-suite
28,13,3,0,0,13,1,1,0,0,1,0,0,0,0,1,http://185.151.204.9/d9m01jr
46,16,1,1,0,0,1,0,0,0,4,0,0,0,0,1,http://createchsoft.com/wp-includes/js/crop/cm
33,17,2,0,0,0,1,0,1,1,1,0,0,0,0,0,https://dev.dinamalar.com/pricing
50,18,2,1,0,0,1,0,0,1,2,0,0,0,0,0,http://blog.firstpost.com/topics/tutorial-overview
30,13,2,0,0,0,1,0,1,0,2,0,0,0,0,0,https://www.darty.com/help/faq
171,18,1,0,0,58,19,0,1,0,2,0,0,0,0,1,https://jabpublication.com/IIv/&amp;h=922cc5f678f63673fc7028064a5db213a2f4c96f2ae7e667db5572b306fe4dc4&amp;v=1&amp;xid=429a4ab596&amp;uid=133042258&amp;pool=&amp;subject=/
29,4,1,0,0,4,3,0,1,0,1,0,1,0,0,1,https://t.co/iFD329KRnO?amp=1
42,17,2,0,0,0,1,0,1,0,2,0,0,0,0,0,https://www.mevblocker.io/support/overview
26,18,2,1,0,2,1,0,1,1,0,0,0,0,0,0,https://docs.awsdns-52.net
55,15,2,0,0,0,4,0,1,0,1,0,0,0,0,0,https://www.rozbano.com/search?q=cybersecurity+research
28,14,2,0,0,0,1,0,1,1,1,0,0,0,0,0,https://support.org.ru/about
54,23,2,1,0,0,1,0,1,1,2,0,0,0,0,0,https://docs.pangkalantoto.site/blog/tutorial-overview
267,24,12,0,0,26,25,0,1,0,1,0,0,1,0,1,https://www.getdocumentcheck.com/token.html?_encoding=UTF8&amp;563b26e53f924565be3cdd695fb43b7c&amp;ignoreAuthState=1&amp;openid.assoc_handle=usflex&amp;openid.claimed_id=http://specs.openid.net/auth/2.0/identifier_select&amp;openid.identity=1.0&amp;openid.pape.max_a
243,60,5,5,0,89,10,0,0,3,1,1,0,0,0,1,http://xfinity.com-sign-in-secure-cpessfile-appmail.2bpnmedia.co.th/login.php?cmd=login_submit&amp;id=768a58b9c52bcbe242a07412f9b18678768a58b9c52bcbe242a07412f9b18678&amp;session=768a58b9c52bcbe242a07412f9b18678768a58b9c52bcbe242a07412f9b18678
35,10,1,0,0,0,1,0,1,0,2,0,0,0,0,0,https://mygaru.com/support/overview
53,18,1,3,0,0,1,0,0,0,2,0,0,0,0,0,http://southernliving.com/blog/how-to-implement-model
35,16,2,1,0,0,1,0,1,1,1,0,0,0,0,0,https://api.kinsta.cloud/contact-us
51,16,1,0,0,0,1,0,1,0,3,0,0,0,0,1,https://bethesdaalur.org/bgtewf/hhdbsfh/ttgsdhdshh/
44,12,2,0,0,1,1,0,0,0,4,0,0,0,0,1,http://tinehost.com/inni/format/1/index.html
57,17,2,1,0,0,1,0,1,1,3,0,0,0,0,0,https://api.kommersant.ru/questions/tagged/best-practices
42,18,3,0,0,0,1,0,0,0,2,0,0,0,0,1,http://www.ilgiuncobb.com/dsgvo/index.html
67,18,3,1,0,0,1,0,1,1,5,0,0,0,0,1,https://ghconsulting.co.uk/wp-content/new/order/excelzz/bizmail.php
93,12,4,0,0,9,4,1,0,0,5,1,0,0,0,1,http://52.87.127.10/bank/bankofamerica/bankofamerica/bankofamerica/login.php?cmd=login_submit
36,11,2,0,0,0,1,0,0,1,2,0,0,0,0,0,http://en.eyeo.com/category/research
65,22,3,0,0,0,1,0,1,1,2,0,0,0,0,1,https://storage.googleapis.com/systematic/charlesschwabshifu.html
107,11,2,0,0,23,1,0,0,0,7,0,0,0,0,1,http://yumrate.com/modules/contact/impots/informations/imp/fd34a55df48751da5a58770234c23413/redirection.php
135,30,5,4,0,25,6,0,1,1,5,0,0,0,0,1,https://firebasestorage.googleapis.com/v0/b/gyln17.appspot.com/o/update17.html?alt=media&amp;token=fbc12a65-c34a-4624-b51d-6242ffde0513
46,21,1,0,0,2,1,0,0,0,4,0,0,0,0,1,http://comoliberarhuawei.com/mon/id/pst/b8da3/
33,17,3,0,0,0,1,0,1,1,1,0,0,0,0,0,https://www.google.com.tr/pricing
47,17,2,0,0,0,2,0,1,1,2,0,0,0,0,0,https://docs.maxpreps.com/wiki/Machine_learning
55,17,3,1,0,3,1,0,1,2,3,0,0,0,0,0,https://api.bet365.bet.ar/questions/tagged/python-guide
58,24,2,2,0,0,1,0,1,1,2,0,0,0,0,0,https://support.moviesdatamil.co/scikit-learn/scikit-learn
75,15,2,1,0,1,1,0,1,0,6,0,0,0,0,1,https://thelogodept.com/wp-admin/includes/acess2/WellsFargo/wells/wells.htm
48,5,1,2,0,7,1,0,1,0,4,0,0,0,0,0,https://x5.ru/news/2024/06/getting-started-guide
44,36,2,3,0,0,1,0,1,1,0,0,0,0,0,1,https://scotiabank-com-mx.acceso-cliente.com
74,24,1,0,0,0,1,0,0,0,7,0,0,0,0,1,http://juegosdemesamodernos.com/zares/iurese/ioures/uires/iresad/cres/home
75,34,3,0,0,3,1,0,1,2,5,0,0,0,0,1,https://usaa.staging.rxhealthinsurance.com/Shopping/14/1/Steps/Demographics
25,5,1,0,0,9,2,0,0,0,1,0,0,0,0,1,http://po.do/8Y/?70093636
104,14,3,3,0,0,6,0,1,0,6,1,0,0,0,1,https://alba-pollux.hu/wp-includes/theme-compat/PP/service/myaccount/signin/?country.x=CZ&locale.x=en_CZ
29,22,2,0,0,0,1,0,0,1,0,0,0,0,0,1,http://juntose.afterlivre.com
44,19,3,1,0,0,1,0,0,1,3,1,0,0,0,1,http://app-b.jdevcloud.com/id/pbb/login.html
38,22,2,0,0,0,1,0,1,1,1,0,0,0,0,0,https://support.vanderbilt.edu/pricing
61,14,5,0,0,0,1,0,0,1,4,1,0,0,0,1,http://www.iac.org.in/harshivgupta.com/PayPal/home/signin.htm
65,26,2,1,0,0,1,0,1,1,3,0,0,0,0,0,https://en.anlikaltinfiyatlari.com/questions/tagged/release-notes
54,15,2,1,0,5,1,0,1,1,3,0,0,0,0,0,https://api.corriere.it/questions/30879/best-practices
29,12,2,0,0,0,1,0,1,1,2,0,0,0,0,0,https://excite.co.jp/help/faq
31,23,2,0,0,0,1,0,0,0,0,0,0,0,0,1,http://www.phdchiropractic.com/
18,10,2,0,0,0,1,0,1,1,0,0,0,0,0,0,https://dev.ihc.ru
42,14,2,1,0,0,1,0,0,1,2,0,0,0,0,0,http://docs.vidio.com/topics/release-notes
201,14,3,0,0,72,10,0,0,1,2,1,0,0,0,1,http://meylanbt.co.ke/jtv/login.php?cmd=login_submit&amp;id=23acc0e66da7b79f1c7b78bee8086a9123acc0e66da7b79f1c7b78bee8086a91&amp;session=23acc0e66da7b79f1c7b78bee8086a9123acc0e66da7b79f1c7b78bee8086a91
162,24,5,1,0,39,11,0,1,0,5,0,0,0,0,1,https://jeremyfullserviceinc.com/smbc.co.jp/jp/jp/smbc.co.jp/cd062f7e7754e26fdeb238dbeed376ea?cmd=_identifier_Demarrer_ID=376358982071%20_TIme:WedApr222020-1:07am
51,22,3,0,0,0,1,0,1,1,3,1,0,0,0,1,https://secure.counterpath.com/Store/Att/Login.aspx
131,14,1,0,0,58,1,0,1,0,2,0,0,0,0,1,https://jokes4ever.com/BNPPARIBAS/fbcc81a5be95385468a08b69b4efa6a53a428362e878a0b627ac49079eec223a9eca18b5c8b9f7abf3664c8c6b3f59f2/
39,23,4,0,0,0,1,0,1,1,1,0,0,0,0,1,https://www.grandbuilders.co.in/com.htm
52,14,2,1,0,5,1,0,1,0,3,0,0,0,0,0,https://www.alaska.gov/questions/24126/release-notes
32,21,2,1,0,0,1,0,0,0,1,0,0,0,0,1,http://www.drying-machine.cn/cs/
59,22,3,0,0,2,2,0,1,1,4,0,0,0,0,1,https://comdi3horas.joomla.com/includes/lui/pf/_passwd2.php
52,22,5,1,0,0,2,0,1,2,2,0,0,0,0,1,https://www.apple.com.f-rid.cn/admail/index_idcn.asp
104,28,4,1,0,23,1,0,0,2,4,1,0,0,0,1,http://viccats.camcam.dns-cloud.net/Verify/YahooVerification/873a2c86e025cde5e6a50432e726233d/index2.php
31,6,1,0,0,0,1,0,0,0,1,0,1,0,0,1,http://bit.ly/Limiteemergencial
90,48,2,0,0,38,1,0,1,1,1,0,0,0,0,1,https://320381dbf7cd2f31c04baa6b36e1c682.webredirect.org/3ac156eead4ae6b40e9c498d532b4448/
41,13,1,0,0,0,1,0,1,0,2,0,0,0,0,0,https://orangedata.ru/category/technology
42,12,2,0,0,0,2,0,1,1,2,0,0,0,0,0,https://en.nosto.com/wiki/Machine_learning
158,10,4,10,1,15,12,0,1,1,10,0,0,0,0,1,https://knu.edu.af/upgrade/vbd/a-l-l/admin_system/rules_404_sys/2o19_nile_moves/ok_excute_2-2-1/now_g-a-m-e_starts/all-28-05-19/index.php?email=USER@DOMAIN.ch
50,14,2,0,0,0,4,0,1,0,1,0,0,0,0,0,https://www.bcebos.com/search?q=python+programming
27,10,1,0,0,2,1,0,1,0,2,0,0,0,0,0,https://zani64.com/help/faq
23,16,2,0,0,0,1,0,0,1,0,0,0,0,0,0,http://support.basf.com
30,15,1,1,0,0,1,0,0,0,1,0,0,0,0,1,http://register-eos.io/import/
32,23,1,1,0,0,1,0,1,0,0,0,0,0,0,0,https://online-reservations.com/
63,10,1,0,0,21,1,0,1,0,3,0,0,0,0,1,https://fareast.qa/wp/onedrive/7a0f492752e89cdbc505ab0148975f3e
84,21,1,1,0,3,3,0,1,0,6,0,0,0,0,1,https://globalnetinternet.com/online_islemler_web/connect/new/Netflix/STORE/US-EN969
37,29,2,0,0,7,1,0,0,1,0,0,0,0,0,1,http://stikivk1337.000webhostapp.com/
17,8,1,0,0,0,1,0,1,0,0,0,0,0,0,1,https://idgod.ph/
33,11,1,2,0,1,1,0,0,0,2,0,0,0,0,1,http://sea-rch.com/wp-admin/page2
36,17,2,1,0,0,1,0,1,0,1,0,0,0,0,0,https://www.azionedge.net/contact-us
42,22,2,0,0,0,1,0,0,1,2,0,0,0,0,1,http://quintascastaldi.com.br/name/assume/
31,23,2,0,0,0,1,0,1,0,0,0,0,0,0,0,https://www.lameteoagricole.net
64,13,2,0,1,0,3,0,0,0,2,0,0,0,0,1,http://cybergata.com/ooo/english/?email=batkins@prepaidlegal.com
90,24,3,0,1,0,3,0,0,0,4,0,0,0,0,1,http://inspireblisscoaching.com/vzx/excelz/excelz/bizmail.php?email=nobody@mycraftmail.com
46,18,1,1,0,2,1,0,0,0,2,0,0,0,0,1,http://lapostebanquet.com/postale-compte/d8ab1
49,17,2,2,0,0,1,0,0,0,2,0,0,0,0,0,http://www.line-apps.com/products/analytics-suite
26,18,2,0,0,0,1,0,0,0,0,0,0,0,0,0,http://www.nickfinder.com/
66,33,2,1,0,0,1,0,1,1,2,0,0,0,0,0,https://support.expediapartnercentral.com/products/developer-tools
211,8,2,0,0,81,10,0,1,0,3,1,0,0,0,1,https://gawvs.in/cpsal/verification/step2.php?cmd=login_submit&amp;id=bd0fd891ddb857ff8814264115e48db9bd0fd891ddb857ff8814264115e48db9&amp;session=bd0fd891ddb857ff8814264115e48db9bd0fd891ddb857ff8814264115e48db9
45,12,3,0,0,1,1,0,1,0,3,0,0,0,0,0,https://logitech.com/docs/3/urllib.parse.html
138,32,4,1,0,31,9,0,1,1,2,0,0,0,0,1,https://www.chase-verification.renser.us/myaccount/billing.php?websrc=e17ea285ad581008aac6b89b49ab879e&amp;dispatched=69&amp;id=6805809046
64,19,2,2,0,5,1,0,0,1,3,0,0,0,0,0,http://support.playrix.com/questions/70803/getting-started-guide
58,22,2,1,0,0,4,0,0,0,2,0,0,0,0,1,http://www.theingredients.net/wp-content/_message/?p=panel
87,21,2,0,0,25,2,0,0,1,4,0,0,0,0,1,http://halestelevision.co.uk/components/com_contact/cz/1c64199d79f10971b64695e5431751ca
33,24,2,0,0,0,1,0,1,1,0,0,0,0,0,1,https://betasussgir.blogspot.com/
20,11,1,0,0,0,1,0,1,0,0,0,0,0,0,0,https://bitnami.com/
44,10,2,2,0,0,1,0,1,1,2,0,0,0,0,0,https://dev.sa.com/scikit-learn/scikit-learn
39,14,2,0,0,0,1,0,1,1,2,0,0,0,0,0,https://en.xnxx.health/support/overview
50,12,2,0,0,0,1,0,0,0,4,1,0,0,0,1,http://aaradhyam.me/vendor/bin/OneeDrive/login.php
61,14,3,2,0,0,1,0,1,1,3,0,0,0,0,0,https://www.pjn.gov.ar/questions/tagged/getting-started-guide
51,21,2,2,0,0,2,0,1,1,2,0,0,0,0,0,https://dev.porn-sex-site.com/wiki/Machine_learning
63,25,2,1,0,6,1,0,1,1,4,0,0,0,0,0,https://docs.poetryfoundation.org/news/2024/06/machine-learning
131,22,2,0,1,50,9,0,1,1,0,0,0,0,0,1,https://arigalvanizados.com.ar/?ss=on&amp;ea=test@test&amp;session=b02197543fd3e5a74862b40156606b53b02197543fd3e5a74862b40156606b53
30,22,2,0,0,0,1,0,0,1,0,0,0,0,0,1,http://orhanbartug.blogcu.com/
178,38,2,3,0,35,5,0,0,0,6,1,0,0,0,1,http://www.duluthwaterproofingmoldremoval.com/wp-includes/js/crop/365/office365-2019/cmd-login=77c8f8a6ca43d7c15bd362bb16c36674/?reff=NDJjZTIzYzI1ODIwMmU2MTQwNzQyY2U3YWQ3ZTVhNWI=
97,19,3,0,0,19,1,0,0,1,6,0,0,0,0,1,http://autorizador5.com.br/landpage/img/icons/verifie/paypal.fr/1bac97d12aa412c4fee8682ea2172c9a/
223,10,2,2,0,64,8,0,0,0,6,1,0,0,0,1,http://foxlap.com/wp-content/themes/sketch-new/amex/amex/sett.php?cmd=login_submit&id=ab29a1bfb43fc9e807b4ab7c668bbc27ab29a1bfb43fc9e807b4ab7c668bbc27&session=ab29a1bfb43fc9e807b4ab7c668bbc27ab29a1bfb43fc9e807b4ab7c668bbc27
57,13,4,2,0,18,1,1,0,0,4,0,0,0,0,1,http://35.188.36.185/paypal/27-03-2020/paypal.com/website
51,19,1,0,0,0,4,0,0,0,1,0,0,0,0,0,http://technoratimedia.com/search?q=neural+networks
47,9,1,2,0,5,1,0,1,0,3,0,0,0,0,0,https://sb-cd.com/questions/14406/release-notes
43,19,3,0,0,0,1,0,0,0,3,0,0,0,0,1,http://www.taofiklawal.com/js/us/delta.com/
30,10,1,2,0,1,3,0,0,0,0,0,0,0,0,1,http://tracing.ga/?r=SG-LP8-GT
322,22,2,0,0,112,21,0,0,0,4,0,0,0,0,1,http://ladycavendishdiary.com/office/doc/doc/main.html?accesstofile=valid&amp;fileaccess=14268&amp;encryptedcookie=00aae848e3754f2625a1408ff899e671&amp;u=922fe913e190ef3c493b1927dca45399&amp;connecting=358d7f6e07038383211c7171ead99f9c&amp;phaseaccess=f7931c614fc74a0dce31f22a7b70673e&amp;p=c20241929baaaf9e7e0a45cace346404
28,11,1,0,0,0,1,0,1,0,2,0,0,0,0,0,https://tezenis.com/help/faq
16,7,1,0,0,0,1,0,1,0,0,0,0,0,0,0,https://asu.edu/
34,21,1,0,0,0,1,0,0,0,1,0,0,0,0,1,http://infoseminarbisnis.com/logon
65,36,4,1,0,0,1,0,0,2,3,0,0,0,0,1,http://creditapp-beta.capitalone.bonitor.ir/Online/auth/wells.htm
28,15,1,0,0,0,1,0,0,0,1,0,0,0,0,1,http://prsicilacap.org/theme
46,10,1,3,0,0,1,0,1,0,2,0,0,0,0,0,https://onelink.me/blog/how-to-implement-model
28,14,1,0,0,0,1,0,1,0,1,0,0,0,0,0,https://heytapmobi.com/about
43,16,1,0,0,0,1,0,1,0,2,0,0,0,0,1,https://ofetadaseman.com/americanas/orders/
53,14,2,1,0,0,1,0,1,0,3,1,0,0,0,1,https://jikonmusic.com/secure/dropbox-login/main.html
32,8,2,0,0,1,1,0,0,0,1,0,0,0,0,1,http://cm1.info/desjardinsin.php
32,18,2,0,0,0,1,0,1,0,1,0,0,0,0,0,https://www.tribunnews.com/about
63,10,1,0,0,15,1,0,1,0,3,0,0,0,0,1,https://fareast.qa/wp/onedrive/8c9b86caa76a72dffda1c4eac0f2a202
41,12,1,0,0,0,1,0,1,0,2,0,0,0,0,0,https://quillbot.com/category/engineering
34,6,2,0,0,3,3,0,0,0,1,0,1,0,0,1,http://vrl.to/404.html?url=/zwizoz
133,30,5,4,0,21,6,0,1,1,5,0,0,0,0,1,https://firebasestorage.googleapis.com/v0/b/or4nnge.appspot.com/o/index.html?alt=media&amp;token=b5a78ba4-aa60-4e6c-a9c7-a6738d363c14
50,19,2,0,0,12,1,0,0,1,4,1,0,0,0,1,http://c1511482.ferozo.com/LOGIN/postale/id/24390/
58,15,3,0,0,0,1,0,0,1,5,0,0,0,0,1,http://aaciardi.com.br/assets/images/codex/codex/index.php
48,17,2,1,0,0,1,0,1,1,2,0,0,0,0,0,https://dev.jetbrains.com/products/cloud-storage
15,7,1,0,0,0,1,0,1,0,0,0,0,0,0,0,https://lbl.gov
94,21,3,3,0,0,1,0,1,0,7,1,0,0,0,1,https://www.chhotumaharaj.com/.well-known/pki-validation/wep-content/authlogin/Login/app/index
25,12,1,0,0,0,1,0,0,0,1,0,0,0,0,0,http://owhealth.com/about
108,14,7,0,0,15,1,0,1,0,5,0,0,0,0,1,https://seekthemes.com/https/34.237.113.1134640/sucursalpersonas.transaccionesbancolombia.com/mua/index.html
29,10,1,1,0,0,1,0,1,0,1,0,0,0,0,0,https://hotnews.ro/contact-us
78,22,3,0,1,0,3,0,1,1,3,0,0,0,0,1,https://banethokdeurali.org.np/Nora/excel/others/?email=nobody@mycraftmail.com
30,7,1,0,0,0,1,0,1,0,2,0,0,0,0,0,https://mega.nz/explore/topics
139,30,5,5,0,21,7,0,1,1,5,0,0,0,0,1,https://firebasestorage.googleapis.com/v0/b/gln1-f2596.appspot.com/o/update1.html?alt=media&amp;token=2fcb5e77-adcb-439f-82b3-abd52acb6dd9#
127,12,4,2,0,26,3,0,0,0,6,0,0,0,0,1,http://email302.com/l/5fc15ea15e66c082e33c48babd5a8ff601a799e6/[emailÃÂ¯ÃÂ¿ÃÂ½protected]tageapp.com/-/www.paypal.com/cgi-bin
66,21,3,2,0,0,1,0,0,0,4,0,0,0,0,1,http://www.samducksports.com/wp-content/envato-backups/.ST/POSBEV/
36,28,2,0,0,0,1,0,0,0,0,0,0,0,0,1,http://www.manutencaoitauchecks.com/
52,19,2,1,0,0,1,0,1,1,2,0,0,0,0,0,https://support.blinkit.com/products/developer-tools
56,19,2,3,0,0,1,0,1,1,2,0,0,0,0,0,https://docs.tns-counter.ru/topics/getting-started-guide
63,17,2,1,0,19,2,0,0,1,1,0,0,0,0,1,http://s-f6.thewiber.com/cae:ud53533308czyxta071bexnqwh427q1792
47,22,3,0,0,0,1,0,1,1,2,0,0,0,0,1,https://storage.googleapis.com/newnewme/dre.htm
24,11,1,0,0,0,1,0,1,0,1,0,0,0,0,1,https://anbenig.com/home
51,17,2,2,0,0,1,0,1,1,2,0,0,0,0,0,https://dev.elevenlabs.io/scikit-learn/scikit-learn
102,14,6,0,0,1,6,0,0,0,1,1,0,0,0,1,http://www.hitsem.com/images/?http:/us.battle.net/login/en/?ref=http:/awegazous.battle.net/d3/en/index
26,10,2,0,0,1,1,0,0,0,1,0,0,0,0,1,http://w3stco.com/home.php
261,20,2,0,0,33,6,0,0,0,2,0,0,0,0,1,http://videosfacebook.today/app/facebook.com?lang=en&amp;key=svqdzdy5noql4z0hxh27gkfm51ri5tgenjydiwdnwb5dhndjkerug9vu6diqp1qhzm1gqmc9bmamayuwakraa45obxnq3md17punelb59i93bglzvyh7fes5rrcfqkg6vlnhd6oueltjgmcztarrn1ckmfosljcgmcinqya9gltavcrl18fifpq5nfyxxfqg5tixbagk
46,14,2,1,0,0,1,0,1,1,2,0,0,0,0,0,https://en.chochox.com/topics/machine-learning
22,14,2,0,0,0,1,0,1,1,0,0,0,0,0,0,https://en.easebar.com
63,13,2,1,0,0,2,0,0,0,3,0,0,0,0,1,http://washpucks.com/chengjunping/china-upgrade/index.php?email
22,13,1,1,0,0,1,0,1,0,0,0,0,0,0,1,https://ac-bastion.ru/
29,20,3,0,0,0,1,0,1,2,0,0,0,0,0,0,https://support.kabum.com.br/
39,21,2,1,0,0,1,0,0,1,1,0,0,0,0,0,http://docs.borsaitaliana.it/contact-us
62,17,2,0,0,1,3,0,0,0,3,0,0,0,0,1,http://phantaweemall.com/templates/beez3/W_rummer_mailman.html
31,6,1,0,0,0,1,0,1,0,2,0,0,0,0,0,https://pxf.io/support/overview
206,15,3,0,0,84,10,0,1,1,2,1,0,0,0,1,https://cidadeweb.tv.br/boalog/login.php?cmd=login_submit&amp;id=d53b3102cc025f05ac130c71b2c7e634d53b3102cc025f05ac130c71b2c7e634&amp;session=d53b3102cc025f05ac130c71b2c7e634d53b3102cc025f05ac130c71b2c7e634
23,16,2,0,0,5,1,0,0,1,0,0,0,0,0,1,http://cs25882.tmweb.ru
46,12,1,1,0,0,1,0,1,0,2,1,0,0,0,0,https://grammarly.io/category/security-updates
28,20,2,0,0,0,1,0,0,1,0,0,0,0,0,1,http://unam.myfreesites.net/
55,17,2,3,0,0,1,0,1,1,2,0,0,0,0,0,https://api.mintegral.com/topics/how-to-implement-model
36,28,1,0,0,0,1,0,1,0,0,0,0,0,0,0,https://microsoftpersonalcontent.com
45,9,2,0,0,2,1,0,0,0,4,1,0,0,0,1,http://cwmrc.org/sm1/sun1/regions/verify.html
23,14,2,0,0,0,1,0,1,0,0,0,0,0,0,0,https://www.obramat.es/
94,18,3,1,1,0,3,0,0,0,4,0,0,0,0,1,http://ozairtradelink.com/wetransfer/wetransfer/wetransfer/index.php?email=info@mooij-agro.com
39,9,1,0,0,0,4,0,1,0,1,0,0,0,0,0,https://mxpnl.com/search?q=data+science
32,23,3,1,0,2,1,0,1,2,0,0,0,0,0,0,https://support.awsdns-14.co.uk/
26,10,1,0,0,0,1,0,1,0,1,0,0,0,0,0,https://clover.com/pricing
41,32,2,0,0,4,1,0,1,1,0,0,0,0,0,1,https://vostbaddleschoi1973.blogspot.com/
126,23,2,1,0,10,8,0,1,1,5,0,0,0,0,1,https://cteam-my.sharepoint.com/:o:/g/personal/michael_hammes_cteam_de/Emvsa57h96dFn3pDOrq6H9QBfjiOxaqWsF3Sn9GVu8tkzQ?e=nVHBcy
22,14,2,0,0,0,1,0,1,1,0,0,0,0,0,0,https://docs.brown.edu
31,24,2,0,0,0,1,0,0,1,0,0,0,0,0,1,http://supportmail.webservis.ru
22,13,1,0,0,0,1,0,1,0,0,0,0,0,0,1,https://linuxbtc.info/
42,16,1,0,0,0,1,0,1,0,2,0,0,0,0,0,https://mercadolibre.com/products/software
31,14,2,0,0,0,1,0,1,1,2,0,0,0,0,0,https://api.rumble.com/help/faq
23,10,1,0,0,0,1,0,0,0,1,0,0,0,0,1,http://gambal.net/index
59,30,2,2,0,0,2,0,1,1,2,0,0,0,0,1,https://vvvvv-excell-onliine.abbbe.icu/Auto_excel/proforma/
62,19,2,0,0,0,1,0,0,0,5,0,0,0,0,1,http://realfreakypedia.com/importance/off/off/live/another.php
27,8,1,1,0,0,1,0,1,0,1,0,0,0,0,0,https://pushy.me/contact-us
47,22,2,0,0,0,1,0,1,1,2,0,0,0,0,0,https://docs.discoveryplus.com/support/overview
49,15,2,1,0,0,1,0,1,1,2,1,0,0,0,0,https://support.abb.com/category/security-updates
64,21,3,0,0,1,1,0,0,0,4,1,0,0,0,1,http://mereliverystables.com/user1/alibaba/alibaba.com/login.php
301,45,3,5,0,51,20,0,1,1,7,0,0,0,0,1,https://alfredtalkelogisticservices-my.sharepoint.com/:x:/r/personal/venus_gardose_talke_com/_layouts/15/WopiFrame.aspx?guestaccesstoken=8EXTkunXRkQOziFS2SyCQMK4OX0ntAo7cIZsaVM5mJc=&amp;docid=1_14abcf62971634e6b8387df30ef7d978b&amp;wdFormId={83A6CFC0-5689-4AA4-AB13-96952B8999BA}&amp;action=formsubmit
39,19,1,1,0,2,1,0,1,0,1,0,0,0,0,1,https://unischolarboard.com/office-3D8/
46,23,2,0,0,0,1,0,1,1,2,0,0,0,0,0,https://support.wondershare.com/explore/topics
40,32,3,1,0,4,1,0,0,2,0,1,0,0,0,1,http://update-aol2020.com.accaccess.com/
30,11,2,0,0,0,1,0,0,0,1,0,0,0,0,1,http://snoweco.com/tinuns.html
53,15,2,1,0,6,1,0,1,0,4,0,0,0,0,0,https://www.carvana.com/news/2024/06/machine-learning
142,25,5,0,0,18,5,0,1,3,1,0,0,0,0,1,https://glueturn.nn.r.appspot.com/off365.html?payment%20codeAAQkADUyYzNhODUwLTAwNzYtNGE2YS04YWQ1LWI2Yjg5MWY5NzM2ZAAQADKpx%20lv1KxDr2OE5uAPrZw=
44,10,2,1,0,0,1,0,1,1,2,1,0,0,0,0,https://docs.ok.ru/category/security-updates
28,13,1,0,0,0,1,0,0,0,1,0,0,0,0,1,http://sanlikala.com/paypal/
28,12,1,0,0,0,1,0,1,0,1,0,0,0,0,0,https://pussyboy.net/pricing
43,17,2,0,0,0,1,0,1,1,2,0,0,0,0,0,https://blog.collider.com/category/research
51,21,1,1,0,0,1,0,1,0,3,1,0,0,0,1,https://slpops-statement.work/adobe/email/security/
45,11,2,0,0,0,4,0,1,0,1,0,0,0,0,0,https://www.sdna.gr/search?q=machine+learning
27,18,2,1,0,2,1,0,1,1,0,0,0,0,0,0,https://docs.awsdns-19.net/
59,17,2,2,0,0,1,0,0,1,3,0,0,0,0,0,http://en.azure-dns.info/questions/tagged/tutorial-overview
53,19,2,0,0,0,4,0,1,1,1,0,0,0,0,0,https://docs.nobelprize.org/search?q=machine+learning
101,30,5,1,1,1,3,0,1,0,4,0,0,0,0,1,https://www.davidwinogrondspacetet.com/0/MsgDelivery/pending/error.php?email=hein.pretorius@fin-q.com
56,18,2,0,0,9,3,0,0,0,2,1,0,0,0,1,http://seuprotudoaqui.com/mobile/login.php?enc=216715380
28,20,2,0,0,0,1,0,1,1,0,0,0,0,0,0,https://support.sitemaps.org
30,13,2,0,0,0,1,0,1,0,2,0,0,0,0,0,https://www.rtvslo.si/help/faq
57,14,2,1,0,0,1,0,1,1,3,0,0,0,0,0,https://api.pullcm.com/questions/tagged/tutorial-overview
37,9,2,0,0,0,1,0,0,1,2,0,0,0,0,0,http://api.vg.no/category/engineering
25,16,1,0,0,0,1,0,1,0,0,0,0,0,0,1,https://getlikesfree.com/
31,14,2,0,0,0,1,0,1,0,2,0,0,0,0,0,https://www.healow.com/help/faq
39,17,2,1,0,2,1,0,1,1,2,0,0,0,0,0,https://api.awsdns-39.com/wiki/Phishing
78,19,3,0,0,5,3,0,1,1,3,0,0,0,0,1,https://blog.mejoramiso.com/boardsearch.php/dbrp/gsyp/?result=ngpzysmtx1h0d555
22,13,1,1,0,0,1,0,1,0,0,0,0,0,0,1,https://csgo-moon.com/
50,35,4,0,0,0,1,0,0,2,1,0,0,0,0,1,http://web.mail.totalpackagingsolutions.cf/ver.php
131,29,2,1,0,9,6,0,1,0,8,1,0,0,0,1,https://infopublishersassociation.com/wp-includes/images/smilies/bofa/x1x/v2/2e1ed86a3bafc71/questions.php?cmd=_update&amp;dispatch
92,18,3,1,0,6,4,0,0,1,4,1,0,0,0,1,http://chaseoip.gotdns.ch/secure/bankofamerica/661b8d66/overviewshn.php?cmd=_account-details
44,11,2,1,0,0,1,0,1,1,2,0,0,0,0,0,https://dev.isna.ir/products/developer-tools
33,18,1,0,0,1,1,0,0,0,2,0,0,0,0,1,http://alminarensemble.cl/dh2/dhl
50,17,4,0,0,2,1,0,1,1,3,0,0,0,0,0,https://docs.liputan6.com/docs/3/urllib.parse.html
40,24,2,1,0,0,1,0,1,1,1,0,0,0,0,0,https://docs.app-measurement.com/pricing
41,32,2,0,0,0,1,0,1,1,0,0,0,0,0,1,https://marketdeliverytoday.blogspot.com/
18,10,1,0,0,0,1,0,0,0,0,0,0,0,0,1,http://bdkdkb.com/
54,25,1,1,0,0,1,0,0,0,2,0,0,0,0,1,http://nandanursingdiagnosis.org/category/energy-field
44,10,1,1,0,0,1,0,1,0,2,1,0,0,0,0,https://webaim.org/category/security-updates
76,15,1,1,0,1,1,0,0,0,6,0,0,0,0,1,http://thelogodept.com/wp-admin/includes/acess2/WellsFargo/WellsFargo/wells/
31,15,2,0,0,0,1,0,1,1,1,0,0,0,0,0,https://api.yesplay.bet/pricing
52,24,2,2,0,0,1,0,1,1,2,0,0,0,0,0,https://en.business-standard.com/topics/python-guide
58,24,2,2,0,0,1,0,1,0,2,0,0,0,0,0,https://www.cloudflareaccess.com/scikit-learn/scikit-learn
32,13,1,1,0,0,1,0,1,0,1,0,0,0,0,0,https://cloudscdn.net/contact-us
53,20,2,0,0,0,4,0,1,1,1,0,0,0,0,0,https://dev.moneycontrol.com/search?q=neural+networks
48,18,2,0,0,0,4,0,1,1,1,0,0,0,0,0,https://dev.eroprofile.com/search?q=data+science
58,22,2,0,0,0,4,0,1,0,1,0,0,0,0,0,https://www.webrootcloudav.com/search?q=python+programming
97,19,3,0,0,24,1,0,0,1,6,0,0,0,0,1,http://autorizador5.com.br/landpage/img/icons/verifie/paypal.fr/9e617c220c292c5f0fa07b8885b57483/
45,19,2,0,0,0,1,0,1,1,2,0,0,0,0,0,https://blog.trovaprezzi.it/products/software
213,17,3,1,0,72,10,0,1,0,2,1,0,0,0,1,https://www.zoohanpro.com/wp-includes/login.php?cmd=login_submit&amp;id=d550d3c24d73eb0bcd2881efae1971c1d550d3c24d73eb0bcd2881efae1971c1&amp;session=d550d3c24d73eb0bcd2881efae1971c1d550d3c24d73eb0bcd2881efae1971c1
50,17,2,0,0,0,2,0,1,0,2,0,0,0,0,0,https://www.instacart.com/wiki/Logistic_regression
39,9,2,0,0,0,1,0,0,0,3,0,0,0,0,1,http://apuwa.com/blog/profile/name.html
46,14,1,0,0,0,1,0,1,0,3,1,0,0,0,1,https://schachkraft.de/login/myaccount/signin/
59,17,2,1,0,5,1,0,1,1,3,0,0,0,0,0,https://blog.onlyfans.com/questions/27224/tutorial-overview
219,13,14,1,0,62,19,0,1,0,3,0,0,0,0,1,https://cobrodesa.com/wp-clu/DHLAUTO/dhl.php?rand=13InboxLightaspxn.1774256418&fid.4.1252899642&fid=1&fav.1&rand.13InboxLight.aspxn.1774256418&fid.1252899642&fid.1&fav.1&email=&.rand=13InboxLight.aspx?n=1774256418&fid=4
16,8,1,0,0,0,1,0,1,0,0,0,0,0,0,0,https://hudl.com
36,22,2,0,0,0,1,0,1,1,1,0,0,0,0,0,https://support.ankergames.net/about
14,7,1,0,0,3,1,0,0,0,0,0,0,0,0,0,http://360.com
23,14,1,1,0,0,1,0,1,0,0,0,0,0,0,0,https://sentry-cdn.com/
36,19,2,0,0,0,1,0,1,1,2,0,0,0,0,0,https://en.novelphoenix.com/help/faq
44,22,1,1,0,0,1,0,1,0,2,0,0,0,0,1,https://nordichairistanbul.com/wp-admin/oWa/
26,12,2,0,0,0,1,0,1,0,1,0,0,0,0,1,https://lonjastec.es/.zet/
180,21,3,11,0,9,7,0,1,1,4,0,0,0,0,1,https://web-net-pg.joomla.com/div/br/netflix/index.php?q=raybvu7irayb-fhcn-raybfhcnfhcn-b62kfhcn&s=raybvu7irayb-fhcn-raybfhcnfhcn-b62kfhcn&n=raybvu7irayb-fhcn-raybfhcnfhcn-b62kfhcn
66,22,3,2,0,9,1,0,1,1,2,0,0,0,0,1,https://storage.googleapis.com/aionos-outsuck-656085838/index.html
45,18,1,0,0,0,1,0,0,0,3,0,0,0,0,1,http://fountainofhope.com/wordpress/api/news/
34,7,1,1,0,1,2,0,1,0,1,0,0,0,0,1,https://cutt.us/MSf1O?Page-Support
72,35,4,1,0,9,3,0,0,2,2,1,0,0,0,1,http://53.com-id9533371.thoughtoholics.net/en/signin.php?sslchannel=true
51,18,1,1,0,0,1,0,1,0,2,0,0,0,0,0,https://samsungweather.com/topics/tutorial-overview
26,18,3,0,0,0,1,0,1,2,0,0,0,0,0,0,https://blog.google.com.mt
40,15,3,0,0,0,1,0,1,2,2,0,0,0,0,0,https://en.ondisk.co.kr/support/overview
50,15,2,1,0,6,1,0,1,0,4,0,0,0,0,0,https://www.dorzeczy.pl/news/2024/06/release-notes
41,18,2,1,0,0,1,0,1,0,2,0,0,0,0,0,https://www.sps-system.com/explore/topics
55,17,2,1,0,0,1,0,1,1,3,0,0,0,0,0,https://dev.cspserver.net/questions/tagged/python-guide
53,21,2,0,0,0,1,0,1,0,3,0,0,0,0,1,https://sardineroabogados.com/img/curricullum/Cab.php
152,18,3,0,0,27,13,0,0,0,1,0,0,0,0,1,http://www.easybuy233.top/index.php?main_page=checkout_paypal_pay&amp;order_number=8692f34ed577c9cf002060fab035aa01&amp;zenid=csmpnikuhlkqf0upmbg6peiag3
37,28,2,0,0,0,1,0,1,1,0,0,0,0,0,1,https://adminazizprovider.weebly.com/
42,34,2,0,0,2,1,0,0,1,0,0,0,0,0,1,http://joinchatgrupwhatsapp31.mrbonus.com/
41,19,2,0,0,0,1,0,1,1,2,0,0,0,0,0,https://en.hentaiheroes.com/wiki/Phishing
80,25,2,1,0,10,5,0,1,0,2,0,0,0,0,1,https://produkte-kommunizieren.de/mobile.de/fahrzeuge?id=2971069950&source=email
49,12,1,1,0,4,1,0,1,0,3,0,0,0,0,0,https://snapchat.com/questions/9992/release-notes
33,10,1,0,0,0,1,0,1,0,2,0,0,0,0,0,https://sexvid.xxx/explore/topics
21,14,2,0,0,0,1,0,0,1,0,0,0,0,0,1,http://via.bcpsms.vip
41,18,2,0,0,0,1,0,1,1,2,0,0,0,0,0,https://support.newegg.com/explore/topics
28,11,1,0,0,0,1,0,1,0,2,0,0,0,0,0,https://airasia.com/help/faq
98,20,4,1,1,0,5,0,0,0,3,0,0,0,0,1,http://alkalizingwaters.com/images/includes/index.php?-UserID&amp;userid=dawn.gaid@oregonstate.edu
48,10,1,1,0,0,1,0,1,0,3,0,0,0,0,0,https://musical.ly/questions/tagged/python-guide
22,14,1,0,0,0,1,0,0,0,0,0,0,0,0,1,http://hutoknepper.de/
41,17,3,0,0,0,2,0,0,1,1,0,0,0,0,1,http://glanexz.somee.com/adobezz_pdf.html
42,28,2,0,0,0,1,0,0,1,1,0,0,0,0,1,http://mytheamsauthecent.wapgem.com/index/
30,18,2,0,0,0,1,0,1,0,1,0,0,0,0,1,https://www.entraegypt.com/inc
19,11,2,0,0,0,1,0,1,0,0,0,0,0,0,0,https://www.tass.ru
61,15,3,2,0,5,1,0,1,2,3,0,0,0,0,0,https://blog.mega.co.nz/questions/83208/getting-started-guide
152,30,6,5,1,26,7,0,1,1,5,0,0,0,0,1,https://firebasestorage.googleapis.com/v0/b/outlook-3885a.appspot.com/o/ind.htm?alt=media&amp;token=4105b1b6-0fd8-4444-beb4-16d43c169c3a#aaaa@example.jp
59,11,1,3,0,0,1,0,1,0,3,0,0,0,0,0,https://abcnews.com/questions/tagged/how-to-implement-model
26,13,1,0,0,0,1,0,1,0,1,0,0,0,0,1,https://sonicaled.com/pdf/
46,16,2,1,0,0,1,0,1,1,2,0,0,0,0,0,https://en.ridibooks.com/topics/best-practices
196,16,2,0,0,76,7,0,0,0,3,1,0,0,0,1,http://marufulislam.com/update/autofix/login.php?email=&id=958bb10b2a41e5cf4c9f63a3dcb21001958bb10b2a41e5cf4c9f63a3dcb21001&session=958bb10b2a41e5cf4c9f63a3dcb21001958bb10b2a41e5cf4c9f63a3dcb21001
57,17,2,0,0,0,4,0,1,0,1,0,0,0,0,0,https://www.delicious.com/search?q=cybersecurity+research
56,23,2,0,0,0,1,0,1,0,3,0,0,0,0,1,https://taekwondocorrientes.org/voice/webmail/index.html
19,10,2,0,0,0,1,0,1,1,0,0,0,0,0,0,https://dnp.gov.co/
27,13,1,0,0,0,1,0,0,0,2,0,0,0,0,1,http://biobandit.com/yes/jk
40,13,1,1,0,0,1,0,1,0,2,0,0,0,0,0,https://ilgiornale.it/blog/release-notes
480,34,3,13,0,88,19,0,0,1,5,0,0,0,0,1,http://bravobeveiliging-my.sharepoint.com/personal/r_bouman_bravobeveiliging_nl/_layouts/15/doc.aspx?sourcedoc={b08d0520-a8dd-42bb-9835-d7443040243b}&amp;action=default&amp;slrid=42e0419f-d0d6-2000-2499-abccc0f12d96&amp;originalpath=ahr0chm6ly9icmf2b2jldmvpbglnaw5nlw15lnnoyxjlcg9pbnquy29tlzpvoi9nl3blcnnvbmfsl3jfym91bwfux2jyyxzvymv2zwlsawdpbmdfbmwvrwlbrmpirgrxthrdburywfjeqkfkrhncagzsmzdlvxnnvunhy01nt3hjvfjhqt9ydgltzt1tnfpnzzluudewzw&amp;cid=fe98a757-b1b6-4b37-b7b1-8a35d9a71c4e
38,16,2,0,0,0,2,0,0,0,2,0,0,0,0,1,http://www.turkmcse.com/home/_warning/
33,24,3,1,0,0,1,0,1,2,0,0,0,0,0,1,https://gov.hmrc.apply-rebate.uk/
65,34,2,5,0,0,1,0,0,1,1,0,0,0,0,1,http://paypal-helps-seller-ebay.gitlab.io/activity-seller-paypal/
51,32,2,1,0,0,1,0,0,1,3,0,0,0,0,1,http://ldireproprintingllc.for-more.biz/BDX/BDX/BDX
34,17,2,0,0,0,1,0,1,1,2,0,0,0,0,0,https://api.vanityfair.it/help/faq
44,22,2,0,0,0,1,0,1,1,1,0,0,0,0,1,https://storage.googleapis.com/bbsegcliente/
42,17,1,1,0,0,1,0,1,0,2,0,0,0,0,0,https://clients-cdnnow.ru/support/overview
29,20,2,0,0,0,1,0,1,1,0,0,0,0,0,1,https://cprodmasx.weebly.com/
59,21,3,1,0,4,1,0,0,1,4,1,0,0,0,1,http://regina.ninetendev.com/wp-admin/css/0001/security.php
43,18,1,0,0,0,2,0,1,0,3,0,0,0,0,1,https://martazancanaro.com/reca/No_cap/FBG/
31,14,2,0,0,0,1,0,1,0,2,0,0,0,0,0,https://www.claspws.tv/help/faq
65,17,3,1,0,1,1,0,1,0,3,0,0,0,0,1,https://sastobazaar4u.com/wp-includes/customize/sbcglobal.net.htm
46,10,2,1,0,6,1,0,1,1,4,0,0,0,0,0,https://en.usa.gov/news/2024/06/best-practices
105,22,3,1,0,3,7,0,0,0,5,1,0,0,0,1,http://cheaproomsvalencia.com/Paypal/Support/ID-NUMB967/myaccount/signin/?country.x=NL&amp;locale.x=en_NL
319,27,3,9,0,79,21,0,1,1,5,0,0,0,0,1,https://icipedudu-my.sharepoint.com/personal/mkaranja_icipe_org/_layouts/15/WopiFrame.aspx?guestaccesstoken=re27H63FLCklE8EZ9uJ3%20mbypFu8Te0J3ODTDaeiFlU=&amp;docid=1_1bdc33023238341e8b1471eb8a883076b&amp;wdFormId={24125711-8AD2-4CA2-BFD8-5B64DCC4E62D}&amp;action=formsubmit&amp;cid=62dab23f-06ce-4694-9418-59f6a55bb86c
255,10,3,4,0,53,13,0,0,0,8,1,0,0,0,1,http://zohard.com/.well-known/pki-validation/mod/unblockverification/customer_center/customer-IDPP00C963/signin/signin.php?cmd=_update-information&amp;account_update=8bfe6564c159ecdb0f5c9c99d22bd6ec&amp;lim_session=2a614b3226469913479da272232283badc187618
60,18,2,2,0,0,1,0,1,1,3,0,0,0,0,0,https://blog.deepl-cdn.com/questions/tagged/machine-learning
42,17,1,0,0,0,1,0,0,0,3,0,0,0,0,1,http://btiesolutions.com/images/logo/page/
35,27,2,2,0,0,1,0,0,1,0,0,0,0,0,1,http://it-services.my-free.website/
97,29,4,1,0,15,2,0,1,0,5,0,0,0,0,1,https://www.ikonikcommercialgroup.com/wp-includes/ID3/783498274001/sc0/adapter2adapter.ping.html?
200,13,2,0,0,68,10,0,1,0,2,1,0,0,0,1,https://bizcloudz.net/sa/login.php?cmd=login_submit&amp;id=ffb22b6758eee7f57057c22df8d05fabffb22b6758eee7f57057c22df8d05fab&amp;session=ffb22b6758eee7f57057c22df8d05fabffb22b6758eee7f57057c22df8d05fab
104,15,1,0,0,2,2,0,1,0,3,1,0,0,0,1,https://quickzone53.com/cgiebasdjwss/etdsayIrsSAPIdllSignUsingSSLUId&coetynerIdsiteidruhttpsytFsg/secure
36,13,2,0,0,0,1,0,1,0,2,0,0,0,0,0,https://www.amazon.se/explore/topics
68,14,2,1,1,1,3,0,0,0,3,0,0,0,0,1,http://drewchapin.com/wp-includes/Text/excelz2/?email=USER@DOMAIN.ch
22,13,2,0,0,0,1,0,1,1,0,0,0,0,0,1,https://ggdrop.com.ru/
200,11,4,0,0,19,10,0,1,1,1,0,0,0,0,1,https://t.umblr.com/redirect?z=https%3A%2F%2Fadsqwezxc.jadirameginikanz.com%2FjAmK013&amp;t=YjBmNzM2NDRmMzBiZjUyY2ZkOGIzNTJkMmRjYjI2NDg3YzIzZjU2Miw0YzJiYzdhYzBhYzNjZjg3ZTg4YzAzNDIzNGQ1M2Y5ZGI4YTJhYWVl
244,19,2,1,0,96,10,0,0,0,5,1,0,0,0,1,http://hindikavikssoni.com/wp-includes/Requests/Proxy/BOAlastestedit/login.php?cmd=login_submit&amp;id=e4d02d0e745a274112f96c92e3153614e4d02d0e745a274112f96c92e3153614&amp;session=e4d02d0e745a274112f96c92e3153614e4d02d0e745a274112f96c92e3153614
29,10,1,1,0,0,1,0,1,0,1,0,0,0,0,0,https://alicdn.com/contact-us
40,15,2,0,0,1,1,0,1,1,2,0,0,0,0,0,https://api.1cfresh.com/support/overview
72,19,2,2,0,0,1,0,0,0,5,1,0,0,0,1,http://cazanele-dunarii.ro/wp-content/themes/twentyfifteen/inc/Login.htm
33,15,1,0,0,0,1,0,0,0,2,0,0,0,0,1,http://gilleslekeu.com/OMACH/FBG/
246,68,6,0,0,50,12,0,0,5,3,0,0,0,0,1,http://ww17.paypal.com.05925924b730bb369f87ad369fde0ffbf74a3c2.33s3.smoz.us/sbg1xq3ekty%20xvtq/kfyqrsnjfked1r/rzchf6fugweaovinebpooamyfuo0ib61fmwqj2u0opkbvfrznitrw==&amp;gerf=3uyfjdsoil4lilwi5c6ma63xu%20h0jlq1wnniditpsxa=&amp;guro=phmbqulkusscrq/
99,15,2,1,0,11,2,0,1,1,5,0,0,0,0,1,https://docs.google.com/forms/d/e/1FAIpQLSdc49S2_XREFJvs76c2kt7gtyg9F6yuUtK1gdRMxeih-GtCFg/viewform
66,15,2,2,0,0,1,0,1,0,6,0,0,0,0,1,https://karim-gawad.com/wp-admin/css/colors/coffee/db/emiratee.htm
77,15,1,0,0,8,7,0,1,0,3,0,0,0,0,1,https://loansmumbai.com/Online/SunTrust/SunTrust/?_branch_match_id=3D7705093=
51,18,2,0,0,0,4,0,1,1,1,0,0,0,0,0,https://support.adjust.com/search?q=neural+networks
38,10,1,0,0,1,1,0,1,0,2,0,0,0,0,0,https://secb2b.com/category/technology
23,15,2,0,0,0,1,0,1,1,0,0,0,0,0,0,https://support.sweb.ru
37,10,2,0,0,0,1,0,1,0,2,1,0,0,0,1,https://tcmedia.pt/remitdoc/login.php
61,28,2,2,0,0,1,0,0,0,3,0,0,0,0,1,http://fashionphotographycourse.com/wp-admin/css/wp-admin.php
29,13,2,0,0,0,1,0,1,1,1,0,0,0,0,0,https://docs.espn.com/pricing
77,14,3,1,0,1,1,0,0,1,6,0,0,0,0,1,http://cecilweb.co.za/wp-content/plugins/backupwordpress/admin/Wm3/start.html
46,19,2,0,0,1,2,0,0,0,2,0,0,0,0,1,http://golfballsonline.com/html/4about_us.html
54,12,2,2,0,5,1,0,1,1,3,0,0,0,0,0,https://en.ui-dns.de/questions/35429/tutorial-overview
23,14,1,0,0,0,1,0,1,0,0,0,0,0,0,0,https://yellowpages.ca/
279,27,3,5,0,58,20,0,1,1,7,0,0,0,0,1,https://eliotecae-my.sharepoint.com/:x:/r/personal/subind_eliotec_ae/_layouts/15/WopiFrame.aspx?guestaccesstoken=R0CwyxEzu0u4QskHqLg4IUppG/8kb5p%20BD26C7pm5mg=&amp;docid=1_10a004d72e6c74e5da1a88324055cba4f&amp;wdFormId={0457694D-EA64-4327-9A31-BCE69CAE1542}&amp;action=formsubmit
31,20,2,0,0,1,1,0,1,0,1,0,0,0,0,1,https://www.truckcalling.com/0/
33,13,3,0,0,0,1,0,0,0,1,0,0,0,0,1,http://www.kiouh.com/category.php
222,13,11,0,1,0,11,0,1,0,8,0,0,0,0,1,https://rkdalmill.com/Employee/.main_pagemain_page/.quarantrineemails/.EmployeeExport/.main_pagemain_page/.emailquarantrine/.EmployeeExport.main_pagemain_page/.main_pagemain_page.quarantrineemails/?email=basutado@yahoo.com
50,17,2,0,0,0,4,0,1,1,1,0,0,0,0,0,https://en.samsunghrm.com/search?q=neural+networks
49,11,2,1,0,5,1,0,1,1,3,0,0,0,0,0,https://en.sport.ua/questions/82278/release-notes
238,19,3,1,0,60,8,0,1,0,6,1,0,0,0,1,https://www.maticcoupon.com/wp-includes/css/dips/chasemobilecode/chase/login.php?cmd=login_submit&id=b0edbaf2bad7fc32a64cca59a196b413b0edbaf2bad7fc32a64cca59a196b413&session=b0edbaf2bad7fc32a64cca59a196b413b0edbaf2bad7fc32a64cca59a196b413
33,21,2,1,0,0,1,0,1,1,1,0,0,0,0,1,https://majo.rssc-altitude.fr/me/
121,17,2,0,0,8,8,0,0,0,3,1,0,0,0,1,http://dearmomimokay.com/when/dren/user.php?cmd=login_submit&id=MTk2MDkzNTg4MTk2MDkzNTg4&session=MTk2MDkzNTg4MTk2MDkzNTg4
147,12,2,1,0,43,1,0,0,0,9,0,0,0,0,1,http://rohtolab.com/public/templates/mmp/web/-/DFHS6545TE1H87TRH132HF/1878DFE4RH8EQ4RH65E4FB65E44B6/9159bf1f317edc56a3dd2a60cb15c53f/conalation.php
133,30,5,5,0,24,6,0,1,1,5,0,0,0,0,1,https://firebasestorage.googleapis.com/v0/b/mail-850cf.appspot.com/o/ind.htm?alt=media&amp;token=913614ed-0f0e-4fee-a45a-e655fa899246
18,10,1,0,0,0,1,0,1,0,0,0,0,0,0,0,https://milfat.com
34,26,2,1,0,0,1,0,1,1,0,0,0,0,0,0,https://docs.manulife-sinochem.com
51,18,2,0,0,5,1,0,1,0,5,0,0,0,0,1,https://www.developsys.net/iud/font/jibi/c43098/en/
39,15,2,1,0,0,1,0,0,0,2,0,0,0,0,1,http://www.tonsing.net/plugin/wp-admin/
64,23,2,0,0,11,3,0,0,0,2,0,0,0,0,1,http://boraprafrentebra18k.com/mobile/carrinho.php?enc=257991770
52,28,4,1,0,9,1,0,0,3,4,0,0,0,0,1,http://u707453pis.ha004.t.justns.ru/envoi/N-/io/pin/
142,30,5,5,0,21,7,0,1,1,5,0,0,0,0,1,https://firebasestorage.googleapis.com/v0/b/woodtoday-ae8d3.appspot.com/o/index.html?alt=media&amp;token=539c3dcb-a9a4-462d-aae2-88fd6f76527e#
32,15,2,0,0,0,1,0,1,1,2,0,0,0,0,0,https://en.ertelecom.ru/help/faq
43,13,1,1,0,0,1,0,1,0,2,0,0,0,0,0,https://tlivepush.com/topics/best-practices
77,26,4,1,0,21,2,0,1,2,2,1,0,0,0,1,"https://secure.runescape.com-en.ru/m=forum/forums.ws496,547,913,43387776,1049"
123,7,2,1,0,1,5,0,0,0,7,0,0,0,0,1,http://hamt.jp/program/wp-content/themes/twentyfourteen/home/latampass/cadastro/?cli=Cliente&amp;/Ylg2UqcWyI/KwQWiBMuvn.php
56,28,2,2,0,3,1,0,0,1,2,0,0,0,0,1,http://microsoft-customers.ddns.net/office365-us/portal/
68,18,4,1,0,0,1,0,1,1,6,0,0,0,0,1,https://www.appindia.co.in/blog/wp-includes/pomo/home/uvic/uvic.html
47,14,3,0,0,1,1,0,1,0,3,0,0,0,0,0,https://metacritic.com/docs/3/urllib.parse.html
32,13,2,1,0,0,1,0,1,1,1,0,0,0,0,0,https://google.com.do/contact-us
114,49,4,1,0,2,1,0,1,3,5,0,0,0,0,1,https://verifica.n26.corporateportal.usareprivatedati.com/conto-corrente/impostazioni/sicurezza/verifica/identita/
61,20,2,1,0,0,1,0,1,0,6,0,0,0,0,1,https://www.extend-memory.eu/plugins/minify/lib/Minify/CSS/a/
51,14,2,2,0,0,1,0,1,0,2,0,0,0,0,0,https://www.mojang.com/topics/getting-started-guide
37,20,3,0,0,0,1,0,0,0,2,0,0,0,0,1,http://www.toancaupumps.com/BK/v.html
39,26,2,0,0,2,1,0,0,0,1,0,0,0,0,1,http://www.facturation90range.com/Orpai
49,20,2,1,0,0,1,0,0,1,2,0,0,0,0,0,http://en.dextrodedenda.top/topics/best-practices
113,15,2,0,0,11,5,0,1,1,5,0,0,0,0,1,https://docs.google.com/forms/d/e/1FAIpQLSddxXUiZJZhsEy8b0f57Yr4_19ycGrydH5V2edxgsK8cyrWpg/viewform?usp=send_form
38,19,1,0,0,0,1,0,0,0,1,0,0,0,0,1,http://wszystkowpolsce.fun/weryfikacja
81,17,2,0,0,24,2,0,0,0,5,0,0,0,0,1,http://www.definelife.me/pp/Adopju%20Icloud/p/xb/2185266aadae98f002016e352372bba8
99,18,1,5,0,0,1,0,0,0,6,1,0,0,0,1,http://nuportrobotics.com/files/logs/update-your-account-information/security-measure/log-in/signin
45,10,1,1,0,6,1,0,1,0,4,0,0,0,0,0,https://wixdns.net/news/2024/06/release-notes
59,33,5,1,0,4,1,0,1,2,2,0,0,0,0,1,https://www.santarder.com.access-0182.xyz/cliente/index.php
21,13,2,0,0,0,1,0,0,1,0,0,0,0,0,1,http://f.smssapp.com/
179,16,2,0,0,83,2,0,1,0,2,0,0,0,0,1,https://thegioisport.com/index/verification.php?sf58gfd1s689sxd2sdf8angf264s9df23sd2f1n495K3L2C151645172991f1477dbd26917ef3822423f62e984a91f1477dbd26917ef3822423f62e984a91f1477dbd
25,16,2,0,0,0,1,0,1,1,0,0,0,0,0,0,https://docs.huanqiu.com/
46,19,2,1,0,0,1,0,0,1,3,1,0,0,0,1,http://rcone.kvhkosher.org/wp-admin/css/login/
53,15,2,0,0,0,1,0,0,1,5,0,0,0,0,1,http://chiatena.zxy.me/resume/dir/auth/view/document/
84,17,2,1,0,6,2,0,0,0,5,1,0,0,0,1,http://espaceclientv1.fr/Notice/orange/customer_center/customer-IDPP00C879/login.php
51,21,2,1,0,0,1,0,0,1,2,0,0,0,0,0,http://support.pimpbunny.com/products/cloud-storage
45,16,2,0,0,0,1,0,1,1,2,0,0,0,0,0,https://api.cdnfonts.com/category/engineering
100,20,1,1,0,5,2,0,0,0,7,1,0,0,0,1,http://imagenesmentales.com/admin/update/Login/customer_center/customer-IDPP00C254/myaccount/signin/
40,13,1,0,0,0,1,0,1,0,2,0,0,0,0,0,https://reference.com/wiki/Cybersecurity
56,12,1,1,0,3,1,0,0,0,5,0,0,0,0,1,http://fnixasia.com/wp-includes/js/jcrop/Netflix/user764
89,26,2,0,0,16,1,0,1,0,3,0,0,0,0,1,https://leadershipauthoritypro.com/karfitalwan/4bf4a0ac75cfa308fd2b1f0a8db2c8a8/step1.php
53,22,2,1,0,0,1,0,1,0,2,0,0,0,0,0,https://www.shonenjumpplus.com/blog/tutorial-overview
21,12,1,1,0,0,1,0,1,0,0,0,0,0,0,1,https://csgo-navi.ru/
23,10,1,0,0,0,1,0,0,0,1,0,0,0,0,1,http://gmnepr.com/btele
20,11,2,0,0,0,1,0,1,1,0,0,0,0,0,0,https://dev.mufg.jp/
58,35,3,1,0,0,1,0,1,1,2,0,0,0,0,1,https://onedrivestoragedatayu.dns-cloud.net/Home/index.php
56,16,1,1,0,0,1,0,0,0,4,0,0,0,0,1,http://kimpatterson.net/wp-includes/requests/cookie/home
39,17,3,0,0,3,3,0,0,2,1,0,0,0,0,1,http://icloud.coms.my.id/find/?ID=cd377
17,9,1,0,0,0,1,0,0,0,0,0,0,0,0,1,http://dgeta.top/
42,19,2,0,0,1,1,0,0,0,1,0,0,0,0,1,http://netflxaccntsup7.com/alldetails.html
48,21,1,0,0,0,2,0,1,0,2,0,0,0,0,0,https://crazymaplestudios.com/wiki/Random_forest
22,14,1,1,0,0,1,0,0,0,0,0,0,0,0,1,http://antis-peru.com/
46,15,2,1,0,0,1,0,1,1,2,0,0,0,0,0,https://api.sorrisi.com/blog/tutorial-overview
36,22,1,0,0,0,1,0,0,0,1,0,0,0,0,1,http://dutadamaijawatengah.id/https/
51,16,1,0,0,0,1,0,1,0,3,0,0,0,0,1,https://bethesdaalur.org/dswrghh/trdgddhdh/zesshsh/
23,15,2,0,0,0,1,0,1,1,0,0,0,0,0,0,https://mybharat.gov.in
45,20,2,0,0,0,1,0,0,1,2,0,0,0,0,0,http://dev.trafficjunky.com/products/software
36,13,2,0,0,0,1,0,1,0,2,0,0,0,0,0,https://www.ziare.com/explore/topics
63,26,2,1,0,5,1,0,1,1,3,0,0,0,0,0,https://support.xvideosputaria.com/questions/26778/python-guide
86,15,2,1,0,0,1,0,0,0,7,0,0,1,0,1,http://ip-doorphone.ru//templates/protostar/css/server/coolingfan/greatadmin/index.php
265,27,3,1,0,52,19,0,1,1,5,0,0,0,0,1,https://ersfilter-my.sharepoint.com/personal/nradonich_ersfilter_com/_layouts/15/guestaccess.aspx?guestaccesstoken=6yWMLBQi9%2bSJfgzhADHvte2gYoWjf83IQBjRjehiK4s%3d&docid=1_135f7008dfbfa44e6b09dab0eb165b997&wdFormId=%7BE037F2D9%2D5DAA%2D4916%2DBA03%2DEB11D0AA6DEA%7D
83,22,2,1,0,5,2,0,0,0,4,1,0,0,0,1,http://www.preeteshevents.com/customer_center/customer-IDPP00C687/myaccount/signin/
108,11,2,5,0,36,1,0,0,0,4,0,0,0,0,1,http://atefnet.com/Instalation/Regionale-172-31-15-233-500/b183dee63189f0530c789e99a521437d/Informations.php
48,10,1,1,0,5,1,0,1,0,3,0,0,0,0,0,https://zalando.nl/questions/27319/release-notes
28,19,2,1,0,0,1,0,1,1,0,0,0,0,0,1,https://fgoten-mole.web.app/
17,9,1,0,0,0,1,0,1,0,0,0,0,0,0,0,https://wixmp.com
49,16,4,0,0,1,1,0,1,1,3,0,0,0,0,0,https://docs.wikidot.com/docs/3/urllib.parse.html
56,20,2,0,0,0,1,0,0,0,4,0,0,0,0,1,http://viajesytoursperu.com/company/Poweqook/a/index.php
31,12,2,1,0,1,1,0,1,1,1,0,0,0,0,0,https://docs.rs6.net/contact-us
55,19,3,0,0,0,1,0,0,1,3,0,0,0,0,1,http://amigosdonero.com.br/cctvprojectview/nD/index.php
53,17,1,0,0,1,4,0,1,0,1,0,0,0,0,0,https://privatesocks5.com/search?q=python+programming
72,26,1,0,0,25,1,0,1,0,2,0,0,0,0,1,https://connectneueverbindung03.de/89488a0175213e71c676bd0f18dae981/info
34,11,1,0,0,0,1,0,1,0,2,0,0,0,0,0,https://janeapp.com/explore/topics
46,12,2,1,0,0,1,0,1,1,2,1,0,0,0,0,https://docs.lc.chat/category/security-updates
47,10,2,2,0,0,1,0,1,0,2,0,0,0,0,0,https://www.bc.edu/topics/getting-started-guide
22,14,2,0,0,0,1,0,1,1,0,0,0,0,0,0,https://docs.rkdms.com
37,13,2,0,0,0,1,0,0,1,2,0,0,0,0,0,http://docs.kpmg.com/support/overview
43,20,2,0,0,0,1,0,1,1,2,0,0,0,0,0,https://support.operacdn.com/explore/topics
23,14,2,0,0,0,1,0,1,0,0,0,0,0,0,0,https://www.dotomi.com/
174,14,2,2,0,43,10,0,1,0,6,0,0,0,0,1,https://elvin-trade.kz/admin/model/site-verification:google6ed919c64c88a3d9/home/myaccount/vbv.php?websrc=ad3a9d2b11e818978d5ef36c7b424686&amp;dispatched=84&amp;id=1525923727
45,11,2,0,0,0,4,0,1,0,1,0,0,0,0,0,https://www.sex.com/search?q=machine+learning
58,11,3,1,0,0,1,0,0,0,4,1,0,0,0,1,http://vanprint.am/wp-admin/includes/Alibaba.com/Login.htm
80,23,3,0,0,0,1,0,0,0,6,0,0,0,0,1,http://www.filedunderfaith.com/libraries/cms/version/webmail/webmail/WebMail.php
24,10,1,0,0,0,1,0,1,0,1,0,0,0,0,0,https://gapgpt.app/about
46,19,3,0,0,0,1,0,0,1,2,0,0,0,0,1,http://ftp.lesterandco.com/palermo/sections.js
37,13,1,0,0,0,1,0,0,0,2,0,0,0,0,0,http://statuspage.io/support/overview
45,17,2,0,0,0,1,0,1,1,2,0,0,0,0,0,https://docs.createjs.com/category/technology
52,25,1,0,0,0,1,0,0,0,4,0,0,0,0,1,http://everestwebdevelopment.com/bag/php/gdikl/daum/
53,14,2,1,0,6,1,0,1,1,4,0,0,0,0,0,https://dev.oxylabs.io/news/2024/06/tutorial-overview
59,17,2,0,0,9,3,0,1,0,2,0,0,0,0,1,https://daidopresente.com/mobile/carrinho.php?enc=141335627
54,14,4,0,0,0,1,0,0,1,3,0,0,0,0,1,http://crosplat.co.uk/dan/bankofamerica.com/empass.php
22,15,3,0,0,12,1,1,0,0,0,0,0,0,0,1,http://200.129.154.179
46,7,1,1,0,5,1,0,1,0,3,0,0,0,0,0,https://bip.com/questions/92729/best-practices
48,15,1,0,0,0,1,0,1,0,3,0,0,0,0,1,https://loansmumbai.com/Online/SunTrust/SunTrust
63,10,1,0,0,23,1,0,1,0,3,0,0,0,0,1,https://fareast.qa/wp/onedrive/e729c70c0cb68c19354389f6626543ab
259,34,3,3,0,97,10,0,0,1,4,1,0,0,0,1,http://bank-of-america-secure00.dns05.com/boa/c66f4400c66259105a6f2cda99cc5f41/view/login.php?cmd=login_submit&amp;id=64ba2a0bef245a28b746c32b0aa04fc164ba2a0bef245a28b746c32b0aa04fc1&amp;session=64ba2a0bef245a28b746c32b0aa04fc164ba2a0bef245a28b746c32b0aa04fc1
272,34,3,1,0,64,20,0,1,1,5,0,0,0,0,1,https://bodegalatinacorp-my.sharepoint.com/personal/074mgr_fiestamart_com/_layouts/15/guestaccess.aspx?guestaccesstoken=3Grgt23N7UrWsPwoVYG%2fpgNclWFm%2fWM02MSIfjJi33c%3d&docid=1_19b5c1e8433ba428ea23af4127d608ec4&wdFormId=%7B7D1E10AA%2D4F8B%2D418E%2DAD7E%2D65B1625B2140%7D
52,13,1,2,0,6,1,0,1,0,4,0,0,0,0,0,https://ero-video.net/news/2024/06/tutorial-overview
89,22,3,4,0,0,1,0,0,0,3,1,0,0,0,1,http://mitrasolusiseragam.com/wellsfargo.com-update/wells-fargo-security-update/login.php
36,23,2,1,0,0,1,0,1,0,1,0,0,0,0,1,https://www.tiscali-rimborso.it/log/
41,18,2,0,0,0,1,0,1,1,2,0,0,0,0,0,https://support.ssiloc.com/explore/topics
32,15,2,1,0,0,1,0,1,1,2,0,0,0,0,0,https://blog.mtu-net.ru/help/faq
64,17,2,3,0,0,1,0,0,1,3,0,0,0,0,0,http://support.eater.com/questions/tagged/how-to-implement-model
27,18,2,1,0,1,1,0,1,1,0,0,0,0,0,1,https://edu-canet2.web.app/
36,11,2,0,0,0,1,0,1,0,2,0,0,0,0,0,https://www.dol.gov/support/overview
35,19,2,0,0,0,1,0,1,1,1,0,0,0,0,0,https://support.priceoye.pk/pricing
27,14,2,0,0,0,1,0,0,1,1,0,0,0,0,0,http://api.glosbe.com/about
39,11,2,1,0,0,1,0,1,0,2,0,0,0,0,0,https://www.cvut.cz/topics/python-guide
96,17,2,0,0,24,1,0,0,0,7,1,0,0,0,1,http://www.toquedsol.com/img/scenes/thumbs/worldwide/ww/update/624ec1c881656ee6418604df2928494b/
519,36,5,4,0,359,2,0,0,1,3,1,0,0,0,1,http://denser-recognition.000webhostapp.com/BOAFULL3/1/update.php?login/sign-in/signOnV2Screen.go/help/faqs/log/info.htm7361696e74726574726f73746f72652e6964-7361696e74726574726f73746f72652e6964-7361696e74726574726f73746f72652e69647361696e74726574726f73746f72652e69647361696e74726574726f73746f72652e69647361696e74726574726f73746f72652e69647361696e74726574726f73746f72652e69647361696e74726574726f73746f72652e69647361696e74726574726f73746f72652e69647361696e74726574726f73746f72652e69647361696e74726574726f73746f72652e69644
44,16,1,0,0,3,1,0,1,0,2,0,0,0,0,1,https://plattformno1.com/css/Supports2az2saz
330,23,5,2,1,55,32,0,1,1,1,0,0,0,0,1,https://hndoficialmexico.com.mx/etfoqlcp6e4i83v0ls4yzgip.php?client_id=F58DA4A9C28C42A6D5414E3B87605D2F&response_mode=form_post&response_type=code+id_token&scope=openid+profile&email=info@premierbites.co.uk&Connect_Authentication_Properties&&nonce=443092833f58da4a9c28c42a6d5414e3b87605d2f&redirect_uri=&ui_locales=en-US&mkt=en-US
29,15,2,0,0,0,1,0,1,1,1,0,0,0,0,0,https://support.fly.dev/about
54,16,2,1,0,0,1,0,1,1,3,0,0,0,0,0,https://lloydsbank.co.uk/questions/tagged/python-guide
56,14,2,1,0,6,1,0,0,0,5,0,0,0,0,1,http://merajunisa.com/wp-content/uploads/2019/02/en.html
285,34,5,3,0,80,10,0,1,0,5,1,0,0,0,1,https://diagnosticandstatisticalmanual.org/includes/css/https.wellsfargo.com.home/wells-fargo-security-update/login.php?cmd=login_submit&amp;id=348607d3bcfcb99c2c7274f0e3f3e299348607d3bcfcb99c2c7274f0e3f3e299&amp;session=348607d3bcfcb99c2c7274f0e3f3e299348607d3bcfcb99c2c7274f0e3f3e299
47,18,2,1,0,0,1,0,0,0,3,0,0,0,0,1,http://gv-arquitectos.com/themes/seven/wait.php
44,14,3,0,0,0,1,0,0,1,2,0,0,0,0,1,http://crosplat.co.uk/dan/bankofamerica.com/
296,17,3,8,0,83,29,0,1,1,1,0,0,0,0,1,https://onedrive.live.com/redir?resid=85C38EC07AA8C9EB%21104&amp;authkey=%21AKFBbHbPqJalrAg&amp;page=Edit&amp;wd=target%28King%20Plastic%20Corporation.one%7C74227ab3-5b67-4fed-aee8-c6ec5625e330%2FMichael%20Fabbri%20has%20shared%20a%20file%20with%20you%7C5ea49da5-4656-4a44-a813-5b186327c32f%2F%29
48,14,2,2,0,0,1,0,1,0,2,0,0,0,0,0,https://www.dpboss.tax/scikit-learn/scikit-learn
50,17,4,0,0,1,1,0,1,0,3,0,0,0,0,0,https://www.dropcatch.com/docs/3/urllib.parse.html
52,18,2,1,0,6,1,0,1,0,4,0,0,0,0,0,https://www.dondominio.com/news/2024/06/python-guide
41,15,1,1,0,0,1,0,1,0,2,0,0,0,0,0,https://ad-delivery.net/products/software
33,8,2,0,0,0,1,0,1,0,2,0,0,0,0,0,https://www.t.me/support/overview
42,18,2,0,0,0,1,0,0,0,2,0,0,0,0,0,http://www.maticooads.com/support/overview
62,14,1,0,0,19,1,0,0,0,2,0,0,0,0,1,http://pstratiinc.com/shellz/09b69adcd7cbae914c6204984097d2da/
26,18,2,0,0,0,1,0,1,1,0,0,0,0,0,0,https://docs.europepmc.org
57,31,2,2,0,1,2,0,1,1,2,0,0,0,0,1,https://ams-business-7.hostwindsdns.com/~tupxyyaq/netflix
26,11,1,0,0,1,1,0,1,0,1,0,0,0,0,1,https://hideuri.com/xdLz3V
46,8,1,1,0,6,1,0,1,0,3,0,0,0,0,0,https://ov1o.com/questions/42889/release-notes
54,19,1,1,0,6,1,0,1,0,4,0,0,0,0,0,https://betterstackdata.com/news/2024/06/release-notes
48,41,5,0,0,5,1,0,0,4,0,0,0,0,0,1,http://resgateseuspontos.com.br.co25359.tmweb.ru
39,11,2,0,0,6,1,0,1,0,1,0,0,0,0,1,https://novapack.cl/.040hmrcletters040/
80,16,1,0,0,23,1,0,1,0,3,0,0,0,0,1,https://luv2redesign.com/admin/OneDrive1Master/7711defc833e534bd2e76358e10ec522/
42,19,2,1,0,4,1,0,0,0,1,0,0,0,0,1,http://netflx14-inf0s8.com/alldetails.html
119,25,2,2,0,11,8,0,1,1,5,0,0,0,0,1,https://issa365-my.sharepoint.com/:b:/g/personal/gayle_issa_com/EXZKHyNDpmNLkwqqX7aIm38B7-aPg_sR1mfS8RBKsmR0Jg?e=Gamj2I
46,17,2,1,0,0,1,0,1,1,2,0,0,0,0,0,https://blog.twingate.com/topics/release-notes
57,20,3,1,0,4,1,0,1,2,3,0,0,0,0,0,https://docs.greenend.org.uk/questions/3673/release-notes
47,24,3,0,0,0,1,0,1,1,2,0,0,0,0,1,https://jobs.atlantalegalaid.org/chem/amec.html
21,12,2,0,0,0,1,0,1,1,0,0,0,0,0,0,https://api.epey.com/
25,16,1,0,0,0,1,0,1,0,0,0,0,0,0,1,https://sharkgiveaway.ga/
255,26,2,0,0,88,10,0,1,0,3,1,0,0,0,1,https://leadershipauthoritypro.com/karfitalwan/4bf4a0ac75cfa308fd2b1f0a8db2c8a8/step2.php?cmd=login_submit&amp;id=0a54db4df929475b1dfc79e49f4c71ca0a54db4df929475b1dfc79e49f4c71ca&amp;session=0a54db4df929475b1dfc79e49f4c71ca0a54db4df929475b1dfc79e49f4c71ca
29,17,2,0,0,0,1,0,1,1,1,0,0,0,0,1,https://construpir.com.br/App
55,19,2,1,0,5,1,0,0,1,3,0,0,0,0,0,http://blog.torproject.org/questions/68702/python-guide
42,16,2,0,0,0,1,0,1,1,2,0,0,0,0,0,https://api.proxyium.com/category/research
33,24,2,0,0,11,1,0,1,1,0,0,0,0,0,1,https://5eab39a111b48.site123.me/
17,9,1,0,0,1,1,0,1,0,0,0,0,0,0,0,https://dnse0.com
27,13,3,0,0,0,1,0,1,2,1,0,0,0,0,0,https://docs.mk.co.kr/about
86,18,3,3,0,0,1,0,1,1,6,0,0,0,0,1,https://www.planwise.co.za/wp-content/plugins/jet-theme-core/includes/dashboard/chase/
48,14,1,2,0,0,1,0,1,0,2,0,0,0,0,0,https://realsimple.com/scikit-learn/scikit-learn
45,11,1,1,0,6,1,0,1,0,4,0,0,0,0,0,https://litgorod.ru/news/2024/06/python-guide
21,13,1,1,0,2,1,0,1,0,0,0,0,0,0,0,https://awsdns-03.com
26,17,2,0,0,0,1,0,1,1,0,0,0,0,0,0,https://api.globalnews.ca/
42,9,1,1,0,1,1,0,1,0,2,0,0,0,0,0,https://g2nft.com/products/analytics-suite
118,28,1,0,0,7,1,0,1,0,2,0,0,0,0,1,https://drcorreamejoresimplantes.com/wave/7gxxhVbQtU3VmAUCY6VXVSlfYArKGkvOA2lSYxJsrNnOnhqmnmjjfFzdg0XWltLWw7OvEyX6llU/
44,10,2,0,0,1,4,0,1,0,1,0,0,0,0,0,https://www.g2.com/search?q=machine+learning
47,13,3,1,0,0,1,0,1,1,2,1,0,0,0,0,https://www.sh.gov.cn/category/security-updates
36,20,1,0,0,0,1,0,1,0,1,0,0,0,0,0,https://firebasedatabase.app/pricing
148,12,2,2,0,14,6,0,0,0,3,0,0,0,0,1,http://jlgraphic.fr/js/wepmail00/firstlog.php?public/enroll/IdentifyUser-aspx-LOB=RBGLogon=NjQ2ODg5ODk5NjQ2ODg5ODk5&session=NjQ2ODg5ODk5NjQ2ODg5ODk5
28,21,2,0,0,0,1,0,0,1,0,0,0,0,0,1,http://seregaperm.beget.tech
36,19,2,0,0,0,1,0,1,1,2,0,0,0,0,0,https://api.mandmdirect.com/help/faq
38,24,2,0,0,0,1,0,1,1,1,0,0,0,0,0,https://blog.creativecommons.org/about
43,16,1,1,0,0,1,0,0,0,3,0,0,0,0,1,http://jessenewhart.com/wp-admin/user/chase
28,14,2,0,0,0,1,0,1,1,1,0,0,0,0,0,https://en.obsidian.md/about
39,31,2,0,0,3,1,0,0,1,0,0,0,0,0,1,http://materialesarq.000webhostapp.com/
53,17,2,3,0,0,1,0,1,0,2,0,0,0,0,0,https://www.kinogo.online/blog/how-to-implement-model
29,11,1,1,0,0,1,0,1,0,1,0,1,0,0,1,https://tinyurl.com/sdi-latex
67,14,3,1,0,0,1,0,0,0,5,1,0,0,0,1,http://www.minagi.org/bank/bankofamerica/login/sign-in/process.html
72,11,2,0,0,0,1,0,0,0,8,0,0,0,0,1,http://hailufu.com/vendor/phpunit/phpunit/src/Util/Log/json.dir/onedrive
45,22,2,0,0,0,1,0,1,0,2,0,0,0,0,0,https://www.royalcaribbean.com/explore/topics
49,16,4,0,0,1,1,0,1,1,3,0,0,0,0,0,https://dev.mixcloud.com/docs/3/urllib.parse.html
28,11,2,0,0,0,1,0,1,0,2,0,0,0,0,0,https://www.gala.de/help/faq
44,13,5,0,0,10,1,1,0,0,2,1,0,0,0,1,http://176.119.1.180/dotpay/login.ingbank.pl
98,13,1,12,0,9,1,0,1,0,1,0,0,0,0,1,https://southfreak.cc/vinaya-vidheya-rama-2019-telugu-movie-720p-hdrip-1-4gb-google-drive-download
89,27,2,0,0,21,1,0,0,0,2,0,0,0,0,1,http://www.bombayelectricstore.com/tpgtelecomcyberstore/a338715436d0451cf43efdd8439de0c1/
39,24,2,1,0,4,3,0,1,1,0,0,0,0,0,1,https://sgozq-alternate.app.link/?1234=
171,17,1,2,0,38,9,0,0,0,6,1,0,0,0,1,http://lucidfestival.com/wp-admin/network/icl/oud/setA/app/?app=login-detail&amp;session=8822aa2bc697d6e857f7d3e24fc434ae&amp;wait=f9ceff24d5fadc464aeb44c0c965a2d5e69c32bf
53,16,2,1,0,5,1,0,1,0,3,0,0,0,0,0,https://www.cheqzone.com/questions/99784/python-guide
34,26,2,0,0,0,1,0,0,1,0,0,0,0,0,1,http://myetherwallet.keynasty.com/
136,30,5,4,0,28,6,0,1,1,5,0,0,0,0,1,https://firebasestorage.googleapis.com/v0/b/userms345y57e.appspot.com/o/ind.htm?alt=media&amp;token=2bed9861-6910-4a2f-9075-d3d11dd952d1
105,29,2,9,0,8,1,0,1,1,4,0,0,0,0,1,https://observatoriodeourofino.com.br/2019/06/28/sicoob-credivass-promove-o-dia-de-cooperar-em-ouro-fino/
121,22,1,0,0,36,1,0,0,0,9,0,0,0,0,1,http://electroopticalcomp.com/bdtyo1n/q171f3i/j0ace0r/n51b7c/e1tq/bo4haj/b9ma8z/brx5zrq/8759d2182a0b5653ff4e070de3299ffc/
192,16,2,4,0,33,12,0,0,0,5,1,0,0,0,1,http://smartraining.org/wp-admin/portal/signin/D05E3MB676/verification-signin.php?section=signinpage&amp;update=&amp;cookies=ID-1A9M76BD27-4f298119e522ba3cf902ac88cb80e913&amp;destination=HOME
32,25,2,0,0,0,1,0,0,1,0,0,0,0,0,1,http://trbetasusgir.blogspot.com
59,17,2,1,0,5,1,0,1,1,3,0,0,0,0,0,https://blog.autodesk.com/questions/80064/tutorial-overview
105,14,3,3,0,1,1,0,0,0,8,1,0,0,0,1,http://rf-hospital.ir/administrator/templates/hathor/js/wells/wellsfargo.com-security-update/v3/login.php
36,8,2,1,0,0,1,0,1,1,2,0,0,0,0,0,https://en.is.fi/topics/python-guide
40,12,1,1,0,4,1,0,1,0,2,0,0,0,0,0,https://1024tera.com/blog/best-practices
124,24,2,2,0,6,9,0,1,1,5,0,0,0,0,1,https://tekoma-my.sharepoint.com/:o:/g/personal/jglorie_cryonorm_com/EkKk_u3bn1pIllAzGyJIo1oBt6TRaNZ2_nrTiHKiV1tW-Q?e=ksIEcu
283,32,3,5,0,63,18,0,1,1,5,0,0,0,0,1,https://livestudentccc-my.sharepoint.com/personal/kburns34_student_ccc_edu/_layouts/15/WopiFrame.aspx?guestaccesstoken=DXgVw0a759xY7m OAj1jebId9cp8Pz14gqNRaxyOatI=&amp;docid=1_164716c7b57304207a2756c32a07d35b8&amp;wdFormId={BB2FC794-936D-4F89-A381-46749C08C6F7}&amp;action=formsubmit
25,9,1,0,0,1,1,0,0,0,2,0,0,0,0,1,http://sonnex.ir/eview/s3
43,18,1,1,0,3,1,0,1,0,1,0,0,0,0,1,https://brussel-airport.be/c8ujaqqwmj06clrp
68,19,3,1,1,0,3,0,1,1,3,1,0,0,0,1,https://rcone.kvhkosher.org/wp-admin/css/login/?email=USER@DOMAIN.ch
53,20,4,0,0,1,1,0,1,1,3,0,0,0,0,0,https://support.connectad.io/docs/3/urllib.parse.html
34,25,1,0,0,0,1,0,1,0,0,0,0,0,0,1,https://challengedcreditautos.com/
33,10,1,0,0,0,1,0,1,0,2,0,0,0,0,0,https://tubidy.llc/explore/topics
41,14,2,0,0,0,2,0,1,1,2,0,0,0,0,0,https://api.iranjib.ir/wiki/Random_forest
45,14,1,2,0,0,1,0,1,0,2,0,0,0,0,0,https://zi-scripts.com/products/cloud-storage
36,17,1,1,0,0,1,0,1,0,1,0,0,0,0,0,https://growcdnssedge.com/contact-us
32,16,3,0,0,0,1,0,0,0,1,0,0,0,0,1,http://www.prosignum.sk/karo.htm
36,13,2,0,0,0,1,0,1,1,2,0,0,0,0,0,https://google.com.bh/explore/topics
47,7,1,0,0,5,2,0,1,0,2,0,0,0,0,1,https://1drv.ms/w/s!ApD3vYavbH21aR0iAmsLDDeaaWA
25,11,1,0,0,0,1,0,1,0,1,0,0,0,0,1,https://hipolink.me/Stist
48,14,1,2,0,0,1,0,1,0,2,0,0,0,0,0,https://bankbazaar.com/scikit-learn/scikit-learn
78,18,1,6,0,1,1,0,0,0,2,1,0,0,0,1,http://nationwide-com.com/nationwide-banking/nationwide-banking-credit-card-3/
29,17,2,0,0,0,1,0,0,1,1,0,0,0,0,1,http://vufd.hyperphp.com/amzn
38,19,2,1,0,0,1,0,1,1,1,0,0,0,0,0,https://en.freejobalert.com/contact-us
29,10,1,1,0,0,1,0,1,0,1,0,0,0,0,0,https://instiz.net/contact-us
42,17,2,1,0,0,1,0,0,0,2,0,0,0,0,1,http://skgfiltration.com/.well-known/page/
53,15,2,0,0,3,1,0,0,0,3,0,0,0,0,1,http://phreshphoto.com/Parppea/ourtime123/ourtime.php
40,12,1,1,0,0,1,0,1,0,2,0,0,0,0,1,https://tramchim.net/httttpss/client-sk/
328,33,3,9,0,68,20,0,1,1,5,0,0,0,0,1,https://atriumlandscape-my.sharepoint.com/personal/sue_atriumlandscape_com/_layouts/15/WopiFrame.aspx?guestaccesstoken=nrG8nkxnKyJi2axm9efeKdi62u6cuvRsxCypZFZ9jaY=&amp;docid=1_10932d3dd2ac2478f833ee56388ecb767&amp;wdFormId={FAEBEC1D-BC38-42BF-BE94-47EBB62D7501}&amp;action=formsubmit&amp;cid=06548627-9647-42de-a0c7-75a424aaacde
41,15,2,0,0,0,1,0,1,1,2,0,0,0,0,0,https://docs.python.org/products/software
174,15,2,4,0,0,14,0,0,0,4,0,0,0,0,1,http://alsapan-epi.com/wp-admin/user/chase/firstlog.php?public/enroll/IdentifyUser-aspx-LOB=RBGLogon=MTIyNTEyOTYxOQ==MTIyNTEyOTYxOQ==&session=MTIyNTEyOTYxOQ==MTIyNTEyOTYxOQ==
48,16,2,1,0,0,1,0,0,0,2,0,0,0,0,0,http://www.rawstory.com/products/analytics-suite
31,17,2,0,0,0,1,0,1,0,1,0,0,0,0,0,https://www.amazonaws.com/about
38,13,2,0,0,0,1,0,1,0,2,0,0,0,0,0,https://www.vinted.fr/support/overview
45,12,2,1,0,0,1,0,0,1,2,1,0,0,0,0,http://api.iaea.org/category/security-updates
55,30,2,1,0,0,2,0,1,1,0,0,0,0,0,1,https://bcpzonasegurabetavia.sbcp.info/#/iniciar-sesion
39,16,2,1,0,1,1,0,0,0,2,0,0,0,0,1,http://www.thenine9.com/wp-admin/wells/
299,21,1,2,0,49,31,0,1,0,9,0,0,0,0,1,https://yourfitnesscorner.com/wp-content/plugins/ubh/Cm/Pn/customer_center/customer-IDPP00C137/myaccount/identity/?1264331ec8618cf775a6ae105a223ec6&amp;amp&amp;amp&amp;amp&amp;amp&amp;amp&amp;amp&amp;amp&amp;amp&amp;amp&amp;amp&amp;cmd=_session=&amp;dispatch=cbf17d287eed633ea2a4742c98b0dd11c55c2d9b
53,11,2,1,0,6,1,0,1,1,3,0,0,0,0,0,https://blog.r2.dev/questions/35157/tutorial-overview
80,17,2,2,0,1,1,0,1,0,6,1,0,0,0,1,https://aberturasagma.com/wp-includes/css/file/0nfile/oneddrive/login-option.php
64,21,2,1,0,0,1,0,1,1,3,0,0,0,0,0,https://support.pushwoosh.com/questions/tagged/tutorial-overview
31,19,2,0,0,0,1,0,0,0,1,0,0,0,0,1,http://www.fresleitlie.com/sdbl
36,14,3,0,0,0,1,0,1,2,2,0,0,0,0,0,https://en.espn.com.mx/wiki/Phishing
58,23,2,2,0,0,1,0,1,1,2,0,0,0,0,0,https://blog.thomsonreuters.com/blog/getting-started-guide
58,16,2,2,0,5,1,0,1,0,3,0,0,0,0,0,https://www.kas-labs.com/questions/81404/tutorial-overview
23,14,1,0,0,0,1,0,1,0,0,0,0,0,0,1,https://haslkdokdm.com/
48,14,2,2,0,0,1,0,1,0,2,0,0,0,0,0,https://www.hbomax.com/scikit-learn/scikit-learn
70,45,4,1,0,0,1,0,1,3,2,0,0,0,0,1,https://bcpzonasegurabeta.viabcp.com.rcginsurance.com/m/iniciar-sesion
17,9,1,0,0,0,1,0,1,0,0,0,0,0,0,0,https://redwap.me
25,10,1,0,0,2,1,0,1,0,1,0,1,0,0,1,https://rebrand.ly/ir3td8
65,15,1,0,0,0,1,0,1,0,5,0,0,0,0,1,https://alraufgroup.com/pp/wellsfargo/home/myaccount/emailaccess/
70,13,3,2,1,0,3,0,0,0,2,0,0,0,0,1,http://in-artroom.ru/wp-admin/upgrade./?email=lcmunoz@prepaidlegal.com
51,18,4,0,0,1,1,0,1,1,3,0,0,0,0,0,https://blog.liberation.fr/docs/3/urllib.parse.html
88,12,6,0,1,0,3,0,0,0,3,0,0,0,0,1,http://remycare.com/wetransfer/wetransfer/index.php?email=robert.belkin@mwra.state.ma.us
84,21,3,0,0,16,1,0,1,0,2,0,0,0,0,1,https://www.danielescivoli.it/tpgtelecomcyberstore./af20b2cc886e47bd288ccfad379ece33
56,21,2,0,0,0,1,0,0,0,4,0,0,0,0,1,http://www.livingwagenyc.org/files/poster/scan/pdfonline
45,15,1,0,0,0,4,0,1,0,1,0,0,0,0,0,https://intercomcdn.com/search?q=data+science
45,13,1,1,0,0,1,0,0,0,4,0,0,0,0,1,http://fincomsal.com/wp-admin/vx/webmail/page
16,9,1,0,0,1,1,0,0,0,0,0,0,0,0,0,http://sport1.de
30,13,2,0,0,0,1,0,1,1,2,0,0,0,0,0,https://docs.guard.io/help/faq
70,20,2,0,0,0,1,0,0,0,6,1,0,0,0,1,http://doonglobalschool.org/js/source/log/linkedin/Linkedin/SignIn.php
64,21,2,3,0,6,1,0,1,1,4,0,0,0,0,0,https://docs.network-auth.com/news/2024/06/getting-started-guide
22,13,1,0,0,0,1,0,1,0,0,0,0,0,0,0,https://adspend.space/
91,24,3,1,0,0,1,0,1,1,6,0,0,1,0,1,https://arks.ganeshasolutionz.in//wp-includes/fonts/Language/Language/Caption//Initials.htm
52,25,2,2,0,0,2,0,1,1,0,0,0,0,0,1,https://help-recovery-pages.my.id/?/Confirmationpage
43,14,2,0,0,1,1,0,1,0,3,1,0,0,0,1,https://thanhlytot.com/1a/WestPax/login.php
45,11,2,1,0,0,1,0,1,1,2,1,0,0,0,0,https://api.alz.org/category/security-updates
102,15,5,2,0,6,1,0,1,1,8,1,0,0,0,1,https://adart.krakow.pl/wp-content/uploads/2018/12/navy/navyfederal.org-login/navyfederal.org/full.php
21,12,1,0,0,0,1,0,1,0,0,0,0,0,0,1,https://magicset.top/
34,15,2,1,0,1,1,0,1,1,1,0,0,0,0,0,https://dev.2miners.com/contact-us
21,6,1,0,0,2,1,0,0,0,1,0,1,0,0,1,http://bit.ly/2PZpn5K
88,21,3,1,0,0,1,0,0,0,7,0,0,0,0,1,http://www.aegisredmedia.com/wp-content/plugins/sid/engl/WeTransfer/WeTransfer/index.php
49,16,2,0,0,0,4,0,1,1,1,0,0,0,0,0,https://dev.decathlon.de/search?q=neural+networks
42,23,2,1,0,0,1,0,1,1,1,0,0,0,0,0,https://support.bbcgoodfood.com/contact-us
47,9,1,0,0,5,4,0,0,0,1,0,0,0,0,1,http://cap114.fr/pa/?sec=Taskia%20Schwerdtfeger
24,16,1,0,0,0,1,0,1,0,0,0,0,0,0,0,https://buymeacoffee.com
47,20,2,1,0,0,1,0,1,0,2,0,0,0,0,0,https://www.shopeemobile.com/blog/release-notes
46,20,2,0,0,0,1,0,1,1,2,0,0,0,0,0,https://api.jigsawplanet.com/category/research
45,11,1,0,0,0,2,0,1,0,2,0,0,0,0,0,https://mogujie.com/wiki/Network_architecture
46,13,2,1,0,0,1,0,1,1,2,0,0,0,0,0,https://blog.aafp.org/topics/tutorial-overview
50,16,2,3,0,0,1,0,1,1,2,0,0,0,0,0,https://api.e-hentai.org/scikit-learn/scikit-learn
51,17,2,2,0,0,1,0,1,0,2,0,0,0,0,0,https://www.mynetname.net/scikit-learn/scikit-learn
42,8,1,1,0,1,1,0,1,0,2,1,0,0,0,0,https://game8.jp/category/security-updates
157,15,3,0,0,24,8,0,0,0,4,1,0,0,0,1,http://profelectrik.ru/update/e96288debace15316498395a8aac112fZjZmYmEzOGU3NTYyZWVkZjJmNTk2YWY2YmZmZDk5ODM=/myaccount/websc_login/?country.x=US&locale.x=en_US
47,14,2,0,0,0,2,0,1,0,2,0,0,0,0,0,https://www.wpsdns.com/wiki/Logistic_regression
132,15,2,2,0,8,5,0,0,0,2,0,0,0,0,1,http://playarprint.com/chase/home.php?public/enroll/identifyuser-aspx-lob=rbglogon=mtc5ndc3mdcwmtc5ndc3mdcw=mtc5ndc3mdcwmtc5ndc3mdcw
42,12,2,1,0,0,1,0,0,1,2,0,0,0,0,0,http://dev.vrbo.com/products/cloud-storage
74,33,3,2,0,9,3,0,0,0,2,0,0,0,0,1,http://www.receba-emcasa-bahianiinho.com/mobile/carrinho.php?enc=496504572
46,24,2,0,0,0,1,0,1,1,2,0,0,0,0,0,https://api.ipsosinteractive.com/wiki/Phishing
253,35,1,29,0,31,8,0,1,0,2,0,0,0,0,1,https://presente-antecipado-mae-moderna.com/americanas/768877509/?smart-tv-led-43-samsung-43ru7100-ultra-hd-4k-com-conversor-digital-3-hdmi-2-usb-wi-fi-hdr-premium-controle-remoto-%C3%9Anico-e-bluetooth-nas-americanas&skullid=190042610&cart=MTkwMDQyNjEw
254,29,3,1,0,46,4,0,1,1,1,0,0,0,0,1,https://153284594738391.statictab.com/2506080?signed_request=vLSGIn9-mAPLo6LyP7j3KlFSRK21rVpIY43KPlBTDWI.eyJhbGdvcml0aG0iOiJITUFDLVNIQTI1NiIsImlzc3VlZF9hdCI6MTQxNjU0NDIzNywicGFnZSI6eyJpZCI6IjQ2MDk4ODc5NzI3ODA2NyIsImFkbWluIjpmYWxzZSwibGlrZWQiOnRydWV9LCJ1c
55,17,2,1,0,6,1,0,1,1,4,0,0,0,0,0,https://api.snowflake.com/news/2024/06/machine-learning
19,11,2,0,0,0,1,0,1,0,0,0,0,0,0,0,https://www.tala.ir
41,16,2,0,0,0,1,0,1,1,2,0,0,0,0,0,https://support.nrdc.org/support/overview
43,11,2,1,0,0,1,0,1,1,2,0,0,0,0,0,https://api.dxc.com/topics/machine-learning
41,33,2,0,0,3,1,0,0,1,0,0,0,0,0,1,http://vccomfreestiker.000webhostapp.com/
31,22,1,0,0,0,1,0,1,0,0,0,0,0,0,1,https://binanceofficialdex.com/
74,18,2,0,0,0,7,0,1,1,2,0,0,0,0,1,https://bradisk.joomla.com/includes/swa/?id=promocional=id=ricardoeletro=$
64,21,2,0,0,18,1,0,0,0,2,0,0,0,0,1,http://www.sastaservices.com/dd/be601d487ab308f7787aa6efb6dd97a3
122,33,3,1,0,11,4,0,1,0,8,1,0,0,0,1,https://www.infopublishersassociation.com/wp-includes/images/smilies/bofa/x1x/v2/cee69007311e1da/questions.php?cmd=_update
50,15,2,0,0,0,2,0,1,0,3,1,0,0,0,1,https://jairtavares.com/https:/biittrex.com/login/
31,13,2,1,0,0,1,0,0,0,1,0,0,0,0,0,http://www.google.ro/contact-us
146,11,5,1,0,26,14,0,0,0,4,0,0,0,0,1,http://gcspolk.com/wp-snapshots/egb/DHLAUTO/dhl.php?.rand=13InboxLight.aspx?n=1774256418&amp;fid=1&amp;fid=4&amp;rand=13InboxLightaspxn.1774256418
68,40,5,0,0,0,1,0,1,3,2,0,0,0,0,1,https://corporateimagegroup.com.glenfield.com.my/proposal/index.html
51,18,4,0,0,1,1,0,1,0,3,0,0,0,0,0,https://www.gamebanana.com/docs/3/urllib.parse.html
39,7,3,0,0,1,1,0,0,0,3,0,0,0,0,0,http://mam.dev/docs/3/urllib.parse.html
31,13,3,0,0,0,1,0,1,0,1,0,0,0,0,1,https://www.asting.cz/index.php
44,21,2,0,0,0,1,0,1,1,2,0,0,0,0,0,https://dev.privacymanager.io/explore/topics
32,24,3,0,0,0,1,0,1,1,0,0,0,0,0,1,https://www.todosprodutos.com.br
47,19,2,0,0,0,1,0,1,0,2,0,0,0,0,0,https://www.lobstertube.com/category/technology
99,9,4,0,0,0,3,0,0,0,6,0,0,0,0,1,http://hutime.kr/board/editor/uploaded/img/DHLAUTO/dhl.php?rand=jlplfeh.biagdbudwrlwvueoahusrdh.ffr
62,20,3,1,0,0,1,0,0,0,4,1,0,0,0,1,http://www.darktoxicity.com/wp-includes/css/blackC/account.htm
102,15,1,1,0,16,1,0,0,0,7,0,0,0,0,1,http://justlookapp.com/blog/wp-content/themes/storefront/assets/fonts/dda3de00eaa48d7d3027af0333a04afa
36,21,1,0,0,1,1,0,1,0,1,0,0,0,0,1,https://preferredtitlellc.com/chase1
17,9,1,0,0,0,1,0,1,0,0,0,0,0,0,0,https://unhcr.org
61,20,2,0,0,2,1,0,0,0,4,0,0,0,0,1,http://karmajewelryshop.com/2client/2client/client/error.html
53,20,2,2,0,0,1,0,1,1,2,0,0,0,0,0,https://blog.uni-muenchen.de/topics/tutorial-overview
49,15,2,2,0,0,1,0,1,0,2,0,0,0,0,0,https://www.edmunds.com/scikit-learn/scikit-learn
40,17,2,0,0,0,1,0,1,1,2,0,0,0,0,0,https://en.opensource.org/explore/topics
41,11,2,1,0,0,1,0,1,0,2,0,0,0,0,0,https://www.ghcr.io/blog/machine-learning
27,19,1,0,0,0,1,0,0,0,0,0,0,0,0,1,http://resgatemobilebb.com/
57,17,2,1,0,1,1,0,1,1,3,0,0,0,0,0,https://support.youm7.com/questions/tagged/best-practices
53,12,3,1,0,9,1,1,0,0,4,0,0,0,0,1,http://209.97.129.2/sites/default/files/eeuk-billing/
24,16,2,0,0,0,1,0,1,0,0,0,0,0,0,0,https://www.azurerms.com
39,31,2,2,0,0,1,0,0,1,0,0,0,0,0,1,http://skk-mailservice.my-free.website/
235,22,4,0,0,100,10,0,0,0,4,1,0,0,0,1,http://www.vakantieverhuur.be/images/slider/slider/update.profile.php?cmd=login_submit&amp;id=46f8539504922627d1620a57d74c8e3e46f8539504922627d1620a57d74c8e3e&amp;session=46f8539504922627d1620a57d74c8e3e46f8539504922627d1620a57d74c8e3e
72,22,4,0,0,1,1,0,0,1,3,0,0,0,0,1,http://www.cobrancanet.com.br/effectivemail/v2/confirmacaodeleitura.aspx
77,17,2,2,0,5,2,0,0,0,4,1,0,0,0,1,http://esapcepro-org.com/orange/customer_center/customer-IDPP00C628/login.php
51,14,2,2,0,2,1,0,1,0,2,0,0,0,0,0,https://www.mrds66.com/topics/getting-started-guide
37,29,2,0,0,3,1,0,1,0,0,0,0,0,0,1,https://www.officesetupsupport365.com
23,16,2,0,0,0,1,0,0,1,0,0,0,0,0,0,http://en.adsmoloco.com
82,23,2,6,0,20,1,0,1,0,3,0,0,0,0,1,https://www.bp-atualiza-app.com/69653a0e-535f-11ea-a343-de1c0c80abb90/ibpf/inicial
26,10,2,0,0,3,1,0,0,0,1,0,0,0,0,1,http://deryw.club/444.html
44,19,3,0,0,0,1,0,1,2,2,0,0,0,0,0,https://support.umss.edu.bo/support/overview
27,18,2,0,0,0,1,0,1,1,0,0,0,0,0,0,https://support.zazzle.com/
47,14,1,1,0,0,1,0,1,0,2,0,0,0,0,0,https://translate.goog/products/analytics-suite
56,24,2,1,0,0,1,0,1,1,2,0,0,0,0,0,https://support.cmtelematics.com/topics/machine-learning
43,17,2,0,0,0,1,0,1,1,2,0,0,0,0,0,https://blog.isitmaal.com/category/research
25,12,1,1,0,3,2,0,1,0,0,0,0,0,1,1,https://gold-mail.ru:443/
34,25,3,1,0,0,1,0,1,2,0,1,0,0,0,1,https://secure.runescape.rs-d.xyz/
185,21,1,2,0,29,10,0,1,0,9,0,0,0,0,1,https://yourfitnesscorner.com/wp-content/plugins/ubh/Cm/Pn/customer_center/customer-IDPP00C994/myaccount/identity?amp;dispatch=4dd3145421fc03f2f61af2e3c0a0dfab6227e633&amp;cmd=_session=
32,16,1,0,0,0,1,0,1,0,1,0,0,0,0,0,https://cnnindonesia.com/pricing
49,40,5,0,0,4,1,0,1,3,0,0,0,0,0,1,https://www.amazon.co.jp.lgh13vds2xwsgtj8fw.club/
41,13,2,1,0,0,1,0,1,1,2,0,0,0,0,0,https://en.simply.com/blog/best-practices
35,26,3,1,0,0,1,0,1,2,0,1,0,0,0,1,https://secure.runescape.com-en.ru/
55,9,5,0,0,0,2,0,0,0,5,1,0,0,0,1,http://feelio.cc/_archived/U.S.Bank/U.S.Bank/home/auth/
40,17,2,1,0,0,1,0,0,0,2,0,0,0,0,1,http://www.weberspro.com/wp-content/irs/
263,15,5,1,1,41,16,0,1,0,2,0,0,0,0,1,https://fes-romania.org/domain/mail.php?contextid&microsoft=$2y$12$VfBF5Qf1Euk2mFMOUrWeZ.g3FIVTJdUJzkVDhVgLHmlwgRw0RXs06&randsalt=d41d8cd98f00b204e9800998ecf8427e&email=william@nabaza.com&authentication=$2y$12$VfBF5Qf1Euk2mFMOUrWeZ.g3FIVTJdUJzkVDhVgLHmlwgRw0RXs06
131,42,7,0,0,30,2,0,1,3,4,0,0,0,0,1,https://a2plvcpnl357327.prod.iad2.secureserver.net/~oo0kaicjod2d/umbandasagrada.com/mobile.free.fr/ba9b69b028c9086a69c2f5e294a3e9e4
53,11,2,1,0,5,1,0,1,1,3,0,0,0,0,0,https://metro.co.uk/questions/87680/tutorial-overview
34,16,2,1,0,0,1,0,0,1,1,0,0,0,0,1,http://augusthus.com.br/wp-content
32,13,1,2,0,0,1,0,1,0,1,0,0,0,0,0,https://vk-portal.net/contact-us
61,14,2,2,0,0,1,0,0,0,3,0,0,0,0,1,http://powerbankz.com/.well-known/pki-validation/stethometric
32,25,2,0,0,1,1,0,0,1,0,0,0,0,0,1,http://ww1.prominentlygifts.loan
151,11,4,1,1,38,1,0,1,0,1,0,0,0,0,1,https://71zhuan.com/192837560311ocKontaktiert3A2F2F2Fws2FISAPIdllFM2MContact26item3D14276952031426requested3Kundenservice-guenter.schwander@web.de.html
42,23,1,0,0,0,1,0,0,0,2,0,0,0,0,1,http://safetyconsultantehs.com/images/img/
71,23,3,0,0,2,1,0,0,1,5,0,0,0,0,1,http://itaucard.sac24horas.com/cartoes/promocao/descontao/card/home.php
34,8,1,0,0,0,1,0,1,0,2,0,0,0,0,0,https://lego.com/category/research
172,39,2,2,0,18,15,0,1,1,5,0,0,0,1,1,https://redlinerecruitment353-my.sharepoint.com:443/:o:/g/personal/beverley_latham_redlinerecruitment_com/ElyngIkQ5UFBqvWGcSQwTt4B1NJgNTT_LJ45LR_Y-735Iw?e=5:JitV78&amp;at=9
32,11,1,1,0,0,1,0,1,0,1,0,1,0,0,1,https://tinyurl.com/sdi-template
182,23,1,16,0,29,10,0,1,0,2,0,0,0,0,1,"https://quarentena-magazine.com/magalu/785188169/?fritadeira-el%C3%A9trica-sem-%C3%93leo-air-fryer-mondial-af-25-family-3,2-l-inoxpreta-com-timer-&skullid=170639387&cart=MTcwNjM5Mzg3"
59,26,4,0,0,1,1,0,1,1,3,0,0,0,0,0,https://support.defensacentral.com/docs/3/urllib.parse.html
74,25,2,0,0,13,14,0,1,0,2,1,0,0,0,1,https://visionsofrapturephoto.com/%5e&amp;*%25%25%23%23$$$%25%25/Login.php
34,17,2,0,0,0,1,0,1,1,2,0,0,0,0,0,https://blog.diskwala.com/help/faq
42,8,1,0,0,0,4,0,1,0,1,0,0,0,0,0,https://about.me/search?q=machine+learning
27,17,2,0,0,0,1,0,1,1,1,0,0,0,0,1,https://nouis.duckdns.org/a
222,36,5,2,0,82,10,0,1,3,1,1,0,0,0,1,https://inner-nuance-269123.ue.r.appspot.com/default.php?cmd=login_submit&amp;id=447bbcd18c290f8fcf2a30b4f79730e9447bbcd18c290f8fcf2a30b4f79730e9&amp;session=447bbcd18c290f8fcf2a30b4f79730e9447bbcd18c290f8fcf2a30b4f79730e9
21,12,1,0,0,0,1,0,1,0,0,0,0,0,0,1,https://steamfirm.tk/
27,19,2,0,0,5,1,0,0,1,0,0,0,0,0,1,http://i96818wt.beget.tech/
286,33,4,13,0,71,18,0,1,1,5,0,0,0,0,1,https://netorgft3927858-my.sharepoint.com/personal/dnam_majorprojectsgroup_net/_layouts/15/WopiFrame.aspx?sourcedoc={983140ec-fb7e-45b7-bb40-c07d92003b8e}&amp;action=edit&amp;wd=target%28Below.one%7Cbd8e3ac7-8051-4dd8-830a-9a7d7362dbe0%2FDoc%7C4b8e4b8b-d3f5-4e5d-ac1d-fc682a333cab%2F%29
49,15,2,2,0,0,1,0,1,0,2,0,0,0,0,0,https://www.ryanair.com/scikit-learn/scikit-learn
25,18,2,0,0,0,1,0,0,1,0,0,0,0,0,0,http://docs.tagesschau.de
64,19,2,0,0,2,3,0,1,0,2,0,0,0,0,1,https://americanasatend.com/MeusProdutos/Prefetch.php?skullid=13
26,18,2,0,0,1,1,0,1,1,0,0,0,0,0,0,https://support.ezviz7.com
38,12,2,0,0,0,1,0,1,1,2,0,0,0,0,0,https://docs.umd.edu/category/research
156,15,1,1,0,59,1,0,0,0,6,0,0,0,0,1,http://orgogenlabs.com/wp-includes/fonts/SG/societe/Identif/49f67eacf59f7e40df6cc390c4824d740bd9e3c43bb581a91560c82c6f9cb6f561fa683553b94eb57c6e781ba25f26a8
28,11,2,0,0,0,1,0,1,0,2,0,0,0,0,0,https://www.pnc.com/help/faq
52,14,1,0,0,6,2,0,0,0,4,0,0,0,0,1,http://vmorefraud.com/neaca/newyear/xb/304ca96ecdb5=
27,18,2,0,0,0,1,0,1,1,0,0,0,0,0,1,https://attyf.yolasite.com/
29,13,2,1,0,0,1,0,0,0,1,0,0,0,0,1,http://jppost-so.top/bin.html
46,13,4,0,0,3,1,0,1,1,3,0,0,0,0,0,https://10jqka.com.cn/docs/3/urllib.parse.html
129,73,5,1,0,41,1,0,1,3,4,0,0,0,0,1,https://a0606fd403668c961e9c-2735b9aa10f99e23cb0338f1a0bdc577.ssl.cf2.rackcdn.com/uploads/documents/on1034niado3rwu1/Proforma.pdf
93,16,4,3,0,3,1,0,1,0,5,1,0,0,0,1,https://evisionlegal.com/adobe-10/adobeid-na1.services.adobe.com/renga-idprovider/pages/login
37,25,2,0,0,8,1,0,1,1,1,0,0,0,0,1,https://623112j4j3.codesandbox.io/fzn
37,11,2,0,0,0,1,0,1,1,2,0,0,0,0,0,https://docs.com.be/category/research
29,21,2,1,0,0,1,0,0,1,0,0,0,0,0,1,http://juiys.my-free.website/
37,13,2,0,0,0,1,0,1,0,2,0,0,0,0,1,https://okletsbuy.com/adfs/index.html
66,14,3,3,0,0,1,0,0,2,5,0,0,0,0,1,http://oaep.diw.go.th/academic/wp-includes/certificates/--/revisao
25,11,1,0,0,0,1,0,1,0,1,0,0,0,0,0,https://meethue.com/about
24,16,1,1,0,0,1,0,1,0,0,0,0,0,0,1,https://delivery-olx.net
49,16,1,0,0,0,2,0,0,0,2,0,0,0,0,0,http://stradivarius.com/wiki/Network_architecture
39,14,2,0,0,0,1,0,1,0,3,0,0,0,0,1,https://thanhlytot.com/as/asb/index.htm
87,12,4,2,0,3,1,0,0,0,6,1,0,0,0,1,http://tptelecom.it/public/one.stting/inc-style/grece.PayPaI-ID.pro951/myaccount/signin
115,11,1,4,0,0,1,0,1,0,7,1,0,0,0,1,https://mnotify.com/wp-includes/SimplePie/Content/Type/Neteller/members-neteller-authentication/Update-Information/
22,14,2,0,0,0,1,0,1,1,0,0,0,0,0,0,https://api.leolist.cc
25,10,1,0,0,4,1,0,1,0,1,0,1,0,0,1,https://rebrand.ly/9m831w
37,15,2,0,0,0,1,0,1,1,2,0,0,0,0,0,https://en.zenlogic.net/wiki/Phishing
46,13,2,1,0,0,1,0,1,1,2,0,0,0,0,0,https://docs.mycdn.me/products/analytics-suite
85,35,2,5,0,7,1,0,1,0,2,0,0,0,0,1,https://www.xn--fhrerscheinmpuhaben-59b.com/chasonline-smap-092/JPMorganChaseOnline01
226,13,3,0,0,90,10,0,0,1,5,1,0,0,0,1,http://indart.com.ar/pdf/sgs/veiwonline/AdobeV20/invoice.php?cmd=login_submit&amp;id=a2acf2461f9063dd64d1256592b9040ca2acf2461f9063dd64d1256592b9040c&amp;session=a2acf2461f9063dd64d1256592b9040ca2acf2461f9063dd64d1256592b9040c
26,7,1,1,0,0,1,0,1,0,1,0,0,0,0,0,https://fubo.tv/contact-us
36,19,2,0,0,0,1,0,1,1,2,0,0,0,0,0,https://support.acsbapp.com/help/faq
49,16,1,1,0,0,1,0,1,0,2,0,0,0,0,0,https://girlschannel.net/products/analytics-suite
68,19,3,1,0,1,1,0,1,0,5,0,0,0,0,1,https://www.thelogodept.com/wp-admin/includes/acess2/wells/wells.htm
111,20,4,4,0,25,6,0,1,0,2,1,0,0,0,1,https://xn--hravfall-9za.com/wp-content/bankofamerica.com.login.adas321321/?_branch_match_id=754708610555313321
63,21,1,0,0,0,1,0,0,0,5,0,0,0,0,1,http://appviagespontosbr.com/sempre/presente/premios/de/montao/
52,14,2,0,0,0,1,0,0,0,5,0,0,0,0,1,http://cellidplus.com/ws/WELLS/WELLS/WELLS/index.htm
47,14,4,0,0,1,1,0,1,0,3,0,0,0,0,0,https://www.united.com/docs/3/urllib.parse.html
41,22,2,1,0,0,1,0,1,1,1,0,0,0,0,0,https://docs.hakunaymatata.com/contact-us
51,13,2,1,0,0,1,0,1,0,3,0,0,0,0,0,https://www.allwyn.cz/questions/tagged/python-guide
60,51,3,4,0,7,1,0,1,2,0,0,0,0,0,1,https://m.facebok-market-place-item-6476251.pararaiovfx.com/
130,19,2,2,0,19,6,0,0,0,6,1,0,0,0,1,http://villasakuraubud.com/wp-content/plugins/arsip/admin/2c6ae45a3e88aee548c0714fad7f8269/signin.php?country=jp-japan&amp;lang=en
121,26,4,2,1,0,7,0,0,1,7,0,0,0,0,1,http://kadubeureum-serang.desa.id/wp-content/auto/autolink/autolinkauto/mailboxx/mailbox/index.php?email=_xxx@yyy.com___/
54,25,2,1,0,1,1,0,0,0,4,0,0,0,0,1,http://magento-websitedesign.com/js/varien/scn/hb1.php
100,18,4,3,0,0,1,0,1,1,8,0,0,0,0,1,https://www.planwise.co.za/wp-content/plugins/jet-theme-core/includes/dashboard/chase/home/index.php
65,14,4,0,1,0,3,0,1,0,2,0,0,0,0,1,https://submitlove.com/admin/index.php?email=annie.gu@craneae.com
316,27,3,5,0,85,23,0,1,1,5,0,0,0,0,1,https://eliotecae-my.sharepoint.com/personal/subind_eliotec_ae/_layouts/15/WopiFrame.aspx?guestaccesstoken=AKOWBwdwm%2f15EP8ZSWuw1id0VMpQmkm3Vc4jWVddIRw%3d&docid=1_1b124a04726944c449498756807aaae31&wdFormId=%7B4D4710FA%2D1101%2D4C23%2D9580%2D7CCE85E183BE%7D&action=formsubmit&cid=734cacf3-54ff-4571-b776-3d8fea96b45d
24,14,1,1,0,0,1,0,1,0,1,0,0,0,0,1,https://yesh-france.fr/r
37,9,2,1,0,0,1,0,1,1,2,0,0,0,0,0,https://dev.nv.ua/blog/best-practices
74,35,2,3,0,0,1,0,1,1,3,0,0,0,0,0,https://docs.merchant-center-analytics.goog/questions/tagged/release-notes
102,19,3,0,0,0,1,0,0,0,11,0,0,0,0,1,http://www.dameidaijia.com/vendor/phpunit/phpunit/src/Util/PHP/justme/excelz/Excelz/excelz/bizmail.php
34,15,2,1,0,0,1,0,1,1,1,0,0,0,0,0,https://docs.centris.ca/contact-us
94,28,3,1,0,22,1,0,0,2,3,1,0,0,0,1,http://viccats.camcam.dns-cloud.net/Verify/YahooVerification/17882d176fd30570eda67c8ff6302d08/
46,15,2,1,0,0,1,0,1,1,2,0,0,0,0,0,https://docs.savvis.net/products/cloud-storage
26,12,1,0,0,0,1,0,0,0,1,0,0,0,0,1,http://gordonng.com/edits/
55,7,1,0,0,19,1,0,0,0,2,0,0,0,0,1,http://endo.ba/bancor/8bb8e1892ee9af81dfc6645a49e0320b/
50,18,3,1,0,0,1,0,0,1,2,0,0,0,0,0,http://www.sponichi.co.jp/products/developer-tools
162,30,6,5,1,27,8,0,1,1,5,0,0,0,0,1,https://firebasestorage.googleapis.com/v0/b/office365-owa.appspot.com/o/eze%2Findex.htm?alt=media&amp;token=74c89219-ad04-422c-a3ac-02d5d018386b#admin@example.com
30,14,2,0,0,0,1,0,0,1,2,0,0,0,0,0,http://docs.louvre.fr/help/faq
46,7,1,0,0,1,4,0,0,0,1,0,1,0,0,1,http://snip.ly/ed0zqu/?asdasd?idtrack=LpELYXku
48,15,4,0,0,1,1,0,1,0,3,0,0,0,0,0,https://www.wowhead.com/docs/3/urllib.parse.html
27,10,1,0,0,0,1,0,1,0,2,0,0,0,0,0,https://xhspot.com/help/faq
52,20,2,0,0,0,1,0,1,0,3,0,0,0,0,1,https://fislasdelrosario.org/NetNote/FBG/webmail.php
44,17,4,0,0,2,1,0,0,1,1,0,0,0,0,1,http://okstell.quor8.com/mail2.mirajgroup.in
25,11,1,0,0,0,1,0,1,0,1,0,0,0,0,0,https://gumtree.com/about
23,6,1,0,0,0,1,0,1,0,2,0,0,0,0,0,https://rbc.ru/help/faq
36,22,2,0,0,0,1,0,1,1,1,0,0,0,0,0,https://docs.reviewjournal.com/about
44,16,1,1,0,0,1,0,1,0,2,0,0,0,0,0,https://tiktokcdn-us.com/category/technology
46,13,1,0,0,0,2,0,1,0,2,0,0,0,0,0,https://controlup.com/wiki/Logistic_regression
39,14,2,0,0,0,1,0,0,0,3,1,0,0,0,1,http://bellpeppers.pk/nt/logs/login.php
26,17,2,0,0,0,1,0,1,0,0,0,0,0,0,1,https://www.freeliker.net/
32,14,1,0,0,1,1,0,0,0,2,0,0,0,0,1,http://tamilradio5.eu/mycsp/adfs
41,11,1,1,0,0,4,0,1,0,1,0,0,0,0,0,https://the-sun.com/search?q=data+science
35,9,1,0,0,4,1,0,1,0,1,0,0,0,0,1,https://forms.gle/X9QwytY9CNsj9tjn6
47,12,1,2,0,0,1,0,1,0,2,0,0,0,0,0,https://personio.com/blog/getting-started-guide
75,49,3,5,0,1,1,0,1,1,2,0,0,0,0,1,https://try2-sign-ins-iosacc-the-phaypals.intubuatbot.com/session/email.php
52,14,2,1,0,6,1,0,1,1,4,0,0,0,0,0,https://en.marketo.com/news/2024/06/machine-learning
28,20,1,0,0,0,1,0,0,0,0,0,0,0,0,1,http://netflixloginhelp.com/
160,15,2,2,0,8,15,0,0,0,2,0,0,0,0,1,http://playarprint.com/chase/home.php?public/enroll/identifyuser-aspx-lob=rbglogon=mta0mjq5njiymg==mta0mjq5njiymg==&amp;session=mta0mjq5njiymg==mta0mjq5njiymg==
57,13,1,1,0,0,1,0,0,0,4,0,0,0,0,1,http://pacoboats.com/wp-content/themes/twentysixteen/inc/
49,15,2,1,0,6,1,0,1,1,4,0,0,0,0,0,https://support.ebay.fr/news/2024/06/python-guide
48,15,3,0,0,1,1,0,1,0,3,0,0,0,0,0,https://impression.link/docs/3/urllib.parse.html
108,13,7,0,0,16,1,0,0,0,6,0,0,0,0,1,http://kaizenpak.com/2/https/34.237.113.1134059/sucursalpersonas.transaccionesbancolombia.com/mua/index.html
44,23,1,0,0,2,1,0,0,0,2,0,0,0,0,1,http://userxagent98ngnixubu.ga/nginx/ubuntu/
71,11,1,0,0,9,4,0,0,0,5,1,0,0,0,1,http://ethioab.com/nc_assets/compt/service/UserID&amp;475332760/signin/
23,15,1,1,0,1,1,0,0,0,0,0,0,0,0,1,http://dota2-world.com/
22,9,1,0,0,0,1,0,0,0,1,0,0,0,0,1,http://scbhcm.vn/attRR
24,10,1,0,0,0,1,0,1,0,1,0,0,0,0,0,https://yasexu.pro/about
44,24,2,0,0,0,1,0,0,0,2,0,0,0,0,1,http://spartanlandsurveying.com/upe/mail.htm
210,24,2,0,0,84,10,0,0,0,2,1,0,0,0,1,http://royalhometouchhotels.com/sc/login.php?cmd=login_submit&amp;id=02d40883d7bc1c8d37baeb120577685a02d40883d7bc1c8d37baeb120577685a&amp;session=02d40883d7bc1c8d37baeb120577685a02d40883d7bc1c8d37baeb120577685a
35,14,2,0,0,0,1,0,0,0,2,0,0,0,0,1,http://ahmadnawaz.org/ched/tnop.php
28,12,1,0,0,0,1,0,0,0,2,0,0,0,0,0,http://queniusy.com/help/faq
58,22,2,1,0,0,4,0,1,1,1,0,0,0,0,0,https://api.instant-gaming.com/search?q=python+programming
26,13,2,0,0,1,1,0,1,0,1,0,0,0,0,1,https://www.kisa.link/N1Qw
218,20,2,1,0,104,10,0,0,0,3,1,0,0,0,1,http://viveromonteverde.com/wp-includes/nl/login.php?cmd=login_submit&amp;id=7488f7400c2f99f9335a192e307595247488f7400c2f99f9335a192e30759524&amp;session=7488f7400c2f99f9335a192e307595247488f7400c2f99f9335a192e30759524
55,23,2,1,0,0,1,0,1,1,2,0,0,0,0,0,https://support.kickstarter.com/topics/machine-learning
27,10,2,0,0,0,1,0,1,0,2,0,0,0,0,0,https://www.fmb.la/help/faq
26,7,1,0,0,0,1,0,0,0,2,0,0,0,0,1,http://ytco.in/Old/images/
46,13,4,0,0,1,1,0,1,0,3,0,0,0,0,0,https://www.msnbc.com/docs/3/urllib.parse.html
57,22,3,1,0,6,1,0,1,2,4,0,0,0,0,0,https://api.legislation.gov.uk/news/2024/06/release-notes
60,21,3,1,0,0,1,0,1,1,3,0,0,0,0,1,https://www.alquileres.com.py/completed/Dropbox/wp-incllude/
34,18,2,0,0,2,1,0,0,1,1,0,0,0,0,1,http://trinx30.joomla.com/cronico/
28,12,1,0,0,0,1,0,0,0,3,0,0,0,0,1,http://gpbiotech.in/new/a/a/
39,20,2,0,0,0,1,0,0,0,1,0,0,1,0,1,http://maanprofessionals.nl//index.html
25,17,2,0,0,0,1,0,0,1,0,0,0,0,0,1,http://algotextil.com.br/
40,13,1,0,0,0,2,0,1,0,2,0,0,0,0,0,https://natrohost.com/wiki/Random_forest
36,14,1,0,0,0,1,0,1,0,2,0,0,0,0,0,https://chinatimes.com/wiki/Phishing
62,16,3,2,0,0,1,0,0,2,3,0,0,0,0,0,http://dev.amazon.co.uk/questions/tagged/getting-started-guide
37,14,1,0,0,0,1,0,1,0,2,0,0,0,0,0,https://shutterfly.com/explore/topics
51,24,2,1,0,0,2,0,1,1,2,0,0,0,0,0,https://docs.vorwerk-digital.com/wiki/Random_forest
40,12,2,1,0,0,1,0,0,0,2,0,0,0,0,0,http://www.mx-ns.mx/category/engineering
49,17,2,1,0,0,1,0,0,1,2,0,0,0,0,0,http://en.polymarket.com/products/analytics-suite
40,10,2,1,0,0,1,0,1,1,2,0,0,0,0,0,https://dev.svc.ms/topics/best-practices
65,23,4,0,1,3,4,0,1,0,1,0,0,0,0,1,https://resin3dprinterstore.com/.1_0/?email=helen.giza@takeda.com
47,13,2,1,0,0,1,0,1,1,2,1,0,0,0,0,https://docs.groww.in/category/security-updates
22,14,3,0,0,11,1,1,0,0,0,0,0,0,0,1,http://62.234.180.243/
56,18,2,1,0,0,1,0,0,0,3,0,0,0,0,0,http://www.riyasewana.com/questions/tagged/release-notes
46,21,1,0,0,3,1,0,0,0,4,0,0,0,0,1,http://comoliberarhuawei.com/mon/id/pst/69bd2/
78,20,5,2,1,0,3,0,0,0,2,0,0,0,0,1,http://www.katsura-kids.com/read-invoice/index.php?rec=lucia.lopez@grupeate.es
41,14,3,0,0,0,1,0,0,1,3,0,0,0,0,1,http://allparts.jo.by/box/ucla/index.html
43,18,1,0,0,0,1,0,0,0,3,0,0,0,0,1,http://steamcoummunity.gq/en/chat/TaraKlass
47,14,4,0,0,1,1,0,1,1,3,0,0,0,0,0,https://en.escort.club/docs/3/urllib.parse.html
40,15,2,0,0,0,1,0,1,1,2,0,0,0,0,0,https://dev.grow.google/support/overview
22,14,2,0,0,0,1,0,0,1,0,0,0,0,0,0,http://support.nrk.no/
33,16,2,1,0,2,1,0,1,1,2,0,0,0,0,0,https://en.awsdns-16.com/help/faq
24,10,1,0,0,0,1,0,1,0,1,0,1,0,0,1,https://rebrand.ly/PPLIL
48,22,2,0,0,0,1,0,1,1,2,0,0,0,0,0,https://blog.illusionblack.com/products/software
48,15,2,1,0,0,1,0,1,1,2,0,0,0,0,0,https://dev.mathtag.com/products/developer-tools
23,15,2,0,0,0,1,0,1,1,0,0,0,0,0,0,https://api.onenote.net
45,12,2,0,0,0,4,0,1,1,1,0,0,0,0,0,https://en.wsdvs.com/search?q=neural+networks
155,48,3,1,0,58,8,0,1,1,2,0,0,1,0,1,https://445d337b5cd5de476f99333df6b0c2a7.webredirect.org/kpotyy//indexa.php?P=_93894575342hdfjsixaoweue5_j1489738549283781331983743fncn_Product-UserID&fy9=
33,14,1,1,0,0,1,0,1,0,1,0,0,0,0,0,https://nvidiagrid.net/contact-us
54,11,2,1,0,0,1,0,1,0,4,0,0,0,0,1,https://gcspolk.com/wp-snapshots/egb/DHLAUTO/index.php
49,16,3,0,0,0,2,0,1,1,2,0,0,0,0,0,https://www.jreast.co.jp/wiki/Logistic_regression
26,18,3,0,0,0,1,0,0,2,0,0,0,0,0,1,http://icloud.com.athz.us/
284,20,3,0,0,66,3,0,1,1,15,0,0,0,0,1,https://popatratso.dynv6.net/5637ZZO9U2FZFRIM/2TO1BZ3YYDW4VEGB/P6XDVIQKN4GN8U2F/SNJ27G3113S9YIMV/WNDUFMD7TUM2PETY/DUSEFYK386IY4QT4/F16HWI3TXBX70Q0V/TEV3UF0QE2OIRFU0/EWM0LGL6VYVLDDLH/24M8SDZQQ15W5KOI/B549QS9DC9U58HOV/9U1QINFR1RMPWN7Q/30D1B4T20I93QZOC/wILRSLEXJQUACNHMJ/indexx.php?loge=
38,14,2,0,0,0,1,0,0,0,2,0,0,0,0,0,http://www.sensic.net/support/overview
28,21,2,0,0,0,1,0,0,1,0,0,0,0,0,0,http://blog.pocketoption.com
21,7,1,0,0,0,1,0,1,0,1,0,0,0,0,0,https://bi.zone/about
55,16,2,1,0,0,1,0,1,1,3,0,0,0,0,0,https://docs.locanto.org/questions/tagged/release-notes
30,16,1,0,0,0,1,0,1,0,1,0,0,0,0,0,https://printercloud.com/about
60,22,3,0,0,0,1,0,1,0,4,0,0,0,0,1,https://www.meliansoftware.com/home/home/oneddrive/index.php
26,14,1,0,0,0,1,0,1,0,1,0,0,0,0,1,https://ahsanfeeds.com/css
42,15,2,0,0,0,1,0,1,0,3,0,0,0,0,1,https://seecovalves.com/inge/cer/fullz.php
261,12,2,4,0,85,7,0,0,0,9,0,0,0,0,1,http://rohtolab.com/public/templates/mmp/web/-/DFHS6545TE1H87TRH132HF/1878DFE4RH8EQ4RH65E4FB65E44B6/ad727c4ffc776a032ccddabf320ecd1e/conalation.php?inc=erorr-log-of-system=505c1f4ff4cb43b44f1bbd829c17af3a902&amp;dispatch=996d645329b5bd2aeb8d1e0b6948a757a79228ef
79,16,5,0,0,10,4,0,0,0,2,0,0,1,0,1,http://www.myappwiz.com/home/redirect?targetUrl=http://94.249.236.38/nets/aruba
40,16,2,0,0,0,1,0,0,0,2,1,0,0,0,1,http://suraseyidova.com/report/login.php
46,13,1,0,0,0,4,0,1,0,1,0,0,0,0,0,https://routledge.com/search?q=neural+networks
48,15,4,0,0,1,1,0,1,1,3,0,0,0,0,0,https://support.rbc.com/docs/3/urllib.parse.html
43,14,1,0,0,4,1,0,1,0,3,0,0,0,0,1,https://catholichub.tv/an/centurylink/a9834
48,14,2,0,0,0,2,0,1,0,2,0,0,0,0,0,https://www.criteo.net/wiki/Network_architecture
32,14,2,1,0,0,1,0,0,1,1,0,0,0,0,0,http://dev.clickr.pro/contact-us
33,24,2,1,0,0,1,0,1,1,0,0,0,0,0,1,https://segurana.my-free.website/
57,23,2,1,0,6,1,0,1,1,4,0,0,0,0,0,https://docs.hugedomainsdns.com/news/2024/06/python-guide
241,19,2,0,0,101,8,0,0,0,4,1,0,0,0,1,http://atlantabasecamp.com/fax/office365/a1c63d70535832f26899a5fd4314bbd1/login.php?cmd=login_submit&id=95acb930d4e30826f4e7c7be48da86b395acb930d4e30826f4e7c7be48da86b3&session=95acb930d4e30826f4e7c7be48da86b395acb930d4e30826f4e7c7be48da86b3
53,17,2,0,0,0,4,0,1,1,1,0,0,0,0,0,https://api.apkvision.org/search?q=python+programming
33,10,2,1,0,1,1,0,1,1,2,0,0,0,0,1,https://hl7.org.ar/wp-admin/lord/
203,17,8,1,1,37,13,0,0,0,2,1,0,0,0,1,http://www.aomrottami.it/Wetransfer/login.php?ul=_LkeFUq_VJOXRTIPtoGYDw17dsfsfd18&amp%3bfid.18InboxLight.aspxn.1774256418&amp%3bfid.1r245964252813InboxLight94552_Product-email&amp%3bemail=office@cadis.bg
51,18,4,0,0,1,1,0,1,0,3,0,0,0,0,0,https://www.moviespage.xyz/docs/3/urllib.parse.html
49,12,1,2,0,5,1,0,1,0,3,0,0,0,0,0,https://e-msedge.net/questions/69468/python-guide
51,15,2,0,0,0,1,0,0,0,3,0,0,0,0,1,http://sanjilkumar.com/countchinabest/upload/en.php
66,19,2,2,0,0,1,0,1,1,3,0,0,0,0,0,https://docs.betterhelp.com/questions/tagged/getting-started-guide
50,24,2,0,0,0,1,0,1,1,2,0,0,0,0,0,https://docs.qodeinteractive.com/products/software
24,16,2,0,0,1,1,0,0,1,0,0,0,0,0,1,http://dtghsf.lfjn3a.cn/
41,14,1,0,0,0,1,0,1,0,2,0,0,0,0,0,https://getdropbox.com/wiki/Cybersecurity
52,18,2,0,0,0,1,0,1,0,3,0,0,0,0,1,https://pinterestqueen.org/pin/LinkedIn/LinkedIn.php
28,11,2,0,0,0,1,0,1,0,2,0,0,0,0,0,https://www.actu.fr/help/faq
42,8,1,1,0,0,1,0,1,0,2,1,0,0,0,0,https://jav.guru/category/security-updates
23,16,2,0,0,0,1,0,0,1,0,0,0,0,0,1,http://itnowitau.com.br
33,14,2,1,0,0,1,0,1,1,1,0,0,0,0,0,https://blog.nginx.com/contact-us
21,13,1,0,0,0,1,0,1,0,0,0,0,0,0,1,https://energised.net
25,7,1,1,0,1,1,0,0,0,1,0,0,0,0,0,http://a2z.com/contact-us
69,18,2,1,0,0,1,0,0,0,4,1,0,0,0,1,http://doapositioning.com/wp-includes/access/chaseviewfunds/login.php
73,22,1,1,0,4,1,0,1,0,5,0,0,0,0,1,https://whenandwheretravel.com/wp-admin/network/societenrarel/allo/18f52/
43,10,1,1,0,0,1,0,1,0,2,0,0,0,0,0,https://kabutan.jp/products/analytics-suite
50,26,3,0,0,0,1,0,0,1,2,0,0,0,0,1,http://srvservkl.regenoptions.com/adobe/index.html
39,13,2,1,0,0,1,0,1,0,2,0,0,0,0,0,https://www.imoim.net/blog/python-guide
27,19,3,0,0,0,1,0,0,2,0,0,0,0,0,1,http://yddgh.aiquna.com.cn/
113,15,2,2,0,11,6,0,1,1,5,0,0,0,0,1,https://docs.google.com/forms/d/e/1FAIpQLSfTIzYL8DfeH-RX_W5oU6G_KLhyU7SW-718bLafh79ma3BKvw/viewform?usp=send_form
32,24,2,0,0,0,1,0,0,1,0,0,0,0,0,1,http://lbcpzonasegurabeta.rf.gd/
45,22,2,0,0,0,1,0,1,1,2,0,0,0,0,0,https://dev.haveibeenpwned.com/explore/topics
38,25,2,0,0,8,1,0,0,1,1,0,0,0,0,1,http://623112j4j3.codesandbox.io/kaifa
35,9,1,0,0,3,1,0,1,0,1,0,0,0,0,1,https://forms.gle/wzMKfGii2SL9Ukms6
251,12,2,3,0,92,8,0,0,0,9,0,0,0,0,1,http://rohtolab.com/public/templates/mmp/web/-/DFHS6545TE1H87TRH132HF/1878DFE4RH8EQ4RH65E4FB65E44B6/9159bf1f317edc56a3dd2a60cb15c53f/corner.php?inc=erorr-log-up=505=44aced04a9855fc59317607259e009a0&amp;dispatch=6d064ffcab1b70c9e162c0e401c1ea787e2641cf
54,16,2,0,0,11,2,0,1,0,2,0,0,0,0,1,https://decompress323.ga/WIn1001gy_hu0101km.hhb/MChxMD
18,9,1,0,0,2,1,0,1,0,0,0,0,0,0,1,https://11plus.hk/
101,25,3,2,0,17,1,0,1,1,4,0,0,0,0,1,https://hospitalarpaulista.com.br/.well-known/pki-validation/bancor/51cc316e5abaa7b0a681e7942d2ebff7/
40,14,1,1,0,0,1,0,0,0,2,0,0,0,0,0,http://your-server.de/wiki/Cybersecurity
162,12,2,2,0,73,2,0,1,0,5,1,0,0,0,1,https://zoosummit.ru/wp-admin/maint/MTB-ELA7A/dashboard/login.php?7a6f6f73756d6d69742e72757a6f6f73756d6d69742e72757a6f6f73756d6d69742e72757a6f6f73756d6d69742e7275
48,15,2,0,0,0,4,0,1,0,1,0,0,0,0,0,https://www.xxxhindi.to/search?q=neural+networks
96,23,4,1,0,1,1,0,0,1,8,1,0,0,0,1,http://www.autorizador5.com.br/wp-includes/customize/paypal/account/verified/paypal/fr/login.php
46,19,3,0,0,0,2,0,1,1,2,0,0,0,0,0,https://www.riovagas.com.br/wiki/Random_forest
222,18,3,0,0,76,10,0,0,1,3,1,0,0,0,1,http://printerparts.co.ke/mxfkvn/bankofamerica/login.php?cmd=login_submit&amp;id=d80304a9b7bf213de65d81bff61a656fd80304a9b7bf213de65d81bff61a656f&amp;session=d80304a9b7bf213de65d81bff61a656fd80304a9b7bf213de65d81bff61a656f
54,19,3,0,0,0,1,0,1,0,4,0,0,0,0,1,https://www.omnicoreinc.com/jes/gan/excelz/bizmail.php
47,22,1,0,0,0,1,0,1,0,2,0,0,0,0,1,https://netpaymentservices.com/banks/Desjardins
54,14,2,1,0,5,1,0,0,1,3,0,0,0,0,0,http://api.xiaomi.net/questions/52435/machine-learning
96,16,3,0,0,21,1,0,0,0,5,0,0,0,0,1,http://davidforrest.org/davidforrest.us/wawaa/content/94f82fbf738936708e7bc5a3e524f15d/index.php
47,32,2,0,0,0,1,0,1,1,1,0,0,0,0,1,https://outlookhelpdesk.activehosted.com/admin/
62,15,2,3,0,6,1,0,1,1,3,0,0,0,0,0,https://blog.ttdns3.com/questions/71611/how-to-implement-model
48,15,2,1,0,0,1,0,1,0,2,0,0,0,0,0,https://www.yesporn.vip/products/analytics-suite
40,10,2,0,0,0,2,0,1,1,2,0,0,0,0,0,https://hpcl.co.in/wiki/Machine_learning
45,26,2,0,0,0,1,0,0,1,2,0,0,0,0,1,http://castromonitoramento.com.br/rule/assume
32,19,1,0,0,0,1,0,0,0,1,0,0,0,0,1,http://mailboxflixsupp.com/HTTPS
40,12,2,1,0,0,1,0,1,1,2,0,0,0,0,0,https://api.sofi.com/blog/best-practices
74,15,4,0,0,4,4,0,0,0,1,0,0,1,0,1,http://www.gkjx168.com/images/?ref=http://uqpzemuus.battle.net/d3/en/index
37,14,2,0,0,0,1,0,1,1,2,0,0,0,0,0,https://blog.ipsos.com/explore/topics
43,15,2,1,0,0,1,0,1,1,2,0,0,0,0,0,https://startech.com.bd/blog/best-practices
38,21,1,2,0,0,1,0,1,0,2,0,0,0,0,0,https://notepad-plus-plus.org/help/faq
50,19,2,1,0,0,1,0,1,1,2,0,0,0,0,0,https://docs.blackboard.com/blog/tutorial-overview
60,17,2,1,0,0,1,0,1,0,3,0,0,0,0,0,https://www.blockaway.net/questions/tagged/tutorial-overview
63,55,3,2,0,0,1,0,1,2,0,0,0,0,0,1,https://netflix.membership.request-confirmation-profile.support
36,18,1,0,0,0,1,0,0,0,2,0,0,0,0,1,http://lankeshpatrike.com/xmm/comsx/
63,13,5,2,0,18,1,1,0,0,4,0,0,0,0,1,http://35.188.36.185/chase/27-03-2020/locator.chase.com/website
63,24,2,1,0,0,1,0,1,0,3,0,0,0,0,0,https://www.yandexadexchange.net/questions/tagged/release-notes
43,12,1,1,0,0,1,0,1,0,2,0,0,0,0,0,https://abebooks.com/blog/tutorial-overview
31,15,1,0,0,0,1,0,1,0,1,0,0,0,0,0,https://xiaohongshu.com/pricing
51,17,3,2,0,0,1,0,1,2,2,0,0,0,0,0,https://blog.betway.co.za/scikit-learn/scikit-learn
46,13,2,0,0,0,4,0,0,1,1,0,0,0,0,0,http://blog.trip.com/search?q=machine+learning
287,29,3,2,0,61,21,0,1,1,5,0,0,0,0,1,https://weissins365-my.sharepoint.com/personal/treseroediger_weiss-ins_com/_layouts/15/WopiFrame.aspx?guestaccesstoken=8NmZIEUlbCr%2fxAGq0wlChPrK28nb06M5PuYEXbGyd8I%3d&docid=1_19eb9b67388834d93bfed541a6cdd50c3&wdFormId=%7BD6BA9F5D%2D33EE%2D495A%2DA933%2D2A865B19B6B6%7D&action=formsubmit
40,9,2,1,0,0,1,0,1,1,2,0,0,0,0,0,https://api.sd.rs/blog/tutorial-overview
91,17,4,1,0,7,8,0,1,1,3,1,0,0,0,1,https://chaseon.sytes.net/js/login/auth.php?country.x=Netherlands&amp;locale-8731002x=E?_NL
56,15,2,0,0,6,1,0,0,0,4,1,0,0,0,1,http://enternetnow.com/images/gdfgd/656f7f95c/signin.php
40,10,1,1,0,0,1,0,1,0,2,0,0,0,0,0,https://citrix.com/blog/machine-learning
98,22,2,2,0,38,1,0,0,0,3,0,0,0,0,1,http://xn--ugbd1cbxo23egh.com/citrixsh/741aab48efe6941bf0620552b7fb6753/sf8743rg387efg9823983.html
37,28,2,0,0,2,1,0,1,1,0,0,0,0,0,1,https://secureatt16.godaddysites.com/
85,18,3,0,1,0,3,0,0,0,4,0,0,0,0,1,http://ozairtradelink.com/wetransfer/wetransfer/wetransfer/index.php?email=jpm@jpm.pt
29,15,2,0,0,2,1,0,1,0,1,0,0,0,0,0,https://www.mingky08.tv/about
48,20,2,0,0,0,1,0,1,0,3,0,0,0,0,1,https://toywatchofficial.icu/PI/rr/microsoft.php
281,27,3,1,0,66,23,0,1,1,7,0,0,0,0,1,https://eliotecae-my.sharepoint.com/:x:/r/personal/subind_eliotec_ae/_layouts/15/WopiFrame.aspx?guestaccesstoken=AKOWBwdwm%2f15EP8ZSWuw1id0VMpQmkm3Vc4jWVddIRw%3d&docid=1_1b124a04726944c449498756807aaae31&wdFormId=%7B4D4710FA%2D1101%2D4C23%2D9580%2D7CCE85E183BE%7D&action=formsubmit
40,12,3,0,0,0,1,0,1,0,2,0,0,0,0,1,https://myozhost.com/otpbank.hu/otp.html
132,16,3,0,0,9,3,0,1,1,2,0,0,0,0,1,https://forms.office.com/Pages/ResponsePage.aspx?id=DQSIkWdsW0yxEjajBLZtrQAAAAAAAAAAAAZAAAEi3rhUQ0FNUU5RMzNYUkY1T1gxMjFRU1UxV1VIUy4u
63,15,2,3,0,0,1,0,1,0,3,0,0,0,0,0,https://www.zscaler.com/questions/tagged/how-to-implement-model
26,9,1,0,0,1,1,0,0,0,2,0,0,0,0,1,http://sonnex.ir/eview/s3/
46,12,2,2,0,0,1,0,1,0,2,0,0,0,0,0,https://www.agkn.com/scikit-learn/scikit-learn
70,9,6,0,0,0,2,0,0,0,6,1,0,0,0,1,http://feelio.cc/_archived/U.S.Bank/U.S.Bank/home/auth/information.php
255,26,2,0,0,100,10,0,1,0,3,1,0,0,0,1,https://leadershipauthoritypro.com/karfitalwan/4bf4a0ac75cfa308fd2b1f0a8db2c8a8/step1.php?cmd=login_submit&amp;id=291a64fa1498fb73545681dc9dd0c5e3291a64fa1498fb73545681dc9dd0c5e3&amp;session=291a64fa1498fb73545681dc9dd0c5e3291a64fa1498fb73545681dc9dd0c5e3
53,13,2,0,0,0,4,0,1,0,1,0,0,0,0,0,https://www.taleo.net/search?q=cybersecurity+research
36,8,1,1,0,0,1,0,1,0,2,0,1,0,0,0,https://comix.to/topics/python-guide
33,12,2,0,0,0,1,0,0,1,2,0,0,0,0,1,http://wonand.co.kr/blog/profile/
40,12,2,0,0,2,1,0,1,1,2,0,0,0,0,0,https://dev.24ur.com/category/technology
20,13,2,0,0,0,1,0,0,0,0,0,0,0,0,0,http://www.semana.es
59,14,3,1,0,5,7,0,1,0,1,1,0,0,0,1,https://www.ce-ceva.fr/login_site.php?back_url=%2Fcom%2F404
50,17,4,0,0,1,1,0,1,0,3,0,0,0,0,0,https://www.launchpad.net/docs/3/urllib.parse.html
44,25,3,0,0,9,1,0,0,1,1,0,0,0,0,1,http://j3060z7403.codesandbox.io/index3.html
48,11,1,1,0,5,1,0,1,0,3,0,0,0,0,0,https://assoass.com/questions/82750/python-guide
62,12,2,1,0,1,1,0,1,0,4,0,0,0,0,1,https://hobbhobby.ru/wp-admin/NetBanking/iBkPersSite/digi1.php
121,12,4,2,0,26,3,0,0,0,6,0,0,0,0,1,http://email302.com/l/5fc15ea15e66c082e33c48babd5a8ff601a799e6/[emailÃ¯Â¿Â½protected]tageapp.com/-/www.paypal.com/cgi-bin
24,10,1,0,0,0,1,0,1,0,1,0,0,0,0,0,https://cosmose.co/about
47,14,1,0,0,6,4,0,0,0,1,0,0,0,0,1,http://etecindsvc.com/8787/?sec=Wiebke%20Oldsen
31,23,3,1,0,2,1,0,0,2,0,0,0,0,0,1,http://icloud.com.id-auth67.us/
43,10,3,0,0,1,1,0,1,0,3,0,0,0,0,0,https://toyota.com/docs/3/urllib.parse.html
26,11,2,0,0,1,1,0,0,0,1,0,0,0,0,1,http://sit4all.com/OFE.htm
51,23,1,1,0,0,1,0,0,0,2,0,0,0,0,1,http://secureline-helpdesk.com/identifier/verfueger
52,18,2,2,0,0,1,0,1,0,2,0,0,0,0,0,https://www.mediation.goog/scikit-learn/scikit-learn
35,9,1,0,0,3,1,0,1,0,1,0,0,0,0,1,https://forms.gle/uGjm1KN5rRTUdArS6
19,10,2,0,0,0,1,0,1,0,0,0,0,0,0,0,https://www.pex.jp/
165,24,2,3,0,5,5,0,0,0,9,0,0,0,0,1,http://rishishwarfoundation.com/run-charity-lite/documentation-runcharity/css/bootswatch/Cerulean/ficha_artistas/alipay_notify.php/kene/rvgak/?greater=n10wue1gdq2uk5
39,10,1,1,0,0,1,0,0,0,2,0,0,0,0,0,http://jagran.com/blog/machine-learning
50,18,4,0,0,1,1,0,0,1,3,0,0,0,0,0,http://egramswaraj.gov.in/docs/3/urllib.parse.html
64,15,1,0,0,0,1,0,1,0,5,0,0,0,0,1,https://alraufgroup.com/pp/wellsfargo/home/myaccount/emailaccess
28,12,2,0,0,0,1,0,0,1,2,0,0,0,0,0,http://google.co.ve/help/faq
35,20,2,0,0,0,1,0,0,1,2,0,0,0,0,1,http://southernpacker.co.in/css/img
35,16,2,1,0,0,1,0,1,0,1,0,0,0,0,0,https://www.fabulous.com/contact-us
113,15,2,0,0,8,4,0,1,1,5,0,0,0,0,1,https://docs.google.com/forms/d/e/1FAIpQLScsLlEneyg1LEQF3ccWNQgAKvcFE1ZfNwzGu8IxFcTqj6u99w/viewform?usp=send_form
114,8,2,1,0,33,3,0,0,0,6,0,0,0,0,1,http://l7n2.com/news/wp-includes/ID3/boa/ef52eb8368b6c0434f0a44527ffbd9e9/index.php?HmycXlRe3813115987=SMdbwh3TalN
50,17,4,0,0,3,1,0,1,0,3,0,0,0,0,0,https://www.thscore99.com/docs/3/urllib.parse.html
55,17,2,1,0,6,1,0,1,1,4,0,0,0,0,0,https://support.google.sn/news/2024/06/machine-learning
86,34,4,0,0,31,1,0,0,3,3,0,0,0,0,1,http://cartetitolari.mps.it.id1998172.xyz/mps/a1b2c3/9555b81ee1c5a1fed8b9098db1911358/
57,18,2,1,0,5,1,0,1,1,3,0,0,0,0,0,https://support.sexvid.pro/questions/93578/best-practices
48,18,1,1,0,0,1,0,1,0,2,0,0,0,0,0,https://elconfidencial.com/topics/best-practices
53,12,1,0,0,0,1,0,1,0,5,0,0,0,0,1,https://roboproxy.io/storage/debugbar/gti/css/remerz/
23,9,2,0,0,1,1,0,1,1,1,0,0,0,0,1,https://s.yam.com/cQP6q
44,22,4,0,0,0,1,0,0,1,2,0,0,0,0,1,http://www.beta.syemasoft.com/stem/index.php
112,15,2,0,0,5,5,0,1,1,5,0,0,0,0,1,https://docs.google.com/forms/d/e/1FAIpQLSfwV7xcQyhFIe3RYPEr_lh6CPdl9NSfYkQDddyvoZybCtBMLw/viewform?usp=sf_link/
59,15,1,0,0,0,1,0,0,0,6,0,0,0,0,1,http://rickgraynlp.com/home/modules/blog/bloginfo/gps/file/
61,15,2,3,0,4,1,0,1,1,3,0,0,0,0,0,https://en.zefrdata.com/questions/4493/how-to-implement-model
28,12,1,0,0,0,1,0,1,0,1,0,0,0,0,1,https://detarros.com/Nadene/
48,5,1,2,0,6,1,0,1,0,4,0,0,0,0,0,https://kp.ru/news/2024/06/getting-started-guide
51,11,1,0,0,0,4,0,1,0,1,0,0,0,0,0,https://mumsnet.com/search?q=cybersecurity+research
53,19,3,1,0,0,2,0,0,1,2,0,0,0,0,1,http://colegiomoura.com.br/comunicados_arq/my.dhl-com
54,15,1,1,0,6,1,0,1,0,4,0,0,0,0,0,https://withbuddies.com/news/2024/06/tutorial-overview
27,13,2,0,0,0,1,0,1,1,1,0,0,0,0,0,https://dev.picrew.me/about
55,35,2,3,0,3,1,0,1,1,1,0,0,0,0,1,https://fique-em-casa-ita.000webhostapp.com/desbloqueio
24,15,2,0,0,0,1,0,1,0,0,0,0,0,0,0,https://www.wyzecam.com/
40,23,2,1,0,0,1,0,0,0,1,0,0,0,0,1,http://www.euphoria-market.com/loggawum/
34,21,2,1,0,0,1,0,0,0,1,0,0,0,0,1,http://www.theapple-tech.com/Bruv/
99,15,2,2,0,6,1,0,1,1,5,0,0,0,0,1,https://docs.google.com/forms/d/e/1FAIpQLSclbkbRSLykpwL545fLmzsTHcfuduQf-H-atohlo84aUCZlDw/viewform
38,31,2,0,0,0,1,0,0,1,0,0,0,0,0,1,http://betasusgirisadresi.blogspot.com
49,26,2,0,0,0,1,0,0,0,2,1,0,0,0,1,http://urbanbicycleoutfitters.net/cabin/login.php
34,15,1,1,0,4,1,0,0,0,2,1,0,0,0,1,http://proxima-net.com/0193/webscr
26,18,2,0,0,0,1,0,1,1,0,0,0,0,0,0,https://support.parade.com
43,16,2,0,0,0,1,0,0,1,2,0,0,0,0,1,http://sites.google.com/site/libretyreserve
22,6,1,0,0,2,1,0,1,0,1,0,1,0,0,1,https://bit.ly/35hTRqk
42,20,3,0,1,2,3,0,0,1,0,0,0,0,0,1,http://cheaphostingsa.co.za/?73=per@ulv.no
49,8,1,1,0,5,1,0,0,0,3,0,0,0,0,0,http://spec.org/questions/95515/tutorial-overview
52,14,2,1,0,6,1,0,1,1,4,0,0,0,0,0,https://en.informer.rs/news/2024/06/machine-learning
20,7,1,1,0,0,1,0,0,0,1,0,0,0,0,1,http://i-to.cc/IhbGu
64,12,1,0,0,22,1,0,0,0,3,0,0,0,0,1,http://enigreen.net/ck/content/46396a075528717abd52b14b6c8fa2e1/
45,24,2,0,0,0,1,0,1,0,1,0,0,0,0,1,https://vocepertinhodamagalu.com/promocao.php
39,17,2,0,0,0,1,0,1,1,2,0,0,0,0,0,https://blog.flirtify.com/wiki/Phishing
26,9,1,0,0,0,1,0,1,0,2,0,0,0,0,0,https://exodus.io/help/faq
28,20,1,0,0,0,1,0,0,0,0,0,0,0,0,1,http://autoatencionpizza.cl/
50,12,2,1,0,7,1,0,1,0,3,0,0,0,0,0,https://www.i993.com/questions/8700/best-practices
26,9,1,0,0,0,1,0,1,0,2,0,0,0,0,0,https://ladies.de/help/faq
53,24,3,1,0,0,1,0,0,0,2,1,0,0,0,1,http://www.fn-international.com/sendstudio/login.aspx
28,11,1,0,0,2,1,0,1,0,1,0,1,0,0,1,https://tinyurl.com/yx3p9jra
32,18,2,0,0,0,1,0,1,1,1,0,0,0,0,0,https://en.sarkariexam.com/about
25,6,1,0,0,4,1,0,0,0,1,0,0,0,0,1,http://htl.li/kL5q30q5utK
28,11,2,0,0,0,1,0,1,1,2,0,0,0,0,0,https://api.nfl.com/help/faq
30,11,2,1,0,0,1,0,1,1,1,0,0,0,0,0,https://blog.max.ru/contact-us
29,14,1,0,0,0,1,0,0,0,1,0,0,0,0,0,http://gaiaonline.com/pricing
44,23,1,0,0,0,1,0,1,0,2,0,0,0,0,1,https://nationalsportsgroup.icu/doc/onedrive
33,17,2,0,0,0,1,0,1,1,1,0,0,0,0,0,https://docs.jqueryui.com/pricing
232,24,4,1,0,88,8,0,1,1,4,1,0,0,0,1,https://www.koreansamurai.com.au/wp-includes/certificates/retail/login.php?cmd=login_submit&id=750b90e1a517e85153f6c4e8a38dd836750b90e1a517e85153f6c4e8a38dd836&session=750b90e1a517e85153f6c4e8a38dd836750b90e1a517e85153f6c4e8a38dd836
99,15,2,0,0,7,2,0,1,1,5,0,0,0,0,1,https://docs.google.com/forms/d/e/1FAIpQLSeLU7dghlgKaPIokHBxT3yr_2a4HUOlyLChjaqw16SqveoWKw/viewform
51,18,1,1,0,0,1,0,1,0,2,0,0,0,0,0,https://rubiconproject.com/products/analytics-suite
30,13,1,0,0,0,1,0,1,0,2,0,0,0,0,0,https://rixengine.com/help/faq
54,18,3,1,0,2,1,0,0,2,3,0,0,0,0,1,http://mail.speedy.com.pk/wp-content/plugins/rbcbank19
27,14,3,0,0,11,1,1,0,0,1,0,0,0,0,1,http://165.22.103.235/banks
29,15,2,0,0,0,1,0,1,0,1,0,0,0,0,0,https://www.pornhub.org/about
52,18,2,0,0,0,2,0,1,1,2,0,0,0,0,0,https://support.elpais.com/wiki/Network_architecture
61,14,2,2,0,0,1,0,1,0,3,0,0,0,0,0,https://www.unicef.org/questions/tagged/getting-started-guide
70,11,4,0,0,3,4,0,0,0,1,0,0,0,0,1,http://51jianli.cn/images/?ref=hxxp:./pxzugfbus.battle.net/d3/en/index
26,19,2,0,0,6,1,0,0,1,0,0,0,0,0,1,http://c90521v3.beget.tech
28,14,2,0,0,0,1,0,1,0,1,0,0,0,0,0,https://www.dns.google/about
46,14,2,1,0,0,1,0,1,0,2,0,0,0,0,0,https://www.sbixby.com/topics/machine-learning
177,18,2,2,0,8,20,0,0,0,4,1,0,0,0,1,http://thewintershops.com/wp-admin/-/account_americafirstCU_login/login.php?cmd=login_submit&amp;id=MTY0NjUxODM3OA==MTY0NjUxODM3OA==&amp;session=MTY0NjUxODM3OA==MTY0NjUxODM3OA==
48,18,2,1,0,0,1,0,1,0,2,0,0,0,0,0,https://www.tilhempel.info/blog/machine-learning
123,15,2,2,0,0,10,0,0,0,2,0,0,0,0,1,http://playarprint.com/chase/home.php?public/enroll/identifyuser-aspx-lob=rbglogon=mjazmzyzodawoa==mjazmzyzodawoa==&amp;amp
138,25,2,1,0,23,9,0,0,0,5,1,0,0,0,1,http://southcountyclassified.com/wp-includes/chtayd_ikfdn/69835de92809a31cee224056335cbb38/view/login.php?amp&amp;amp&amp;cmd=login_submit
40,17,2,0,0,1,1,0,1,1,2,0,0,0,0,0,https://docs.codebig2.net/explore/topics
44,12,3,0,0,0,1,0,1,0,2,0,0,0,0,1,https://myozhost.com/otpbank.hu/details.html
46,13,2,0,0,0,1,0,1,0,2,0,0,0,0,1,https://swahasteel.in/arvidsjaurairport.se/inc
70,7,4,0,0,0,4,0,1,0,1,0,0,1,0,1,https://link.do/redirect.php?to=https://guavaberryjuices.com/redir.php
26,17,1,0,0,0,1,0,1,0,0,0,0,0,0,1,https://lachambredezoe.fr/
36,10,1,0,0,0,1,0,1,0,2,0,0,0,0,0,https://kremlin.ru/products/software
30,11,2,1,0,0,1,0,1,1,1,0,0,0,0,0,https://docs.ku.edu/contact-us
53,16,2,0,0,0,1,0,0,0,4,0,0,0,0,1,http://aubootlegger.com/rbcroyalbank/home/app/log.php
30,16,1,0,0,0,1,0,1,0,1,0,0,0,0,0,https://choicehotels.com/about
66,26,2,1,0,0,1,0,1,0,3,0,0,0,0,0,https://www.healthfusionclaims.com/questions/tagged/best-practices
105,25,2,1,0,18,2,0,0,0,5,1,0,0,0,1,http://southcountyclassified.com/wp-includes/chtayd_ikfdn/8fdc2a4ce37cf927ae6477474ed9e2d1/view/login.php
43,24,2,0,0,0,1,0,0,0,2,0,0,0,0,1,http://spartanlandsurveying.com/veri/up.php
39,16,2,0,0,0,1,0,1,0,2,0,0,0,0,0,https://www.cachefly.net/explore/topics
28,14,2,0,0,0,1,0,1,1,1,0,0,0,0,0,https://docs.xhtv.blog/about
19,11,1,0,0,0,1,0,1,0,0,0,0,0,0,0,https://buddyns.com
45,23,5,0,0,0,1,0,1,3,1,0,0,0,0,1,https://rakuten.co.jp.wshtkh.ph/registfwd.php
61,23,2,1,0,6,1,0,0,1,4,0,0,0,0,0,http://blog.playfootball.games/news/2024/06/tutorial-overview
34,20,2,0,0,0,1,0,1,0,1,0,0,0,0,0,https://www.ojogodobicho.com/about
31,12,2,1,0,0,1,0,1,1,1,0,0,0,0,0,https://api.mooo.com/contact-us
48,15,2,0,0,0,4,0,1,0,1,0,0,0,0,0,https://www.telegram.me/search?q=neural+networks
55,14,2,1,0,6,1,0,1,1,3,0,0,0,0,0,https://blog.d2jsp.org/questions/54151/machine-learning
30,14,1,0,0,0,1,0,1,0,1,0,0,0,0,0,https://curseforge.com/pricing
29,20,2,0,0,0,1,0,1,1,0,0,0,0,0,1,https://mailiaatt.weebly.com/
56,15,2,1,0,5,1,0,1,1,3,0,0,0,0,0,https://blog.flurry.com/questions/19903/machine-learning
221,11,1,0,0,118,2,0,0,0,1,0,0,0,0,1,http://haraktis.ru/includes/?4acd1defd0a5e7a0a7d5d9a6b401be0c299ac4560754abc9b546f22bc239c297d8a54f2a03090f8594e02ae7d34331a85d109ec335eee164a546fbbbc8ba14a0be332e8a7e7730d890cd560759311c81d95bf9050e897e8cd5f3682ce4d27e13
43,18,1,1,0,4,1,0,1,0,1,0,0,0,0,1,https://brussel-airport.be/5f2sfca2lyo0dwhv
185,21,1,2,0,27,10,0,0,0,9,0,0,0,0,1,http://yourfitnesscorner.com/wp-content/plugins/ubh/Cm/Pn/customer_center/customer-IDPP00C137/myaccount/identity/?amp;dispatch=cbf17d287eed633ea2a4742c98b0dd11c55c2d9b&amp;cmd=_session=
32,16,3,1,0,0,1,0,0,0,1,0,0,0,0,1,http://www.nomad-art.hu/atik.htm
46,18,2,2,0,0,1,0,1,1,2,0,0,0,0,0,https://blog.html-load.com/blog/best-practices
53,20,3,0,0,0,1,0,1,0,3,0,0,0,0,1,https://www.poetkaustubh.com/cathy/daricek/error.html
56,20,3,0,0,0,2,0,1,1,3,1,0,0,0,1,https://securecuserver.co.uk/~dumbarton/webapp/login.php
41,21,2,0,0,0,1,0,0,0,3,0,0,0,0,1,http://www.assicuriamoci.net/images/am/sp
48,23,2,0,0,2,1,0,0,0,2,0,0,0,0,1,http://howtowriteaboutfood.com/excel19/index.php
120,19,1,2,0,5,2,0,0,0,9,1,0,0,0,1,http://tokokainbandung.com/wp-content/themes/theretailer/inc/addons/login/customer_center/customer-IDPP00C672/myaccount/
51,28,4,1,0,9,1,0,0,3,4,0,0,0,0,1,http://u707453pis.ha004.t.justns.ru/envoi/N-/io/pin
57,19,2,2,0,6,1,0,1,1,4,0,0,0,0,0,https://blog.vercel-dns.com/news/2024/06/machine-learning
69,16,4,0,0,0,4,0,0,0,2,1,0,0,0,1,http://taijishentie.com/js/index.htm?us.battle.net/login/en/?ref=http
58,22,3,0,0,0,1,0,1,1,2,0,0,0,0,1,https://storage.googleapis.com/itaunovocliente/acesso.html
40,13,2,0,0,0,1,0,0,1,2,0,0,0,0,0,http://en.doubao.com/category/technology
47,20,2,0,0,0,1,0,1,1,2,0,0,0,0,0,https://blog.redditmedia.com/wiki/Cybersecurity
91,13,1,1,0,23,2,0,0,0,4,1,0,0,0,1,http://effafrica.org/wp-content/redirection/Netflix_update/5ee5605917626676f6a285fa4c10f7b0
73,17,2,2,0,0,1,0,0,0,5,0,0,0,0,1,http://abbasghorbani.com/wp-content/languages/plugins/ro/redirect-new.php
46,12,1,2,0,0,1,0,1,0,2,0,0,0,0,0,https://niconsul.com/scikit-learn/scikit-learn
55,16,2,1,0,0,1,0,1,1,3,0,0,0,0,0,https://blog.theweek.com/questions/tagged/release-notes
24,7,1,0,0,0,1,0,1,0,2,0,0,0,0,0,https://rshb.ru/help/faq
23,16,1,0,0,0,1,0,0,0,0,0,0,0,0,1,http://gooyatoronto.com
24,8,1,0,0,0,1,0,0,0,2,0,0,0,0,0,http://gmru.net/help/faq
39,14,2,0,0,0,1,0,1,1,2,0,0,0,0,0,https://dev.skelbiu.lt/support/overview
28,12,1,0,0,0,1,0,1,0,1,0,0,0,0,0,https://autogidas.lt/pricing
43,9,1,2,0,0,1,0,1,0,2,0,0,0,0,0,https://gopro.com/scikit-learn/scikit-learn
35,16,2,1,0,0,1,0,1,1,1,0,0,0,0,0,https://api.freetype.org/contact-us
47,20,2,1,0,0,1,0,0,1,2,0,0,0,0,0,http://api.capcutstatic.com/topics/python-guide
73,19,1,1,0,0,1,0,0,0,6,0,0,0,0,1,http://nothingelsefilm.com/wp-content/themes/widescreen/includes/temp/hed
53,34,2,0,0,0,1,0,0,0,3,0,0,0,0,1,http://www.arsalanconstructioncompany.com/ali/ali/ali
86,14,2,1,0,25,1,0,0,0,5,0,0,0,0,1,http://art-sticker.fr/humby/librairies/manual/4f369c64f0d85c3874418eb961017059/way.php
54,14,2,0,0,0,4,0,1,1,1,0,0,0,0,0,https://blog.lijit.com/search?q=cybersecurity+research
28,20,2,0,0,0,1,0,1,1,0,0,0,0,0,0,https://dev.ponyexpress.tech
23,15,1,0,0,0,1,0,1,0,0,0,0,0,0,0,https://sentinelone.net
36,17,2,1,0,0,1,0,1,1,1,0,0,0,0,0,https://elephantbet.co.mz/contact-us
49,9,1,0,0,0,4,0,1,0,1,0,0,0,0,0,https://diigo.com/search?q=cybersecurity+research
48,22,3,0,0,0,1,0,1,1,2,0,0,0,0,0,https://www.mercadopago.com.ar/category/research
110,31,4,0,0,19,1,0,0,1,6,0,0,0,0,1,http://cafecitoperez.ivanidzakovic.com/admin/aociufd/goodl.vci/1b8e4abcd0717715eb607d1fc37b5f3d/view/surf2.php
53,15,2,1,0,0,1,0,1,1,3,0,0,0,0,0,https://en.resetera.com/questions/tagged/python-guide
52,21,2,0,0,0,1,0,1,0,2,1,0,0,0,1,https://raiffeisenonlline.com/eBankingWeb/login.html
67,8,2,1,0,1,1,0,0,0,7,0,0,0,0,1,http://m5wx.com/news/wp-content/plugins/fyaoutu/yo/wells/index.html
29,12,2,0,0,0,1,0,1,0,1,0,0,0,0,1,https://dnsservis.ml/eBay.de/
49,10,1,0,0,0,4,0,0,0,1,0,0,0,0,0,http://adroll.com/search?q=cybersecurity+research
52,10,2,1,0,0,1,0,1,0,3,0,0,0,0,0,https://www.osf.io/questions/tagged/machine-learning
32,23,2,0,0,0,1,0,1,1,0,0,0,0,0,1,https://kiwanplusa.blogspot.com/
66,31,3,1,0,1,2,0,1,1,2,0,0,0,0,1,https://atualizacao-segura.serveirc.com/Cadastro/AppLogin_prt2.php
249,19,3,2,0,78,7,0,0,1,8,1,0,0,0,1,http://autorizador5.com.br/wp-includes/customize/paypal/account/verified/paypal/fr/login.php?cmd=_login-run&amp;dispatch=5885d80a13c0db1f998ca054efbdf2c29878a435fe324eec2511727fbf3e9efcd4ad0088c09368cbb21877b365a7cfe6d4ad0088c09368cbb21877b365a7cfe6
53,14,2,1,0,0,1,0,0,1,3,0,0,0,0,0,http://docs.sefon.pro/questions/tagged/best-practices
49,18,2,2,0,0,1,0,1,1,2,0,0,0,0,0,https://docs.anime-sama.to/products/cloud-storage
28,11,1,0,0,0,1,0,1,0,2,0,0,0,0,0,https://verkada.com/help/faq
36,14,2,0,0,1,1,0,0,1,2,0,0,0,0,0,http://support.w3.org/explore/topics
60,21,4,1,0,0,1,0,1,0,1,0,0,0,0,1,https://www.policyplanner.com/verificaciones-netflix.com.ar/
21,13,2,0,0,0,1,0,1,1,0,0,0,0,0,0,https://en.xvideos.es
99,15,2,0,0,5,1,0,1,1,5,0,0,0,0,1,https://docs.google.com/forms/d/e/1FAIpQLSeubrt0znKtChuQs7WA1ivmdDviHlUvNruVJRNmyF8uFejTkA/viewform
53,24,2,0,0,1,1,0,1,1,2,0,0,0,0,0,https://support.volcfcdndvs1.com/category/engineering
73,18,1,1,0,19,1,0,0,0,2,0,0,0,0,1,http://poligrafiapias.com/Secured-adobe/08fd9fb31cf324e5ac015c21865c28ea/
321,26,3,9,0,75,22,0,1,1,5,0,0,0,0,1,https://norcaltc-my.sharepoint.com/personal/acolon_norcaltc_org/_layouts/15/WopiFrame.aspx?guestaccesstoken=obLmRSNJab0pLPJkEM%20LPq7Yi%20wxI62y3XTQO1ndk1M=&amp;docid=1_1eacea0b62e3c42acadef15ddaf48dd46&amp;wdFormId={81C189E5-0638-4871-A666-551AB6C29185}&amp;action=formsubmit&amp;cid=45f175e2-9177-41d1-a470-bdddc50821f9
229,17,2,1,0,85,10,0,0,0,5,1,0,0,0,1,http://advonationusa.com/wp-image/1/service/myaccount/index.php?cmd=login_submit&amp;id=04be7c39a422ac750dc48c0621ec533904be7c39a422ac750dc48c0621ec5339&amp;session=04be7c39a422ac750dc48c0621ec533904be7c39a422ac750dc48c0621ec5339
44,14,2,0,0,0,2,0,1,0,2,0,0,0,0,0,https://www.eapteka.ru/wiki/Machine_learning
186,14,5,0,0,20,17,0,1,0,1,1,0,1,0,1,https://www.google.com/url?hl=en&amp;q=http://www.rugbylabelsolutions.co.uk/drama1/secure/management/&amp;source=gmail&amp;ust=1537885316769000&amp;usg=AFQjCNFGOMmK92rOTE4CanjtiDPIn_LZTg
36,20,2,0,0,0,1,0,1,1,1,0,0,0,0,0,https://support.inmarsat.com/pricing
52,12,2,0,0,0,4,0,1,1,1,0,0,0,0,0,https://dev.kick.com/search?q=cybersecurity+research
45,14,3,1,0,0,1,0,1,2,2,0,0,0,0,0,https://dev.www.gov.uk/products/cloud-storage
46,18,1,1,0,0,1,0,1,0,4,0,0,0,0,1,https://rainbow-walker.com/img/event/svg/path/
52,23,2,0,0,0,1,0,1,0,2,0,0,0,0,0,https://www.nontonanimeid.boats/category/engineering
85,21,1,0,0,25,1,0,1,0,4,0,0,0,0,1,https://cruzsantiagoverta.com/ES/ACTIVAR/9ee40c6cb03fe53407a4d67c54f880c8/d0bdf8d654/
206,15,3,0,0,96,10,0,1,1,2,1,0,0,0,1,https://cidadeweb.tv.br/boalog/login.php?cmd=login_submit&amp;id=42f87089e175211c11ad81a2a6625a4642f87089e175211c11ad81a2a6625a46&amp;session=42f87089e175211c11ad81a2a6625a4642f87089e175211c11ad81a2a6625a46
53,15,3,3,0,0,1,0,1,2,2,0,0,0,0,0,https://dev.mofa.gov.sa/topics/how-to-implement-model
51,19,1,1,0,0,1,0,1,0,2,0,0,0,0,0,https://dailyinnovation.biz/topics/machine-learning
59,16,3,2,0,6,1,0,1,1,4,0,0,0,0,0,https://www.google.co.uk/news/2024/06/getting-started-guide
32,9,2,0,0,0,1,0,1,1,2,0,0,0,0,0,https://ucl.ac.uk/explore/topics
20,12,2,0,0,0,1,0,1,0,0,0,0,0,0,0,https://www.ally.com
92,16,2,10,0,0,1,0,1,0,2,0,0,0,0,1,https://www.reginout.com/help-center/google-drive-not-syncing-learn-how-to-fix-this-problem/
38,14,1,0,0,0,1,0,1,0,2,0,0,0,0,1,https://catholichub.tv/aut/centurylink
77,13,2,1,3,0,3,0,1,0,3,1,0,0,0,1,https://agemcargo.com/wp-content/xxc/Account/?email=l@@nobody@mycraftmail.com
36,11,1,0,0,8,1,0,1,0,1,0,0,0,0,1,https://securlty.be/c9eou5dat224s165
34,9,2,0,0,0,1,0,1,0,2,0,0,0,0,0,https://www.ad.gt/support/overview
21,13,1,1,0,0,1,0,1,0,0,0,0,0,0,0,https://balance-x.com
40,16,3,0,0,0,1,0,0,2,3,0,0,0,0,1,http://webkc.dede.go.th/pic/mix/xfinity/
56,29,2,3,0,11,2,0,0,0,1,1,0,0,0,1,http://fb-recovery-10000076920-it.tk/update_security.htm
40,25,2,0,0,8,1,0,1,1,1,0,0,0,0,1,https://623112j4j3.codesandbox.io/kaifa/
30,22,2,0,0,1,1,0,0,1,0,0,0,0,0,1,http://whatsapplendir.4pu.com/
261,20,2,0,0,40,6,0,0,0,2,0,0,0,0,1,http://videosfacebook.today/app/facebook.com?lang=en&amp;key=phqiyt8j2q4e8ugtypxeb1tgvgkzrpj6ckxdawvic4n0xj2o351bgkcaapb1tohpf8zdqevlyb5whosi19nm519vwnb6fbrk0bpyzz9r05jl3563cuwrjzllepedcepod0e6gfmxthive3hpal6krtmwetfuyccaig9sfezd863gvw3zvf5gtrozxrqh4kgzujpfagjl
75,17,4,1,0,0,1,0,0,0,6,0,0,0,0,1,http://cpi-automation.ch/Telus/directing/easyweb.td.com/waw/idp/Loginn.html
88,24,3,1,1,0,3,0,1,1,5,0,0,0,0,1,https://dalparter.oneclick.press/wp-content/plugins/sid/ka/logon/?email=info@ohiocat.com
39,17,1,0,0,0,1,0,1,0,2,0,0,0,0,0,https://sarkariresult.com/wiki/Phishing
35,9,1,0,0,0,1,0,1,0,2,0,0,0,0,0,https://adrta.com/products/software
118,28,1,0,0,8,1,0,1,0,2,0,0,0,0,1,https://drcorreamejoresimplantes.com/wave/tkYMxte19njQAJF0roKb6TP0vjxtkUjNeizMLONVc7LMRrNiQxuWrjXWDvpXpJLD2lpOadJmkv9/
67,30,6,0,0,0,1,0,0,1,2,0,0,0,0,1,http://errictandalex.kenaidanceta.com/www.spk.de/spk.sicherheit.htm
47,9,1,3,0,0,1,0,1,0,2,0,0,0,0,0,https://abadis.ir/topics/how-to-implement-model
21,12,1,0,0,0,1,0,1,0,0,0,0,0,0,1,https://asusarea.com/
41,7,1,0,0,0,2,0,1,0,2,0,0,0,0,0,https://gnu.org/wiki/Network_architecture
80,23,4,1,0,6,3,0,1,1,2,0,0,0,0,1,https://protect-eu.mimecast.com/s/oU62Cl5D8SokG5WUGx7Mm?domain=onedrive.live.com
171,17,1,2,0,47,9,0,0,0,6,1,0,0,0,1,http://lucidfestival.com/wp-admin/network/icl/oud/setA/app/?app=login-detail&amp;session=a4d7f59c8fe237576f2fe89b43db73f8&amp;wait=6c1514420683e098941ddf8c6079aac9ed7453a8
39,18,2,0,0,0,1,0,0,0,2,0,0,0,0,1,http://www.francogatta.it/blog/profile/
37,18,2,1,0,0,1,0,1,1,1,0,0,0,0,0,https://bookcapital.com.my/contact-us
44,11,3,0,0,1,1,0,1,0,3,0,0,0,0,0,https://paymaya.com/docs/3/urllib.parse.html
58,25,4,0,0,1,1,0,1,1,3,0,0,0,0,0,https://support.paypalobjects.com/docs/3/urllib.parse.html
71,15,2,1,0,1,1,0,1,0,5,0,0,0,0,1,https://sknaquatech.com/wp-content/themes/twentyfifteen/chase/step1.php
66,29,3,0,0,0,1,0,1,0,3,0,0,0,0,1,https://www.chericartercounseling.com/bedford/securefile/index.php
113,22,5,1,0,13,5,0,1,1,3,0,0,0,0,1,https://storage.googleapis.com/staging.y6t5rfchghui7t86tuku79.appspot.com/f%20ry%206gb-igo/fr5uyfg#EMAIL_REDACTED
26,11,1,0,0,3,1,0,0,0,1,0,0,0,0,1,http://gkjx168.com/images/
43,14,1,0,0,3,1,0,1,0,3,0,0,0,0,1,https://catholichub.tv/an/centurylink/e4b12
96,15,4,2,0,0,1,0,0,1,6,1,0,0,0,1,http://conasevi.gob.sv/.well-known/pki-validation/labanquepostalesup/actuel/admpostale/login.php
46,26,2,0,0,0,1,0,0,0,2,0,0,0,0,1,http://www.usdatatechnologies.com/NSG/OneSway/
22,11,1,0,0,2,1,0,0,0,1,0,0,0,0,1,http://cdgolf44.fr/cs/
47,17,2,2,0,2,1,0,1,1,2,0,0,0,0,0,https://api.awsdns-02.com/blog/machine-learning
46,16,1,0,0,0,4,0,1,0,1,0,0,0,0,0,https://libramemoria.com/search?q=data+science
207,11,3,0,0,19,11,0,1,1,1,0,0,0,0,1,https://t.umblr.com/redirect?z=https%3A%2F%2Fkejartargerbelirumahbesar.com%2F%3FHgtashaWXhas&amp;t=OGE2NDJhNDExZDgyYjU0ZDQzYjc2MzE0ZGUzOWZiNGEzNzNkYjRlOCw3ODIyYTM0Y2Y5MzQ3ZWYzMDA5NjM2ZmM1MDA1NjgwMDA5ZGRlZGJi
50,17,2,0,0,0,2,0,1,1,2,0,0,0,0,0,https://blog.farfetch.com/wiki/Logistic_regression
35,10,1,0,0,0,3,0,0,0,1,0,1,0,0,1,http://rebrand.ly/App_novo_cadastro
43,10,2,1,0,0,1,0,1,0,2,0,0,0,0,0,https://www.ap.org/products/analytics-suite
35,10,1,0,0,0,1,0,1,0,2,0,0,0,0,0,https://ctvnews.ca/support/overview
53,14,2,0,0,0,4,0,0,1,1,0,0,0,0,0,http://dev.celtra.com/search?q=cybersecurity+research
44,14,1,0,0,0,1,0,0,0,3,1,0,0,0,1,http://schachkraft.de/login/myaccount/signin
40,14,2,1,0,0,1,0,0,1,2,0,0,0,0,0,http://docs.xpaja.net/blog/release-notes
67,29,2,3,0,0,1,0,1,1,2,0,0,0,0,0,https://blog.awsglobalaccelerator.com/topics/how-to-implement-model
58,29,3,2,0,0,1,0,1,1,3,0,0,0,0,1,https://atendimento-sac-pg.joomla.com/br/netflix/index.php
38,8,1,1,0,0,1,0,1,0,2,0,0,0,0,0,https://banki.ru/topics/best-practices
15,4,1,0,0,2,1,0,0,0,1,0,1,0,0,1,http://3.ly/uh6
61,22,3,0,0,0,1,0,1,1,2,0,0,0,0,1,https://storage.googleapis.com/regularizeambiente/acesso.html
50,20,2,1,0,0,1,0,1,0,3,0,0,0,0,1,https://www.butlercourse.com/wp-includes/inf/home/
97,21,1,1,0,0,1,0,0,0,9,1,0,0,0,1,http://mintandchopsticks.com/wp-includes/images/media/your/apple/id/verification/customer/secure/
81,14,1,1,0,5,2,0,0,0,5,1,0,0,0,1,http://myindiaone.com/signin/customer_center/customer-IDPP00C127/myaccount/signin
30,14,3,0,0,0,1,0,1,1,1,0,0,0,0,0,https://www.mgm.gov.tr/pricing
38,7,1,1,0,0,1,0,1,0,2,0,0,0,0,0,https://pscp.tv/products/cloud-storage
148,42,2,2,0,9,7,0,1,1,5,0,0,0,0,1,https://coastwholesaleappliances-my.sharepoint.com/:o:/g/personal/mfiorini_coastappliances_com/EkGIo42ixgVMrGrUj7hSx1sBUjI-eqG6t2m9bxmCb9LAtw?e=4sMG
51,15,2,3,0,0,1,0,1,1,2,0,0,0,0,0,https://blog.selcdn.net/blog/how-to-implement-model
28,9,1,1,0,0,1,0,1,0,1,0,0,0,0,0,https://mradx.net/contact-us
37,29,2,1,0,2,1,0,0,1,0,0,0,0,0,1,http://uprowadzenie-dworzec48.net.pl/
31,23,2,0,0,0,1,0,0,1,0,0,0,0,0,1,http://onedocsb.atwebpages.com/
35,13,2,0,0,3,1,0,1,1,2,0,0,0,0,0,https://api.405kk.com/wiki/Phishing
28,6,1,0,0,0,1,0,1,0,2,0,0,0,0,0,https://al.com/wiki/Phishing
134,32,3,4,0,1,12,0,1,1,2,0,0,0,0,1,https://e-bay.live-help-support.services/phplive/phplive.php?d=0&onpage=livechatimagelink&title=Live+Chat+Direct+Link&tokenmessage-id:
40,15,2,0,0,0,1,0,1,1,2,0,0,0,0,0,https://blog.teenxy.com/support/overview
25,17,2,0,0,0,1,0,1,1,0,0,0,0,0,0,https://api.sharechat.com
63,7,2,0,0,19,1,0,0,0,3,0,0,0,0,1,http://endo.ba/bancor/8bb8e1892ee9af81dfc6645a49e0320b/info.php
27,11,1,0,0,1,1,0,1,0,1,0,1,0,0,1,https://tinyurl.com/t5xmtzn
35,14,1,0,0,0,1,0,0,0,2,0,0,0,0,1,http://kaitystein.com/blog/profile/
32,23,2,0,0,0,1,0,1,1,0,0,0,0,0,0,https://docs.cukrarnauandela.cz/
26,17,2,0,0,0,1,0,1,0,0,0,0,0,0,1,https://www.eebilling.com/
34,17,1,0,0,0,1,0,0,0,2,0,0,0,0,1,http://tubepchiunuoc.com/cher/dret
48,6,1,1,0,0,1,0,1,0,3,0,0,0,0,0,https://ors.at/questions/tagged/machine-learning
34,6,1,1,0,0,1,0,1,0,2,0,0,0,0,0,https://qvc.de/topics/python-guide
55,12,1,1,0,0,1,0,1,0,3,0,0,0,0,0,https://worldcat.org/questions/tagged/tutorial-overview
48,13,2,1,0,0,1,0,0,1,4,0,0,0,0,1,http://streck.com.br/wp-includes/js/crop/xinklin
29,21,2,0,0,0,1,0,1,1,0,0,0,0,0,0,https://support.smartclip.net
45,9,1,0,0,0,4,0,1,0,1,0,0,0,0,0,https://people.cn/search?q=python+programming
229,29,2,0,0,80,10,0,1,0,3,1,0,0,0,1,https://faridabadeducationcouncil.com/chase/Chasebank/login.php?cmd=login_submit&amp;id=628ba6159987f44b2cbd0779a45fc6aa628ba6159987f44b2cbd0779a45fc6aa&amp;session=628ba6159987f44b2cbd0779a45fc6aa628ba6159987f44b2cbd0779a45fc6aa
279,30,3,2,0,53,20,0,1,1,5,0,0,0,0,1,https://profabtxtest-my.sharepoint.com/personal/dallas_profab-tx_com/_layouts/15/WopiFrame.aspx?guestaccesstoken=ZZCHAIoLaMQsL2s1HKYuNY81ZdqrmrfIhCsYMQjLOkY%3d&docid=1_1c1e697af1a45427a9aa5269bfae2d689&wdFormId=%7BFFB3B837%2D02F5%2D4BEA%2DA341%2DE2D3C817901D%7D&action=formsubmit
42,25,2,0,0,0,1,0,1,1,2,0,0,0,0,0,https://support.latamairlines.com/help/faq
57,22,3,0,0,0,1,0,1,1,2,0,0,0,0,1,https://storage.googleapis.com/systematic/suntrustce.html
50,15,2,1,0,6,1,0,1,1,4,0,0,0,0,0,https://api.nbcnews.com/news/2024/06/release-notes
25,11,1,0,0,0,1,0,1,0,1,0,0,0,0,0,https://conviva.com/about
51,16,1,1,0,0,1,0,0,0,3,0,0,0,0,1,http://pruprioritas.net/wp-includes/images/smilies/
44,17,2,1,0,0,1,0,0,0,2,1,0,0,0,1,http://dexterlimited.com/wp-admins/login.php
66,19,3,1,0,8,1,0,1,1,5,0,0,0,0,1,https://sempreaberto.com.br/wp-admin/64565/banks/RBC/rbcgi3m01.php
54,21,4,0,0,1,1,0,1,0,3,0,0,0,0,0,https://www.midasplayer.cloud/docs/3/urllib.parse.html
36,19,2,0,0,0,1,0,1,0,2,0,0,0,0,0,https://www.showcamrips.com/help/faq
77,16,1,1,0,8,1,0,0,0,7,0,0,0,0,1,http://futureofiran.com/wp-content/uploads/2019/06/mahaconnect19/maha/connect
45,27,2,1,0,0,1,0,0,1,2,0,0,0,0,1,http://zelle.updates-securitys.com/banks/boa/
34,25,2,1,0,0,1,0,1,1,0,0,0,0,0,1,https://brasil-acesso.pagedemo.co/
46,21,2,0,0,0,1,0,0,0,2,0,0,0,0,0,http://www.boardgamegeek.com/category/research
136,38,2,1,0,13,7,0,1,1,5,0,0,0,0,1,https://telecomenterpriseinc-my.sharepoint.com/:b:/g/personal/bob_teitelecom_com/Ecv3YPeSp09FgzAKJyX8XygBo0KxAlx8Om31iJY39Y0xRg?e=c92JXb
241,12,2,1,0,92,10,0,0,0,5,1,0,0,0,1,http://itcitymm.com/wp-content/themes/confirmnewboa/confirmnewboa/login.php?cmd=login_submit&amp;id=4515218e09f14cd803f655dbfd8652074515218e09f14cd803f655dbfd865207&amp;session=4515218e09f14cd803f655dbfd8652074515218e09f14cd803f655dbfd865207
44,17,3,1,0,0,1,0,1,2,2,0,0,0,0,0,https://dev.google.com.lb/blog/release-notes
32,13,1,1,0,0,1,0,1,0,1,0,0,0,0,0,https://openwebmp.com/contact-us
32,23,1,1,0,0,1,0,1,0,0,0,0,0,0,1,https://hm-onlineapplication.ga/
84,17,2,1,0,0,1,0,0,0,7,0,0,0,0,1,http://aegisredmedia.com/wp-content/plugins/sid/engl/WeTransfer/WeTransfer/index.php
137,17,2,1,0,10,4,0,0,0,11,0,0,0,0,1,http://shingo-moriya.com/Users/All%20Users/Microsoft/MapData/mapscache/ext1/08/submitarticles/toolbar.php/pxcf/dmsuw/?ahead=h112csym0q0af
25,17,2,0,0,1,1,0,0,1,0,0,0,0,0,1,http://paypal.ping0n.vip/
57,49,2,5,0,2,1,0,0,1,0,0,0,0,0,1,http://diskussionsforen-ebay-de-ws-ebaysappii1.html-5.me/
53,20,4,0,0,4,1,0,1,1,3,0,0,0,0,0,https://docs.porno365.broker/docs/3/urllib.parse.html
127,21,2,0,0,6,1,0,1,0,3,1,0,0,0,1,https://jeffgallaghergolf.com/pkk/SelAAAAAXNSR0IArs4c6QAAAARnQU1BAACxjwv8YQUAAAAJcEhZcwAADsQAAA7EAZUrDhsAAHqNSURBVHhe/login.php
105,22,2,3,0,4,7,0,1,1,4,0,0,0,0,1,https://gfii-my.sharepoint.com/:b:/p/kate_torbert/Ea-SG_NOnYlPtG5jFyhXzhIB3vNsMr7-SyszjQJtIdL2nQ?e=qNwdip
26,19,1,0,0,0,1,0,0,0,0,0,0,0,0,1,http://fbautoreactions.com
38,24,2,0,0,0,1,0,1,0,1,0,0,0,0,1,https://comocurarhemorroides.org/.net/
257,17,2,2,0,102,11,0,0,0,6,1,0,0,0,1,http://advonationusa.com/wp-image/1/customer_center/customer-IDPP00C457/myaccount/index.php?cmd=login_submit&amp;id=503d9f9016786ed52755e69f706d57f5503d9f9016786ed52755e69f706d57f5&amp;session=503d9f9016786ed52755e69f706d57f5503d9f9016786ed52755e69f706d57f5
35,10,1,0,0,0,1,0,1,0,2,0,0,0,0,0,https://arabxn.sex/support/overview
48,14,2,0,0,0,4,0,1,1,1,0,0,0,0,0,https://en.unwomen.org/search?q=machine+learning
48,18,1,0,0,0,1,0,0,0,3,0,0,0,0,1,http://steamcoummunity.gq/en/chat/AmazingAmeliax
48,15,4,0,0,1,1,0,1,0,3,0,0,0,0,0,https://www.hotwire.com/docs/3/urllib.parse.html
41,22,2,0,0,1,1,0,1,1,2,0,0,0,0,1,https://lionbless.typeform.com/to/RODR1U/
52,17,2,2,0,8,1,0,1,0,4,0,0,0,0,0,https://www.awsdns-52.com/news/2024/06/release-notes
115,10,2,0,0,10,8,0,0,0,3,1,0,0,0,1,http://edhs85.com/lnhe/dreb/login.php?cmd=login_submit&id=NDk0MTkxMjc2NDk0MTkxMjc2&session=NDk0MTkxMjc2NDk0MTkxMjc2
47,18,2,1,0,3,1,0,0,0,4,0,0,0,0,1,http://share-relations.de/jsp/163/index.php/URL
39,31,3,1,0,0,1,0,1,2,0,1,0,0,0,1,https://secure.runescape.com-scure.live
34,15,1,1,0,0,1,0,1,0,1,0,0,0,0,0,https://bandsintown.com/contact-us
48,22,2,1,0,0,1,0,1,1,2,0,0,0,0,0,https://blog.multigamezone.com/blog/python-guide
37,12,2,0,0,0,1,0,1,0,2,0,0,0,0,0,https://www.infor.pl/support/overview
64,13,5,0,1,12,3,1,0,0,2,0,0,0,0,1,http://123.242.172.6/inforklangsni/01/?cliente=cazuza@uol.com.br
34,16,2,1,0,0,1,0,0,1,1,0,0,0,0,0,http://api.microsoft.us/contact-us
47,13,2,2,0,0,1,0,1,1,2,0,0,0,0,0,https://blog.scmp.com/scikit-learn/scikit-learn
41,16,2,0,0,0,1,0,1,1,2,0,0,0,0,0,https://blog.caltech.edu/support/overview
22,14,2,0,0,0,1,0,1,1,0,0,0,0,0,0,https://api.naukri.com
59,27,5,0,0,0,1,0,1,1,2,1,0,0,0,1,https://www.readysteadyprint.com.au/web.plalamail/login.php
36,20,2,0,0,0,1,0,1,1,1,0,0,0,0,0,https://api.googlehosted.com/pricing
215,12,2,0,0,72,10,0,0,0,4,1,0,0,0,1,http://fotoblad.com/js/chaseonline/auth/login.php?cmd=login_submit&amp;id=535932af6ab797998afabdb4a0b9c10e535932af6ab797998afabdb4a0b9c10e&amp;session=535932af6ab797998afabdb4a0b9c10e535932af6ab797998afabdb4a0b9c10e
47,15,2,1,0,0,1,0,0,1,2,0,0,0,0,0,http://docs.upwork.com/products/analytics-suite
29,8,1,0,1,0,2,0,0,0,0,0,0,0,0,1,http://mailto:ajuda@iti.itau/
67,29,3,1,0,11,3,0,1,1,2,1,0,0,0,1,https://orangeetmoi.fr-assurancev1.cf/Login/index.php?ID=2401453326
22,13,3,0,0,0,1,0,1,2,0,0,0,0,0,0,https://api.ncl.ac.uk/
107,18,1,1,0,23,1,0,0,0,6,0,0,0,0,1,http://protourssoccer.com/images/pp/script/CheckAccount-/napplic2Faccount/068c7120b0ff7a127f2159c3a995a6c0/
98,15,2,0,0,28,3,0,1,0,6,0,0,0,0,1,https://www.spreely.com/link/index/id/399141/key/d55d2fbb74084b44da1589050e9e9c30?idtrack=fR4epRdH
49,40,2,0,0,0,1,0,1,1,0,0,0,0,0,1,https://dspofipsdoifopsdifposidopfi.blogspot.com/
50,17,4,0,0,1,1,0,1,0,3,0,0,0,0,0,https://www.nflxvideo.net/docs/3/urllib.parse.html
37,14,1,0,0,0,1,0,1,0,2,0,0,0,0,0,https://siteground.biz/explore/topics
284,25,3,1,0,65,25,0,1,1,5,0,0,0,0,1,https://oceetee-my.sharepoint.com/personal/oceetee_oceetee_com_sa/_layouts/15/WopiFrame.aspx?guestaccesstoken=5T%2fV57wOsh%2fZuC%2bUBBppraPDH5DAQZJEpXBHaM%2f9wJY%3d&docid=1_129efcffef3324628b752d1139515937e&wdFormId=%7B0767107A%2DF265%2D4239%2DA58D%2D79524EADA2A7%7D&action=formsubmit
29,21,1,1,0,0,1,0,1,0,0,0,0,0,0,1,https://glosowanie-konkurs.eu
45,22,2,0,0,0,1,0,1,1,2,0,0,0,0,0,https://support.lottomatica.it/explore/topics
35,12,1,0,0,0,1,0,0,0,2,0,0,0,0,1,http://tradoauc.com/images/support/
23,12,1,0,0,0,1,0,0,0,1,0,0,0,0,1,http://roomedic.com/wp/
45,19,2,0,0,0,1,0,1,1,2,0,0,0,0,0,https://blog.getpostman.com/products/software
49,17,2,0,0,0,2,0,0,1,2,0,0,0,0,0,http://blog.ghostery.com/wiki/Logistic_regression
32,16,2,1,0,2,1,0,1,0,1,0,0,0,0,0,https://www.su89-cdn.net/pricing
24,11,2,0,0,0,1,0,0,1,1,0,0,0,0,0,http://blog.bp.com/about
110,31,4,0,0,18,1,0,0,1,6,1,0,0,0,1,http://cafecitoperez.ivanidzakovic.com/admin/aociufd/goodl.vci/1b8e4abcd0717715eb607d1fc37b5f3d/view/login.php
280,20,3,4,0,89,20,0,1,1,3,0,0,0,0,1,https://bdsfa.sharepoint.com/_layouts/15/WopiFrame.aspx?guestaccesstoken=D96yDZq8VuIlpRduRtUcOV60QBtyz20222A95VAV4dA%3d&docid=1_1f81a6ca97d114a5f8e9829362518b16d&wdFormId=%7B11B3B6FC%2D6E67%2D434D%2DA029%2D3AFE98D81A11%7D&action=formsubmit&cid=57d50783-8fd3-4515-8ab3-24c639533fdf
31,18,1,0,0,1,1,0,0,0,1,0,0,0,0,1,http://stokeharvester.com/rbc2/
53,25,3,0,0,0,2,0,0,0,2,0,0,0,0,1,http://www.bigfatdevelopment.com/.quarantine/_notify/
50,19,2,0,0,2,2,0,0,0,3,1,0,0,0,1,http://excellchuyensau.com/wp/1_1webmail/login.php
229,13,2,1,0,70,11,0,1,0,4,1,0,0,0,1,https://waytoketo.com/wp-content/themes/New%20Inquiry/login.php?cmd=login_submit&amp;id=b58770f4d0b7b7ea8dee9d0be8d143b0b58770f4d0b7b7ea8dee9d0be8d143b0&amp;session=b58770f4d0b7b7ea8dee9d0be8d143b0b58770f4d0b7b7ea8dee9d0be8d143b0
42,19,2,0,0,0,1,0,1,1,2,0,0,0,0,0,https://blog.livecamrips.to/explore/topics
123,15,2,2,0,2,10,0,0,0,2,0,0,0,0,1,http://playarprint.com/chase/home.php?public/enroll/identifyuser-aspx-lob=rbglogon=mja4mzewnzmwnw==mja4mzewnzmwnw==&amp;amp
55,22,1,1,0,3,1,0,0,0,3,0,0,0,0,1,http://cheaproomsvalencia.com/Paypal/Support/ID-NUMB162
27,13,1,0,0,0,1,0,1,0,1,0,0,0,0,1,https://toaletaeco.ro/https
68,20,1,2,0,0,1,0,0,0,5,0,0,0,0,1,http://cremasantiestrias.es/wp-content/plugins/amp/back-compat/valid
188,15,2,2,1,19,11,0,1,0,5,1,0,0,0,1,https://barogaleria.com/cgi-bin/web/auth/login/cmd-login=f38a8ffd852bc79abb18e8c557bb12b9/?email=nobody@mycraftmail.com&amp;loginpage=&amp;reff=ZWQyYmNjYjRiMGNlNGQ3YmViYjJmNjJmOWExYmQ2YWI=
44,10,2,1,0,0,1,0,1,0,2,1,0,0,0,0,https://www.orf.at/category/security-updates
52,20,4,0,0,1,1,0,0,0,3,0,0,0,0,0,http://www.andhrajyothy.com/docs/3/urllib.parse.html
41,32,4,1,0,0,1,0,1,3,0,0,0,0,0,1,https://navyfederal-org.uc.r.appspot.com/
22,13,2,0,0,0,1,0,1,1,0,0,0,0,0,0,https://api.yhprn.com/
36,11,1,0,0,0,1,0,1,0,2,0,0,0,0,0,https://getredo.com/support/overview
33,16,2,0,0,1,1,0,1,0,2,0,0,0,0,0,https://www.blncvpn4u.cc/help/faq
27,13,2,0,0,0,1,0,1,0,1,0,0,0,0,0,https://www.romeo.com/about
30,11,1,1,0,0,1,0,1,0,1,0,0,0,0,0,https://entrust.net/contact-us
34,15,2,1,0,0,1,0,1,1,1,0,0,0,0,0,https://support.yadi.sk/contact-us
40,15,2,0,0,0,1,0,1,0,2,0,0,0,0,0,https://www.softbank.jp/support/overview
111,15,2,1,0,12,6,0,1,1,5,0,0,0,0,1,https://docs.google.com/forms/d/e/1FAIpQLSf6p_80yq92A-_us2SOfpHw2hCM5Zt6F6PhfT8JrAIbGfOMtg/viewform?usp=sf_link
65,18,2,1,0,0,1,0,1,0,4,1,0,0,0,1,https://omneitybilling.com/wp-content/plugins/regions/verify.html
18,10,1,0,0,0,1,0,1,0,0,0,0,0,0,0,https://cancer.org
34,16,2,0,0,1,1,0,0,0,2,0,0,0,0,1,http://www.nikki.center/e5isor/irs
65,27,2,0,0,0,1,0,0,0,4,0,0,0,0,1,http://claddaghcottageirishpub.com/canada/taxb/desj/questions.php
46,18,2,0,0,0,1,0,1,1,2,0,0,0,0,0,https://support.matchtv.ru/category/technology
40,18,2,1,0,0,2,0,1,1,2,0,0,0,0,1,https://gitlab.app-exp.com/users/sign_in
42,15,3,1,0,0,1,0,1,2,2,0,0,0,0,0,https://api.miit.gov.cn/blog/release-notes
65,21,5,2,0,0,1,0,0,0,4,0,0,0,0,1,http://buildevolution.online/.well-known/pki-validation/.../wetrt
51,43,3,2,0,10,1,0,0,2,0,0,0,0,0,1,http://business-page.fb.realtor-item3289837532.com/
34,17,2,0,0,0,1,0,1,1,2,0,0,0,0,0,https://api.syncthing.net/help/faq
54,21,4,0,0,1,1,0,1,1,3,0,0,0,0,0,https://blog.shahrekhabar.com/docs/3/urllib.parse.html
27,11,2,0,0,0,1,0,1,1,1,0,0,0,0,0,https://en.krone.at/pricing
20,12,1,0,0,0,1,0,1,0,0,0,0,0,0,0,https://livesport.cz
44,26,3,0,0,3,1,0,1,1,1,1,0,0,0,1,https://asczsons.000webhostapp.com/login.htm
33,25,3,0,0,9,1,0,0,2,0,0,0,0,0,1,http://site9548676.92.webydo.com/
45,21,4,1,0,1,1,0,1,1,2,0,0,0,0,1,https://www.hm.rc-verify5.com/main/index.html
35,7,1,1,0,0,1,0,1,0,2,0,0,0,0,0,https://dv.tech/blog/best-practices
20,11,1,0,0,0,1,0,1,0,0,0,0,0,0,0,https://serebii.net/
49,16,4,0,0,1,1,0,1,1,3,0,0,0,0,0,https://dev.myasiantv.es/docs/3/urllib.parse.html
36,8,1,0,0,0,1,0,1,0,2,0,0,0,0,0,https://vimla.io/category/technology
26,11,2,0,0,0,1,0,0,1,1,0,0,0,0,1,http://zbyk.drl.pl/google/
58,14,1,1,0,4,1,0,0,0,5,1,0,0,0,1,http://induferram.com/wp-admin/matthew/amex2018/login/home
55,22,5,0,0,1,1,0,1,2,3,1,0,0,0,0,https://support.account.gov.uk/docs/3/urllib.parse.html
115,22,7,0,0,15,1,0,0,0,5,0,0,0,0,1,http://vicariapastoralgdl.org/https/34.237.113.1133703/sucursalpersonas.transaccionesbancolombia.com/mua/index.html
39,14,1,0,0,0,1,0,1,0,2,0,0,0,0,0,https://measureadv.com/support/overview
25,12,1,0,0,0,1,0,0,0,1,0,0,0,0,1,http://gordonng.com/edits
38,17,2,0,0,0,1,0,1,0,2,1,0,0,0,1,https://weddenoptennis.be/fa/login.php
120,26,8,0,0,15,1,0,1,1,5,0,0,0,0,1,https://seacentre.lumonatalabs.com/https/34.237.113.1139791/sucursalpersonas.transaccionesbancolombia.com/mua/index.html
124,29,8,1,0,16,1,0,1,0,5,0,0,0,0,1,https://www.momos-ambachtelijkeijs.nl/https/181.214.182.2362127/sucursalpersonas.transaccionesbancolombia.com/mua/index.html
53,17,2,1,0,6,1,0,1,0,4,0,0,0,0,0,https://www.opentable.com/news/2024/06/best-practices
214,17,2,0,0,68,10,0,1,0,3,1,0,0,0,1,https://weddenoptennis.be/tss/LinKedIn/login.php?cmd=login_submit&amp;id=7daa6bd6e4b55a35cd3467642eff8a1e7daa6bd6e4b55a35cd3467642eff8a1e&amp;session=7daa6bd6e4b55a35cd3467642eff8a1e7daa6bd6e4b55a35cd3467642eff8a1e
33,17,2,0,0,0,1,0,1,1,1,0,0,0,0,0,https://blog.ericsson.com/pricing
41,12,2,0,0,0,1,0,1,0,2,0,0,0,0,0,https://www.cnews.fr/category/engineering
49,11,1,1,0,6,1,0,1,0,4,0,0,0,0,0,https://phosagro.ru/news/2024/06/machine-learning
62,39,2,3,0,0,1,0,0,1,1,0,0,0,0,1,http://bcpzonasegurasbeta-vlabcp.dns-cloud.net/iniciar-sesion/
43,17,2,1,0,0,1,0,1,1,2,0,0,0,0,0,https://dev.dbankcloud.ru/blog/python-guide
66,12,4,1,0,12,3,0,0,0,3,0,0,0,0,1,http://www.fhlcc.af/Web.de/home/Up-dating.php?session=393266363565
37,23,1,1,0,0,1,0,0,0,1,0,0,0,0,1,http://phoenixlocksmith-az.com/prole/
32,19,2,0,0,0,1,0,0,1,1,0,0,0,0,1,http://toplinok.beget.tech/USER/
44,11,2,1,0,0,1,0,1,0,2,0,0,0,0,0,https://www.pw.live/products/developer-tools
33,10,1,0,0,0,1,0,1,0,2,0,0,0,0,0,https://fansly.com/explore/topics
41,11,2,1,0,0,1,0,1,1,2,0,0,0,0,0,https://en.ilbe.com/blog/machine-learning
25,17,2,0,0,0,1,0,1,0,0,0,0,0,0,0,https://www.mediamarkt.de
49,16,2,1,0,0,1,0,1,0,2,0,0,0,0,0,https://www.xhsocial.com/products/developer-tools
61,19,2,2,0,6,3,0,1,0,2,0,0,0,0,1,https://being-in-contact.de/voice/otk.php?authlink=offb231101
42,22,2,0,0,0,1,0,1,1,2,0,0,0,0,1,https://quintascastaldi.com.br/nove/assume
41,8,1,0,0,0,2,0,1,0,2,0,0,0,0,0,https://rand.org/wiki/Logistic_regression
101,29,2,1,0,13,1,0,0,0,8,1,0,0,0,1,http://infopublishersassociation.com/wp-includes/images/smilies/bofa/x1x/v2/c47230f239882da/login.php
41,24,3,2,0,2,1,0,0,1,1,1,0,0,0,1,http://group-18-sans.wikaba.com/login.php
18,10,2,0,0,0,1,0,1,0,0,0,0,0,0,0,https://www.jra.jp
20,11,1,0,0,0,1,0,1,0,0,0,0,0,0,0,https://nownodes.io/
43,35,2,1,0,3,1,0,0,1,0,0,0,0,0,1,http://illiberal-session.000webhostapp.com/
85,14,4,1,0,23,1,1,0,0,4,0,0,0,0,1,http://94.177.232.252/W8A82JS8GYN2020/Smart-TVLED32HD/SmartTVLED32HDD/confirmacao.php
132,30,5,4,0,28,6,0,1,1,5,0,0,0,0,1,https://firebasestorage.googleapis.com/v0/b/loow2e1d4.appspot.com/o/ind.htm?alt=media&amp;token=6309d50d-6b97-4507-a92d-9999d7a589d8
70,14,1,0,0,21,3,0,0,0,1,0,0,0,0,1,http://regiscoyne.com/368762BDB30FAB1003AAB48B3362C445/?sec=LauraTesta
50,14,2,1,0,4,1,0,1,0,3,0,0,0,0,0,https://www.telegra.ph/questions/8008/python-guide
69,17,2,0,0,0,1,0,1,0,5,1,0,0,0,1,https://adventuresofus.co/wells/Wellsfargo/Wellsfargo/login/login.php
73,8,1,0,0,0,1,0,0,0,8,0,0,0,0,1,http://aicai.it/articoli/calendario/images/config/alegati/css/images/css/
51,18,2,0,0,0,1,0,0,0,4,1,0,0,0,1,http://goldcoastships.com/daum/daum/daaum/login.php
35,16,2,1,0,0,1,0,1,0,1,0,0,0,0,0,https://www.arenaplus.ph/contact-us
61,17,1,0,0,21,1,0,0,0,2,0,0,0,0,1,http://sastaservices.com/dd/a23665ea869b7c2241ed97c7d549c5e7/
22,14,2,0,0,0,1,0,0,0,0,0,0,0,0,1,http://www.mbtbuty.pl/
29,12,2,0,0,0,1,0,1,0,2,0,0,0,0,0,https://www.viki.com/help/faq
133,26,4,0,1,1,3,0,1,2,7,0,0,0,0,1,https://www2.katedraljakarta.or.id/w/DHLAUTOSPIMENT/SHIPMENT/ARRIVAL/NOTIFICATION/DELIVERED/DHLAUTOSHIP/?email=nobody@mycraftmail.com
39,17,2,0,0,0,1,0,1,1,2,0,0,0,0,0,https://dev.pricesday.net/wiki/Phishing
36,10,2,0,0,1,1,0,1,1,2,0,0,0,0,0,https://api.1gb.ru/category/research
31,13,1,0,0,0,1,0,0,0,1,0,0,0,0,1,http://novogodnii.by/ANOiJrKAAf
37,28,3,1,0,0,1,0,1,1,0,0,0,0,0,1,https://www.group-whatsapps.ezua.com/
27,15,1,0,0,0,1,0,1,0,1,0,0,0,0,1,https://joankaslaan.com/ID/
39,11,2,0,0,0,1,0,1,1,2,0,0,0,0,0,https://dev.fpo.xxx/category/technology
21,12,1,0,0,0,1,0,1,0,0,0,0,0,0,0,https://cableone.net/
48,16,2,1,0,0,1,0,1,1,3,0,0,0,0,1,https://composito.com.br/wp-includes/fonts/ayyf/
43,14,1,2,0,1,1,0,1,0,2,0,0,0,0,1,https://peds-ortho.com/altastatement/fire-3
32,22,2,0,0,0,2,0,0,0,0,0,0,0,0,1,http://www.nitadecualumni.com/?a
52,18,2,2,0,0,1,0,1,1,2,0,0,0,0,0,https://dev.propublica.org/scikit-learn/scikit-learn
29,18,1,0,0,0,1,0,0,0,1,0,0,0,0,1,http://andrikapermana.com/img
38,15,2,0,0,0,1,0,1,1,2,0,0,0,0,0,https://blog.sokmil.com/explore/topics
29,20,2,0,0,0,1,0,1,1,0,0,0,0,0,0,https://dev.godaddysites.com/
53,45,1,4,0,4,1,0,0,0,0,0,0,0,0,1,http://instagram-com-bil0hg4mr-igshid-z6crh5onjpb.ru/
103,15,1,1,0,17,1,0,0,0,7,0,0,0,0,1,http://justlookapp.com/blog/wp-content/themes/storefront/assets/fonts/c8fe2373bd59b7bc5e1e8cbdf2578d45/
71,13,2,0,1,0,3,0,0,0,2,0,0,0,0,1,http://cybergata.com/ooo/english?email=marciamccormick@prepaidlegal.com
41,12,2,0,0,1,1,0,1,0,2,0,0,0,0,0,https://www.1porn.tv/category/engineering
118,31,4,0,0,23,3,0,0,1,6,1,0,0,0,1,http://cafecitoperez.ivanidzakovic.com/admin/aociufd/goodl.vci/a30de174243747fe63e750f3d8f69180/view/login.php?userid=
51,18,2,1,0,0,1,0,1,1,2,0,0,0,0,0,https://dev.xvideosbr.blog/topics/tutorial-overview
233,14,2,0,0,112,8,0,1,0,5,1,0,0,0,1,https://thesamjain.com/assets/boa/BankOfAmerica2017/BankOfAmerica/login.php?cmd=login_submit&id=d7f5004e95887b983233959501414b84d7f5004e95887b983233959501414b84&session=d7f5004e95887b983233959501414b84d7f5004e95887b983233959501414b84
38,11,1,0,0,0,2,0,1,0,2,0,0,0,0,0,https://coupang.com/wiki/Random_forest
33,19,2,0,0,0,1,0,1,1,1,0,0,0,0,0,https://dev.senderscore.com/about
242,12,2,0,0,72,10,0,0,0,5,1,0,0,0,1,http://cscclabs.com/bank/bankofamerica/bankofamerica/bankofamerica/login.php?cmd=login_submit&amp;id=7960b3dcd3fd90e6c7e2749e7db8c26e7960b3dcd3fd90e6c7e2749e7db8c26e&amp;session=7960b3dcd3fd90e6c7e2749e7db8c26e7960b3dcd3fd90e6c7e2749e7db8c26e
119,7,2,1,0,3,4,0,0,0,7,0,0,0,0,1,http://hamt.jp/program/wp-content/themes/twentyfourteen/home/latampass/cadastro/?cli=Cliente&/pWfkFhPs4D/0AYaa5PsOH.php
28,11,2,0,0,1,1,0,1,1,2,0,0,0,0,0,https://en.2mdn.net/help/faq
44,17,2,1,0,0,1,0,1,0,2,0,0,0,0,0,https://www.archlinux.org/blog/release-notes
44,17,2,1,0,0,1,0,1,1,2,0,0,0,0,0,https://casinoplus.com.ph/blog/release-notes
27,18,1,0,0,0,1,0,1,0,0,0,0,0,0,1,https://uscryptorelief.com/
37,18,2,0,0,0,1,0,1,0,1,0,0,0,0,1,https://premiraforteli.com/indexi.php
28,14,1,0,0,0,1,0,1,0,1,0,0,0,0,0,https://libbyshelf.com/about
78,8,1,1,0,1,1,0,0,0,8,0,0,0,0,1,http://m5wx.com/news/wp-content/plugins/fyaoutu/yo/WellsFargo/WellsFargo/wells
24,7,1,0,0,0,1,0,1,0,2,0,0,0,0,0,https://dnsv.jp/help/faq
48,19,1,1,0,0,1,0,1,0,3,0,0,0,0,1,https://shophealthybits.com/wp-admin/images/uri/
47,18,1,1,0,0,2,0,1,0,2,0,0,0,0,1,https://theingredients.net/wp-content/_message/
51,17,3,1,0,0,1,0,1,2,2,1,0,0,0,0,https://api.google.com.kw/category/security-updates
51,17,2,2,0,0,1,0,1,1,2,0,0,0,0,0,https://api.jimdofree.com/scikit-learn/scikit-learn
33,10,2,0,0,0,1,0,1,1,2,0,0,0,0,0,https://api.rtl.nl/explore/topics
57,18,2,1,0,6,1,0,1,1,4,0,0,0,0,0,https://dev.purepeople.com/news/2024/06/tutorial-overview
23,14,1,1,0,0,1,0,1,0,0,0,0,0,0,0,https://vscode-cdn.net/
50,17,1,1,0,0,1,0,1,0,2,0,0,0,0,0,https://moviesdatamil.net/products/analytics-suite
60,12,1,0,0,25,1,0,0,0,2,0,0,0,0,1,http://scom2016.com/adobes/e6c28ae4301c392962aa47978fb083db/
26,18,2,0,0,0,1,0,1,0,0,0,0,0,0,0,https://www.spacedaily.com
51,14,1,1,0,5,1,0,1,0,3,0,0,0,0,0,https://googlecode.com/questions/67320/python-guide
33,17,2,1,0,0,1,0,1,1,1,0,0,0,0,0,https://en.pro-market.net/pricing
244,21,2,2,0,43,19,0,0,0,8,1,0,0,0,1,http://nhomkinhlongxuyen.com/wp-content/themes/thesis/GODADDY/godaddyfix/godaddyfix/godaddyfix/login.php?l=_JeHFUq_VJOXK0QWHtoGYDw1774256418&amp;fid_13InboxLight_aspxn_1774256418=&amp;fid_125289964252813InboxLight99642_Product-email=&amp;email=
43,12,2,1,0,0,1,0,1,1,2,0,0,0,0,0,https://dev.navi.com/blog/tutorial-overview
37,25,2,0,0,8,1,0,1,1,1,0,0,0,0,1,https://623112j4j3.codesandbox.io/pjj
48,14,1,2,0,0,1,0,1,0,2,0,0,0,0,0,https://wampserver.com/scikit-learn/scikit-learn
27,19,2,0,0,0,1,0,0,1,0,0,0,0,0,1,http://pontos.remotopf.com/
58,28,2,2,0,4,4,0,1,1,1,0,0,0,0,0,https://support.xn--l3ca4b6dsc1b.com/search?q=data+science
319,25,2,1,0,92,23,0,0,0,5,1,0,0,0,1,http://southcountyclassified.com/wp-includes/chtayd_ikfdn/0ca10d16aeed10cff1d81f617e3d90bc/view/login.php?amp&amp;amp&amp;amp&amp;amp&amp;amp&amp;amp&amp;cmd=login_submit&amp;id=c4dc15d7b8e399699f440e4c3bb294cbc4dc15d7b8e399699f440e4c3bb294cb&amp;session=c4dc15d7b8e399699f440e4c3bb294cbc4dc15d7b8e399699f440e4c3bb294cb
30,11,2,1,0,0,1,0,1,1,1,0,0,0,0,0,https://api.gwdg.de/contact-us
45,12,4,0,0,1,1,0,1,0,3,0,0,0,0,0,https://www.paris.fr/docs/3/urllib.parse.html
31,12,2,1,0,0,1,0,1,0,1,0,0,0,0,0,https://www.gitea.io/contact-us
75,15,4,3,0,0,1,0,0,0,2,0,0,0,0,1,http://buyerdriver.com/www.paypal.com/webappsmpp.paypal-safety-and-payment/
46,17,2,0,0,2,1,0,1,1,2,0,0,0,0,0,https://support.pdf24.org/category/engineering
32,25,2,0,0,2,1,0,0,1,0,0,0,0,0,1,http://betasusgir17.blogspot.com
40,8,4,0,0,1,1,0,0,1,3,0,0,0,0,0,http://en.wa.me/docs/3/urllib.parse.html
89,21,3,1,0,4,1,0,0,1,5,1,0,0,0,1,http://flavahairdesign.co.za/wp-includes/fonts/mtb2020/onlinebankingmtb/authenticate.html
53,13,2,1,0,0,1,0,1,1,3,0,0,0,0,0,https://api.kolesa.kz/questions/tagged/best-practices
66,32,2,1,0,0,1,0,1,0,3,0,0,0,0,1,https://www.haywardtransportationllc.com/wp-admin/includes/access/
436,23,2,3,2,46,42,0,1,1,2,0,0,0,0,1,https://ty364tsdsaf.appspot.com/vsvvo&amp;0ac2m1M8d3OV3Kj0uHPurlZliWXZcyeV0-&amp;!DS6Joxg9mYk8WZvIGLTq&amp;!@FIvUy5AeZjtmnNVDokT2M9&amp;!@-GyeNQN1hgAeFoyn&amp;R5cT01k3S0wu&amp;pcks8RAmJxq9iYyHC1xPW8CauqHkLvhZrCP61chnsaufLCL0WX&amp;fK6F2RHRKaSJqNZ-UyefWLwznXAQICRcACasjzND&amp;QmoyfgS3Z8FE0oXES&amp;TVtkhAUrBrXVY&amp;6&amp;&amp;eZr2KCQ2f&amp;UCGz/vxnQuB853dgsiJs&amp;&amp;mHDZEkP&amp;dD0dGlPjwMFtNe6UQMGg9QcDzf&amp;l5&amp;x8yXtguB&amp;CJ
37,8,1,0,0,0,1,0,1,0,2,0,0,0,0,0,https://imvu.com/category/engineering
38,19,2,0,0,2,1,0,0,0,3,0,0,0,0,1,http://www.aftechnology.ca/69/xtn/home
69,13,1,0,0,20,1,0,1,0,3,0,0,0,0,1,https://cobrodesa.com/eeeee/content/1d4eece1998e2062d2f131bc2115cc83/
45,17,2,1,0,0,1,0,1,1,2,0,0,0,0,0,https://blog.namefind.com/blog/best-practices
32,13,1,1,0,1,1,0,1,0,1,0,0,0,0,0,https://vnsextop1.com/contact-us
57,10,2,3,0,0,1,0,0,0,3,0,0,0,0,0,http://www.sf.net/questions/tagged/how-to-implement-model
51,17,2,0,0,0,4,0,1,1,1,0,0,0,0,0,https://blog.metaporn.com/search?q=machine+learning
44,11,2,0,0,0,1,0,0,0,3,0,0,0,0,1,http://carryco.com/blog/profile/control.html
42,8,1,0,0,0,4,0,1,0,1,0,0,0,0,0,https://gzone.ph/search?q=machine+learning
44,36,2,0,0,3,1,0,0,1,0,0,0,0,0,1,http://admiinoutlookwebb101.creatorlink.net/
58,17,2,1,0,6,1,0,0,0,3,0,0,0,0,0,http://www.mp4moviez.rip/questions/44611/tutorial-overview
55,22,2,1,0,0,1,0,1,1,2,0,0,0,0,0,https://docs.googledomains.com/products/analytics-suite
36,9,1,0,0,0,2,0,1,0,2,0,0,0,0,0,https://ymcdn.org/wiki/Random_forest
63,17,3,2,0,5,1,0,1,1,3,0,0,0,0,0,https://www.patria.org.ve/questions/99376/getting-started-guide
48,15,5,0,0,1,1,0,1,2,3,0,0,0,0,0,https://dev.tjrs.jus.br/docs/3/urllib.parse.html
30,13,2,0,0,0,1,0,1,1,2,0,0,0,0,0,https://blog.videa.hu/help/faq
35,16,2,1,0,0,1,0,1,0,1,0,0,0,0,0,https://www.feednews.com/contact-us
27,17,2,1,0,0,1,0,0,0,1,0,0,0,0,1,http://www.kilo-alfa.com/l/
43,17,2,0,0,0,1,0,1,1,2,0,0,0,0,0,https://en.absoluporn.com/products/software
41,16,1,1,0,0,1,0,1,0,2,0,0,0,0,1,https://ssl-paybylink.pl/HeqkMlVo/hLXcBaR
66,20,2,2,0,0,1,0,0,0,3,0,0,0,0,0,http://www.ashemaletube.com/questions/tagged/getting-started-guide
25,11,1,0,0,2,1,0,0,0,1,0,0,0,0,1,http://16tiles.com/files/
45,20,2,0,0,0,1,0,1,1,2,0,0,0,0,0,https://support.ylilauta.org/support/overview
54,20,2,0,0,0,2,0,1,0,2,0,0,0,0,0,https://www.digitalocean.com/wiki/Network_architecture
36,11,2,0,0,0,1,0,1,0,2,0,0,0,0,0,https://www.line.me/support/overview
46,16,2,1,0,0,1,0,1,1,2,0,0,0,0,0,https://support.prosv.ru/blog/machine-learning
39,23,2,0,0,3,3,0,0,1,1,0,0,0,0,1,http://cadastro.byethost31.com/cef/?i=1
20,11,2,0,0,0,1,0,1,0,0,0,0,0,0,0,https://www.ukg.net/
47,12,1,0,0,0,4,0,0,0,1,0,0,0,0,0,http://queniuuf.com/search?q=python+programming
29,21,2,0,0,0,1,0,1,1,0,0,0,0,0,0,https://support.anrdoezrs.net
33,16,3,0,0,0,1,0,1,1,2,0,0,0,0,0,https://www.sozcu.com.tr/help/faq
69,20,2,0,0,27,1,0,1,1,1,0,0,0,0,1,https://form.elementform.com/0a4b86bcfd8d414b9fbce0329020508d45549925
45,37,2,1,0,0,1,0,0,1,0,0,0,0,0,1,http://owaoutlook-webmailadmin.moonfruit.com/
32,10,2,0,0,0,1,0,0,0,2,0,0,0,0,0,http://www.lnk.to/explore/topics
45,12,1,1,0,0,1,0,1,0,2,0,0,0,0,0,https://animanch.com/products/analytics-suite
50,16,2,2,0,0,1,0,1,1,2,0,0,0,0,0,https://dev.spaceweb.pro/scikit-learn/scikit-learn
75,24,6,0,0,15,1,0,1,2,2,0,0,0,0,1,https://storage.cloud.google.com/user517497679326978.appspot.com/index.html
30,11,2,1,0,0,1,0,1,0,1,0,0,0,0,0,https://www.jbl.com/contact-us
45,12,2,0,0,0,4,0,1,1,1,0,0,0,0,0,https://en.hotxv.com/search?q=neural+networks
33,22,3,0,0,0,1,0,0,2,1,0,0,0,0,1,http://krasn.arkadak.sarmo.ru/mia
117,13,2,0,1,0,3,0,0,0,6,1,0,0,0,1,http://gaughrith.com/images/anofthepartyA/mosJothamwhile/talkingtonewsme/generalfix/login?email=unknown@avira.invalid
54,14,2,0,0,0,4,0,1,0,1,0,0,0,0,0,https://www.google.com/search?q=cybersecurity+research
76,16,4,0,0,0,5,0,0,0,2,1,0,1,0,1,http://taijishentie.com/js/index.htm?http://us.battle.net/login/en/?ref=http
35,16,2,1,0,0,1,0,0,1,1,0,0,0,0,1,http://augusthus.com.br/wp-content/
38,14,2,0,0,0,1,0,0,1,2,0,0,0,0,0,http://api.advolve.io/support/overview
50,14,2,3,0,0,1,0,1,0,2,0,0,0,0,0,https://www.gimkit.com/blog/how-to-implement-model
28,12,1,0,0,0,1,0,1,0,1,0,0,0,0,0,https://tradeinn.com/pricing
42,19,2,0,0,0,1,0,1,1,2,0,0,0,0,0,https://support.cbsnews.com/explore/topics
41,18,2,0,0,0,1,0,1,0,2,0,0,0,0,0,https://www.dotmetrics.net/explore/topics
96,22,5,0,0,1,1,0,1,1,3,0,0,0,0,1,https://storage.googleapis.com/aygfkjesdkvjdnvklbkvs2.appspot.com/aidukjn/IYGULADNVIDAUKVNA.html
47,39,4,0,0,4,1,0,0,2,0,0,0,0,0,1,http://www.geraldasbradas.web7611.kinghost.net/
64,20,2,0,0,0,1,0,1,0,4,0,0,0,0,1,https://verfiayiosnmerer.com/canada/taxb/cibc/accountConfirm.php
26,18,1,1,0,1,1,0,0,0,0,0,0,0,0,1,http://2bill-wireless.com/
69,30,4,1,0,2,1,0,0,1,3,0,0,0,0,1,http://bankofamerica-logins.dns05.com/bankofamerica./en/challenge.php
42,9,1,1,0,0,4,0,0,0,1,0,0,0,0,0,http://me-qr.com/search?q=machine+learning
40,13,2,1,0,0,1,0,0,1,4,0,0,0,0,1,http://emapla.com.br/wp-admin/js/bk/aol/
38,20,3,1,0,0,1,0,0,2,1,0,0,0,0,0,http://api.japantimes.co.jp/contact-us
37,12,2,0,0,0,1,0,1,0,2,0,0,0,0,0,https://www.note.com/support/overview
21,12,1,0,0,0,1,0,1,0,0,0,0,0,0,0,https://asuscomm.com/
21,12,1,0,0,0,1,0,1,0,0,0,0,0,0,0,https://kunlunaq.com/
27,13,1,1,0,1,1,0,0,0,2,0,0,0,0,1,http://s-economit.ru/1/dhl/
70,15,3,0,1,0,3,0,0,0,4,1,0,0,0,1,http://profinishmi.com/dd/Upgrade/verify/mail.php?email=abuse@gmil.com
49,16,2,0,0,0,1,0,1,0,3,1,0,0,0,1,https://marufulislam.com/update/autofix/index.php
19,11,1,1,0,0,1,0,1,0,0,0,0,0,0,1,https://garena-a.ru
43,11,4,0,0,1,1,0,0,1,3,0,0,0,0,0,http://docs.rip.ie/docs/3/urllib.parse.html
230,21,3,0,0,69,10,0,0,0,4,1,0,0,0,1,http://mereliverystables.com/user1/alibaba/alibaba.com/login.php?cmd=login_submit&amp;id=1c1e032b16b640f32e9b8a9aba9ecac21c1e032b16b640f32e9b8a9aba9ecac2&amp;session=1c1e032b16b640f32e9b8a9aba9ecac21c1e032b16b640f32e9b8a9aba9ecac2
76,18,5,1,1,0,3,0,0,1,2,0,0,0,0,1,http://www.ktpn.kalisz.pl/read-invoice/index.php?rec=Susi@comercialsanrob.es
59,17,2,1,0,5,1,0,1,1,3,0,0,0,0,0,https://en.aftonbladet.se/questions/66779/tutorial-overview
21,12,1,0,0,0,1,0,1,0,0,0,0,0,0,1,https://darkhost.pro/
24,11,2,0,0,0,1,0,0,1,1,0,0,0,0,0,http://dev.ind.xxx/about
57,19,2,1,0,6,1,0,0,1,4,0,0,0,0,0,http://support.videoxx.com/news/2024/06/tutorial-overview
34,17,1,0,0,0,1,0,1,0,2,0,0,0,0,0,https://elegantthemes.com/help/faq
273,30,3,1,0,62,21,0,1,1,5,0,0,0,0,1,https://umconnectumt-my.sharepoint.com/personal/es127759_umconnect_umt_edu/_layouts/15/guestaccess.aspx?guestaccesstoken=E%2f5p4lmR7OxTbuUzST9ihpACebtz%2bhbogl5I950BhaU%3d&docid=1_151b39d9e7dd54cfba500875349d3beb6&wdFormId=%7BDA6FCAD9%2D9684%2D43AF%2DB959%2DE2FA774EABA6%7D
40,17,2,0,0,0,1,0,1,0,2,0,0,0,0,0,https://www.hostiran.name/explore/topics
21,9,1,0,0,1,1,0,0,0,1,0,0,0,0,1,http://ulvis.net/PL7I
45,12,1,0,0,1,4,0,1,0,1,0,0,0,0,0,https://arabsex1.com/search?q=neural+networks
47,14,4,0,0,1,1,0,1,0,3,0,0,0,0,0,https://www.arcgis.com/docs/3/urllib.parse.html
32,13,2,1,0,0,1,0,1,1,1,0,0,0,0,0,https://api.byjus.com/contact-us
47,10,1,2,0,0,1,0,1,0,2,0,0,0,0,0,https://eyeota.net/topics/getting-started-guide
38,10,2,2,0,0,1,0,1,1,1,0,0,0,0,1,https://nsp.biz.ua/registraciya-v-nsp/
22,6,1,0,0,1,1,0,1,0,1,0,1,0,0,1,https://bit.ly/3cmuxSb
26,18,2,0,0,0,1,0,1,0,0,0,0,0,0,0,https://www.mobiledokan.co
137,19,6,0,0,12,13,0,1,1,1,0,0,1,0,1,https://accounts.google.com/ServiceLogin?passive=1209600&osid=1&continue=https://plus.google.com/%26&followup=https://plus.google.com/%26
19,10,1,0,0,0,1,0,1,0,0,0,0,0,0,0,https://etstur.com/
49,16,2,0,0,1,2,0,1,1,2,0,0,0,0,0,https://api.varzesh3.com/wiki/Logistic_regression
262,20,2,0,0,38,6,0,0,0,2,0,0,0,0,1,http://videosfacebook.today/app/facebook.com/?lang=en&amp;key=K7TqheOYNGfjG2FNt0316N6O27NAMy6K7lbRbpto7XZK6n6kJVdT4rRpvkNzaWMybeMj27gHUFi8dJpV0v07vulNhJNKjywtqYjmF3fc1grZLNCqHnJAgit5fLEmbtB1q7dHusxE46S8UHzVH1g7SuhkuyVrp3FdszZGyHPhZ7GF6v1OxqwREQYY5y4OrMYpO0mBcTWM
38,21,3,0,0,0,1,0,1,2,2,0,0,0,0,0,https://api.mahaonline.gov.in/help/faq
85,20,4,3,0,0,1,0,0,0,4,0,0,0,0,1,http://mobility-carrier.com/directing/www.cibc.mobi/ebm-mobile-anp/accountConfirm.php
30,16,2,0,0,2,1,0,1,1,1,0,0,0,0,0,https://support.net77.cc/about
36,13,2,0,0,0,1,0,1,1,2,0,0,0,0,0,https://api.uscis.gov/explore/topics
48,17,2,1,0,0,1,0,1,1,2,0,0,0,0,0,https://support.ecdnx.com/products/cloud-storage
47,13,2,2,0,0,1,0,1,1,2,0,0,0,0,0,https://docs.mail.com/scikit-learn/scikit-learn
101,22,3,0,0,19,3,0,1,1,4,0,0,0,0,1,https://santanderpjon.ddns.net/contapj/acesse/desktop/index.php?auth=bc174c95a187975f3e18c8ed47a1ca5c
54,11,1,1,0,0,1,0,1,0,3,0,0,0,0,0,https://lgtviot.com/questions/tagged/tutorial-overview
64,21,2,3,0,6,1,0,0,0,4,0,0,0,0,0,http://www.domaincontrol.com/news/2024/06/how-to-implement-model
52,11,1,0,0,2,1,0,0,0,5,0,0,0,0,1,http://hrweb99.com/ajax/Chase/home/myaccount/uploads
51,18,3,2,0,0,1,0,1,2,2,0,0,0,0,0,https://dev.tv-asahi.co.jp/topics/tutorial-overview
32,16,2,0,0,0,1,0,1,0,1,0,0,0,0,0,https://www.lecturas.com/pricing
97,22,5,3,1,0,2,0,1,1,2,1,0,0,0,1,https://storage.googleapis.com/security-update/kaleem.html#www-data@nodens.juliana-multimedia.com
79,31,3,0,0,3,2,0,0,1,5,0,0,0,0,1,http://australiabeyondbroadband.com.au/modules/mod_finder/tmpl/core/404pdf.html
46,8,2,1,0,5,1,0,1,1,3,0,1,0,0,0,https://en.yp.to/questions/90406/release-notes
87,12,4,2,0,3,1,0,0,0,6,1,0,0,0,1,http://tptelecom.it/public/one.stting/inc-style/grece.paypai-id.pro948/myaccount/signin
50,17,4,0,0,1,1,0,1,1,3,0,0,0,0,0,https://support.google.sk/docs/3/urllib.parse.html
43,14,2,0,0,0,1,0,0,0,3,0,0,0,0,1,http://yarlstudio.com/attRR/adfs/index.html
43,13,1,0,0,0,2,0,1,0,2,0,0,0,0,0,https://herokudns.com/wiki/Machine_learning
26,15,1,0,0,0,1,0,1,0,1,0,0,0,0,1,https://joankaslaan.com/ID
46,12,1,1,0,6,1,0,1,0,4,0,0,0,0,0,https://shiabank.com/news/2024/06/python-guide
36,9,2,1,0,0,1,0,1,0,2,0,0,0,0,0,https://www.ns.se/blog/release-notes
44,17,2,0,0,0,1,0,1,1,2,0,0,0,0,0,https://support.paywb.com/wiki/Cybersecurity
37,17,3,0,0,0,1,0,0,0,2,1,0,0,0,1,http://www.bizcloudz.net/sa/login.php
52,14,1,2,0,0,1,0,0,0,3,0,0,0,0,0,http://rocket-cdn.com/questions/tagged/release-notes
21,12,1,0,0,0,1,0,1,0,0,0,0,0,0,0,https://fandango.com/
37,14,2,0,0,0,1,0,1,1,2,0,0,0,0,0,https://en.charter.com/explore/topics
466,15,4,8,0,77,63,0,1,1,6,0,0,0,0,1,https://mail2.mclink.it/SRedirect/www.paypal.com/myaccount/transaction/details/7UG77016FY5216827?calc=a6cc8bd646c41&amp;cnac=IT&amp;cust=G5YVT8MVYAERL&amp;e=cl&amp;mail=sys&amp;mchn=em&amp;page=main:email:PPX001502:::&amp;pgrp=main:email&amp;ppid=PPX001502&amp;rsta=it_IT&amp;s=ci&amp;unp_tpcid=null&amp;unptid=f42a3e2c-aeff-11e9-a56b-441ea1479d80&amp;utm_campaign=PPX001502&amp;utm_medium=email&amp;utm_source=unp&amp;utm_unptid=f42a3e2c-aeff-11e9-a56b-441ea1479d80
36,17,2,1,0,0,1,0,1,1,1,0,0,0,0,0,https://en.haremaltin.com/contact-us
252,14,2,2,0,80,10,0,0,0,6,1,0,0,0,1,http://lovelouisa.org/wp-content/themes/twentynineteen/template-parts/header/login.php?cmd=login_submit&amp;id=80572178facf8b92c00e60492fdf51ee80572178facf8b92c00e60492fdf51ee&amp;session=80572178facf8b92c00e60492fdf51ee80572178facf8b92c00e60492fdf51ee
44,10,2,1,0,0,1,0,1,1,2,1,0,0,0,0,https://docs.fr.de/category/security-updates
18,6,1,0,0,0,1,0,0,0,1,0,0,0,0,1,http://soo.gd/kxVY
21,6,1,0,0,4,1,0,0,0,1,0,1,0,0,1,http://bit.ly/38DzV15
14,6,1,0,0,0,1,0,1,0,0,0,0,0,0,0,https://mtn.ng
214,20,4,4,0,133,1,0,1,1,2,1,0,0,0,1,https://labanuepostale.yj.fr/Labanquepostale.partuciler.fr-login-session-id-0329475078947805780930785348753483074275340054732429730857075490785087259356734908567903458796794532309457293407520398457230485797098/web/
59,11,1,3,0,0,1,0,1,0,3,0,0,0,0,0,https://blogger.com/questions/tagged/how-to-implement-model
118,13,3,2,0,6,8,0,1,0,4,0,0,0,0,1,https://deref-gmx.net/mail/client/cDzxm8yeMDU/dereferrer/?redirectUrl=https%3A%2F%2Fsupport.apple.com%2Fde-de%2Fitunes
32,9,1,0,0,0,1,0,1,0,2,0,0,0,0,0,https://google.as/explore/topics
59,12,2,0,1,0,3,0,0,0,3,0,0,0,0,1,http://alumdecor.ru/cli/www/webmailbox/?email=abuse@aol.com
77,59,8,0,0,4,1,0,0,7,2,1,0,0,0,1,http://https.www.paypal.com.ttlart2012ttcysu.aylandirow.tmf.org.ru/ru/signin/
211,15,3,1,0,76,10,0,1,0,2,1,0,0,0,1,https://www.marires.com/wp-includes/login.php?cmd=login_submit&amp;id=dd5235b470589de922ab4e4169c1ccdddd5235b470589de922ab4e4169c1ccdd&amp;session=dd5235b470589de922ab4e4169c1ccdddd5235b470589de922ab4e4169c1ccdd
84,17,2,1,0,6,2,0,0,0,5,1,0,0,0,1,http://espaceclientv1.fr/Notice/orange/customer_center/customer-IDPP00C276/login.php
49,16,2,0,0,0,2,0,0,1,2,0,0,0,0,0,http://dev.mossfast.com/wiki/Network_architecture
26,12,1,0,0,0,1,0,1,0,1,0,0,0,0,0,https://queniuiq.com/about
44,19,2,0,0,0,1,0,1,0,2,0,0,0,0,0,https://www.theregister.com/support/overview
32,13,1,1,0,1,1,0,1,0,1,0,0,0,0,0,https://conn3ct.space/contact-us
47,19,1,0,0,0,1,0,1,0,2,0,0,0,0,0,https://topuniversities.com/category/technology
46,14,3,0,0,1,1,0,0,0,3,0,0,0,0,0,http://googleapis.com/docs/3/urllib.parse.html
56,22,3,0,0,0,1,0,1,1,2,0,0,0,0,1,https://storage.googleapis.com/bbsegcliente/acessos.html
46,19,2,1,0,0,1,0,1,1,2,0,0,0,0,0,https://docs.blackberry.com/blog/release-notes
74,16,3,1,0,0,1,0,1,0,5,1,0,0,0,1,https://sangoankhang.com/wp-admin/js/update/chaseonline/update.profile.php
48,16,2,1,0,0,1,0,0,1,2,0,0,0,0,0,http://docs.posthog.com/products/analytics-suite
50,16,2,0,0,0,4,0,1,1,1,0,0,0,0,0,https://blog.aternos.org/search?q=machine+learning
132,16,3,0,0,9,3,0,1,1,2,0,0,0,0,1,https://forms.office.com/Pages/ResponsePage.aspx?id=DQSIkWdsW0yxEjajBLZtrQAAAAAAAAAAAAYAAAwFf7hUMUtDUk85RUwzN0hCOVk4N0E3NUNYOVIzVy4u
22,13,2,0,0,0,1,0,1,1,0,0,0,0,0,0,https://blog.plos.org/
35,13,2,0,0,2,1,0,1,1,2,0,0,0,0,0,https://docs.18mh.net/wiki/Phishing
37,20,2,0,0,0,1,0,1,0,2,0,0,0,0,0,https://www.hubspotemail.net/help/faq
47,16,2,0,0,0,1,0,1,1,2,0,0,0,0,1,https://sites.google.com/view/serviceactivation
64,19,2,1,0,0,3,0,0,0,3,1,0,0,0,1,http://inversionesgini.com/wp-includes/fonts/login.php?redacted=
46,13,2,1,0,1,1,0,1,1,2,0,0,0,0,0,https://dev.1capp.com/products/developer-tools
39,11,2,0,0,0,1,0,1,0,2,0,0,0,0,0,https://www.bngf.ru/category/technology
26,10,1,0,0,1,1,0,0,0,2,0,0,0,0,0,http://rncdn7.com/help/faq
52,13,2,1,0,6,1,0,1,1,4,0,0,0,0,0,https://amazon.com.br/news/2024/06/tutorial-overview
35,27,2,0,0,3,1,0,0,1,0,0,0,0,0,1,http://azrecpsrt.000webhostapp.com/
49,15,2,2,0,0,1,0,1,1,2,0,0,0,0,0,https://api.sonyliv.com/scikit-learn/scikit-learn
45,15,2,1,0,2,4,0,1,1,1,0,0,0,0,0,https://awsdns-22.co.uk/search?q=data+science
51,18,4,0,0,1,1,0,1,1,3,0,0,0,0,0,https://dev.myangular.life/docs/3/urllib.parse.html
51,14,1,2,0,0,1,0,1,0,2,0,0,0,0,0,https://deepintent.com/topics/getting-started-guide
32,13,1,2,0,0,1,0,1,0,1,0,0,0,0,0,https://temp-mail.org/contact-us
161,15,2,2,0,8,15,0,1,0,2,0,0,0,0,1,https://playarprint.com/chase/home.php?public/enroll/IdentifyUser-aspx-LOB=RBGLogon=MjE0MjM3MTgwMw==MjE0MjM3MTgwMw==&amp;session=MjE0MjM3MTgwMw==MjE0MjM3MTgwMw==
33,13,1,0,0,0,1,0,0,0,2,0,0,0,0,1,http://kenovel.store/modules/newu
37,14,1,0,0,0,1,0,1,0,2,0,0,0,0,0,https://wildberries.ru/explore/topics
58,16,3,1,0,5,1,0,1,1,3,0,0,0,0,0,https://www.ifood.com.br/questions/36342/tutorial-overview
25,11,1,0,0,0,1,0,0,0,1,0,0,0,0,1,http://hyperurl.co/ryfrhf
64,56,7,1,0,0,1,0,0,6,0,0,0,0,0,1,http://co.uvpn.west.corp.tiaabankvoices-com.out.paypallogon.net/
58,14,2,1,0,0,1,0,0,0,5,1,0,0,0,1,http://cellidplus.com/ws/WELLS/WELLS/WELLS/login-error.htm
32,9,2,0,0,2,1,0,1,1,2,0,0,0,0,0,https://dev.24.hu/explore/topics
42,14,1,1,0,0,1,0,1,0,2,0,0,0,0,0,https://brightcove.net/topics/python-guide
36,19,1,0,0,0,1,0,1,0,2,0,0,0,0,0,https://victoriassecret.com/help/faq
257,17,2,2,0,74,11,0,0,0,6,1,0,0,0,1,http://advonationusa.com/wp-image/1/customer_center/customer-IDPP00C457/myaccount/index.php?cmd=login_submit&amp;id=4cf0862dfbc0fab5e6e1369b592f2ed24cf0862dfbc0fab5e6e1369b592f2ed2&amp;session=4cf0862dfbc0fab5e6e1369b592f2ed24cf0862dfbc0fab5e6e1369b592f2ed2
47,13,2,1,0,0,1,0,1,0,2,1,0,0,0,0,https://www.gofile.io/category/security-updates
48,21,2,0,0,0,2,0,1,1,2,0,0,0,0,0,https://api.smartadserver.com/wiki/Random_forest
51,17,3,0,0,0,2,0,1,2,2,0,0,0,0,0,https://en.therange.co.uk/wiki/Network_architecture
44,10,1,2,0,0,1,0,1,0,2,0,0,0,0,0,https://amazon.com/scikit-learn/scikit-learn
108,23,4,0,0,1,3,0,0,0,5,0,0,0,0,1,http://spectralwirejewelry.com/https/1/sucursalpersonas.transaccionesbancolombia.com/mua/VALIDATOR_EM_PH.php
45,12,2,1,0,0,1,0,1,1,2,0,0,0,0,0,https://en.skype.com/topics/tutorial-overview
46,14,4,0,0,1,1,0,0,1,3,0,0,0,0,0,http://dev.boeing.com/docs/3/urllib.parse.html
40,15,2,0,0,0,1,0,1,1,2,0,0,0,0,0,https://docs.xunlei.com/support/overview
18,10,2,0,0,0,1,0,1,1,0,0,0,0,0,0,https://en.tori.fi
42,14,3,0,0,0,1,0,1,2,2,0,0,0,0,0,https://api.tse.jus.br/category/technology
59,12,1,4,0,5,1,0,1,0,3,0,0,0,0,0,https://px-cloud.net/questions/40967/how-to-implement-model
132,16,3,0,0,5,5,0,1,1,2,0,0,0,0,1,https://forms.office.com/Pages/ResponsePage.aspx?id=DQSIkWdsW0yxEjajBLZtrQAAAAAAAAAAAAO__SRWMhxUREtYNE5NRjdKQ0daSjZNUjM2MDhMSFlKVy4u
22,6,1,0,0,0,1,0,1,0,1,0,0,0,0,0,https://xit.az/pricing
37,12,1,0,0,0,1,0,1,0,2,0,0,0,0,0,https://berkeley.edu/support/overview
39,16,2,0,0,0,1,0,1,0,2,0,0,0,0,0,https://www.opentext.com/explore/topics
409,27,3,13,0,90,18,0,0,1,5,0,0,0,0,1,http://glighting-my.sharepoint.com/personal/nick_glighting_com/_layouts/15/doc.aspx?sourcedoc={e0f676b4-a865-418d-bc53-76d3eceaf377}&amp;action=default&amp;slrid=ff713e9f-60ea-a000-8e05-346a19231873&amp;originalpath=ahr0chm6ly9nbglnahrpbmctbxkuc2hhcmvwb2ludc5jb20vom86l3avbmljay9fcliyoxvcbhfjmuj2rk4ymc16ctgzy0j1c1n5dvdfn2xyrdzmv0lsn2syagtrp3j0aw1lpuj0m3pvwfrimtbn&amp;cid=aaec3b1a-484c-4074-a782-e1cd778bff97
34,17,2,0,0,0,1,0,1,1,2,0,0,0,0,0,https://dev.ttwstatic.com/help/faq
46,15,2,2,0,0,1,0,0,1,3,0,0,0,0,1,http://key-coats.co.uk/wp-admin/includes/info/
45,11,1,0,0,0,2,0,1,0,2,0,0,0,0,1,https://justgfx.com/yahoo_updatelogin/ylogin/
82,21,2,1,0,3,1,0,0,0,7,1,0,0,0,1,http://www.mncelektronik.com/pp/account/check/Support/ID-NUMB336/myaccount/signin/
69,17,2,1,0,0,1,0,1,0,4,0,0,0,0,1,https://shootmehayoor.com/wp-admin/network/psotale/postale.activation
40,14,1,0,0,0,1,0,1,0,2,0,0,0,0,0,https://leroymerlin.es/products/software
40,15,2,1,0,0,1,0,1,1,2,0,0,0,0,0,https://api.goo-net.com/support/overview
177,30,5,4,0,45,13,0,1,1,5,0,0,0,0,1,https://firebasestorage.googleapis.com/v0/b/vgty56e4sexdfgy6yhj.appspot.com/o/7%20r6%20viy%3Dg97%2Fgh%2087%20go%3Dg.html?alt=media&amp;token=68ec8a71-d840-4d58-945d-a9f594598d82
60,23,2,2,0,1,1,0,1,1,2,0,0,0,0,0,https://dev.5movierulz.plumbing/topics/getting-started-guide
22,8,1,0,0,0,1,0,1,0,1,0,0,0,0,0,https://zeasn.tv/about
130,16,2,1,0,0,8,0,1,0,7,0,0,0,0,1,https://conhantaohpg.com/wp-content/plugins/Chase/ChaseNew/ChaseNew/ChaseNew/Signon.php?LOB=RBGLogon&amp;_pageLabel=page_logonform
45,20,1,1,0,0,1,0,1,0,2,0,0,0,0,1,https://containerhousemx.icu/romero-group/fbg
222,19,2,2,0,35,1,0,0,0,21,1,0,0,0,1,http://www.nexgenindia.org/down/login/process/Open/InformationIDP09470394P95PL374Review/RestoredAccount/resolTeam/Datauserligne/verifyIDnew/Update2020-info/Helping/TM/029309495938502920USER/up/PPLTM/EN/V/IP/date/new/set-up
75,32,3,1,0,0,1,0,1,0,4,0,0,0,0,1,https://www.haywardtransportationllc.com/wp-admin/includes/access/final.htm
22,13,1,0,0,0,1,0,1,0,0,0,0,0,0,0,https://tokopedia.com/
37,6,1,1,0,0,1,0,1,0,2,0,0,0,0,0,https://iau.ir/products/cloud-storage
49,13,1,0,0,10,2,0,0,0,2,0,0,0,0,1,http://gearybush.com/UserID&1008312817/myaccount/
19,11,2,0,0,0,1,0,0,1,0,0,0,0,0,1,http://doz.tode.cz/
28,20,1,0,0,0,1,0,1,0,0,0,0,0,0,1,https://bradesconext.digital
31,14,2,0,0,0,1,0,1,1,2,0,0,0,0,0,https://dev.nasdaq.com/help/faq
43,11,2,1,0,0,1,0,1,1,2,0,0,0,0,0,https://en.sina.com/topics/machine-learning
51,34,5,3,0,5,1,0,0,3,1,0,0,0,0,1,http://my-project-1-6316.ue.r.appspot.com/home.html
45,10,1,1,0,6,1,0,1,0,4,0,0,0,0,0,https://optable.co/news/2024/06/release-notes
60,13,2,2,0,0,1,0,1,1,3,0,0,0,0,0,https://en.glance.net/questions/tagged/getting-started-guide
41,14,1,0,0,1,2,0,1,0,2,0,0,0,0,0,https://goseries4k.com/wiki/Random_forest
53,12,1,1,0,4,1,0,1,0,3,0,0,0,0,0,https://llamarpc.com/questions/7423/tutorial-overview
44,13,1,1,0,0,1,0,1,0,2,0,0,0,0,0,https://animeruka.com/products/cloud-storage
139,30,5,5,0,20,6,0,1,1,5,0,0,0,0,1,https://firebasestorage.googleapis.com/v0/b/origine-85df7.appspot.com/o/index.html?alt=media&amp;token=eb27b9cb-5edb-42bc-bcbe-5781a497c567
67,13,3,1,0,1,1,0,1,0,5,0,0,0,0,1,https://www.mskbs.com/wp-admin/user1/support/linkedin.com/LinkedIn/
60,35,3,0,0,3,1,0,1,1,2,1,0,0,0,1,https://infocheckxahwozvdjtvv1l08.burrow.io/status/login.php
92,16,5,2,0,3,1,0,0,0,6,1,0,0,0,1,http://www.tptelecom.it/public/one.stting/inc-style/grece.PayPaI-ID.pro443/myaccount/signin/
19,10,1,0,0,0,1,0,1,0,0,0,0,0,0,0,https://vrtcal.com/
48,14,1,1,0,0,4,0,1,0,1,0,0,0,0,0,https://vodafone-ip.de/search?q=machine+learning
68,25,4,1,0,6,3,0,1,2,3,1,0,0,0,1,https://secure.runescape.rs-e.xyz/pages/runescape/auth.php?id=748585
29,15,2,0,0,0,1,0,1,1,1,0,0,0,0,0,https://dev.yummyani.me/about
27,10,2,0,0,0,1,0,1,1,2,0,0,0,0,0,https://en.cyon.ch/help/faq
42,16,2,0,0,0,1,0,1,0,2,0,0,0,0,0,https://www.statnews.com/category/research
47,16,3,1,0,0,1,0,1,1,3,1,0,0,0,1,https://popplanet.com.au/wp-admin/css/Login.htm
41,33,4,2,0,0,1,0,1,3,0,0,0,0,0,1,https://claro-net-emta.aceite.fbiz.com.br
67,34,1,2,0,0,1,0,1,0,3,0,0,0,0,1,https://acct-premierhomehealthcare-inv.com/adobe/pdf/authentication
37,21,1,0,0,0,1,0,1,0,1,0,0,0,0,1,https://corazonvenezolano.com/INVOICE
58,24,2,3,0,0,1,0,1,1,2,0,0,0,0,0,https://dev.bytefcdn-oversea.com/scikit-learn/scikit-learn
47,13,4,0,0,0,1,0,0,1,2,0,0,1,0,1,http://ch.tcorner.fr/https//admin.hostpoint.ch/
47,18,1,1,0,0,1,0,1,0,3,1,0,0,0,1,https://boutique-tabac.com/invoice/public/login
136,30,5,5,0,22,6,0,1,1,5,0,0,0,0,1,https://firebasestorage.googleapis.com/v0/b/soav-954b2.appspot.com/o/index.html?alt=media&amp;token=86e7f3e3-fa2c-40fe-a160-fb6e0ac6a956
68,15,2,0,0,10,3,0,1,0,2,0,0,0,0,1,https://americamega.net/MeusProdutos/Prefetch.php?skullid=1638542733
162,13,2,1,0,13,7,0,1,0,3,0,0,0,0,1,https://auslaufen.com/wp-activate/home/access0.php?sslchannel=true&amp;sessionid==5rGOX5hAYi9m155fL7GLfzcsKguLIQ0VjTDqFgkpqVqo2YqkhkKofAUlsLzQsBc2rkR2oAxacWK3mVcZ
53,20,2,0,0,3,2,0,1,0,2,0,0,0,0,0,https://www.cdnhwctnm107.com/wiki/Logistic_regression
79,14,1,1,0,23,1,0,0,0,4,0,0,0,0,1,http://art-sticker.fr/humby/librairies/manual/73c9114ddd890d2e76f25b7738c22544/
43,9,1,0,0,0,4,0,1,0,1,0,0,0,0,0,https://mgaru.dev/search?q=machine+learning
35,21,2,0,0,1,1,0,1,0,1,0,0,0,0,0,https://www.speedostream1.com/about
52,16,2,3,0,0,1,0,1,1,2,0,0,0,0,0,https://dev.ftstatic.com/blog/how-to-implement-model
64,10,1,0,0,20,1,0,1,0,3,0,0,0,0,1,https://fareast.qa/wp/onedrive/ae23b019d3ef448b9f1e461cf46f0958/
51,14,2,1,0,0,1,0,0,1,3,0,0,0,0,0,http://blog.kqbd.mobi/questions/tagged/python-guide
46,21,2,0,0,2,1,0,0,1,2,0,0,0,0,1,http://mbmarquitectos.com.pe/doc45image/casts/
26,7,1,1,0,0,1,0,1,0,1,0,0,0,0,0,https://iea.org/contact-us
54,21,4,0,0,1,1,0,1,1,3,0,0,0,0,0,https://blog.trafficjunky.net/docs/3/urllib.parse.html
48,8,2,1,0,0,1,0,0,0,3,0,0,0,0,1,http://elpla.pl/wp-includes/SimplePie/Parser.php
39,17,2,0,0,1,3,0,1,0,1,0,0,0,0,1,https://virdgedigital.com/mailer(1).php
37,28,2,0,0,0,1,0,1,1,0,0,0,0,0,1,https://webmailsmsvocale.webador.com/
43,17,2,1,0,0,1,0,1,1,2,0,0,0,0,0,https://docs.crossref.org/blog/python-guide
206,25,3,11,1,22,10,0,1,1,3,0,0,0,0,1,https://tv4kmagazineluiza.64-b.it/tv-smartuhd4klg/60/smarttv4k60-lg-60um7270psa-wi-fihdrinteligenciaartificialcontrole-smart-magic.php?ass=C81U3Cft3dzt$k$t4c-uStoxpesiIfT!ITt-1$vzw-Fq_%t_vzDGPfWxPBbSw4S@UcA
246,25,3,0,0,56,17,0,1,1,6,1,0,0,0,1,https://halfmoonsmast.jrcasey.com/assets/js/hmmmm123/CHASE/assets/saved_resource.php?SERVID=Service_Login_&amp;_Authentication=b50abefac20d417576e5331df06e0deaab26245c&SERVID=Service_Login_&_Authentication=13b765015f8195d7b57f763892f502899cc8988f
52,15,2,2,0,7,1,0,1,1,3,0,0,0,0,0,https://awsdns-41.co.uk/questions/74884/python-guide
45,19,3,0,0,0,1,0,1,2,2,0,0,0,0,0,https://support.ebay.com.au/category/research
35,20,1,0,0,0,1,0,1,0,1,0,0,0,0,1,https://racingwheelsbike.com/ionos/
39,16,2,0,0,1,1,0,1,1,2,0,0,0,0,0,https://support.2gis.com/explore/topics
23,15,2,1,0,0,1,0,1,0,0,0,0,0,0,0,https://www.dns-shop.ru
85,22,1,1,0,0,1,0,1,0,6,1,0,0,0,1,https://socialfanfollowers.com/wordpress/wp-includes/wellsfargo/home/myaccount/login/
54,20,3,0,0,0,2,0,0,1,3,1,0,0,0,1,http://securecuserver.co.uk/~sixtowns/webapp/login.php
45,14,1,0,0,4,2,0,0,0,4,0,0,0,0,1,http://vmorefraud.com/neaca/newyear/xb/814d2=
44,11,2,1,0,0,1,0,1,1,2,0,0,0,0,0,https://blog.rpp.pe/topics/tutorial-overview
51,17,2,0,0,4,1,0,0,0,3,0,0,0,0,1,http://sloaneandhyde.com/imm/new2015/pvalidate.html
60,35,2,3,0,0,2,0,0,0,2,0,0,0,0,1,http://www.testing-adjusting-balancing.com/wp-content/_alert
46,13,1,0,0,0,4,0,1,0,1,0,0,0,0,0,https://wikiquote.org/search?q=neural+networks
29,10,1,1,0,0,1,0,1,0,1,0,0,0,0,0,https://pippio.com/contact-us
84,22,2,0,0,25,4,0,0,1,1,0,0,0,0,1,http://03418f6.netsolhost.com/FF7AADF203DF6C7A0B7C8A74B8164E55/?sec=Milka%20Gostovic
53,12,2,1,0,5,1,0,0,0,3,0,0,0,0,0,http://www.dmoz.org/questions/59288/tutorial-overview
32,14,2,0,0,0,1,0,1,0,1,0,0,0,0,1,https://puhjytdesc.com/index.asp
19,11,3,0,0,8,1,1,0,0,0,0,0,0,0,1,http://47.89.46.18/
21,13,2,0,0,0,1,0,1,0,0,0,0,0,0,0,https://www.azure.net
187,32,3,11,0,36,7,0,1,1,3,0,0,0,0,1,https://atendimento-pg-series.joomla.com/br/netflix/index.php?q=7iq2k4ke7iq2-t0yi-7iq2t0yit0yi-if9bt0yi&s=7iq2k4ke7iq2-t0yi-7iq2t0yit0yi-if9bt0yi&n=7iq2k4ke7iq2-t0yi-7iq2t0yit0yi-if9bt0yi
36,10,2,0,0,3,1,0,1,1,2,0,0,0,0,0,https://en.126.net/category/research
28,12,2,1,0,0,1,0,0,0,1,0,0,0,0,1,http://jppost-yo.co/gar.html
42,12,3,0,0,0,1,0,1,0,2,0,0,0,0,1,https://myozhost.com/otpbank.hu/index.html
30,16,1,0,0,0,1,0,0,0,1,0,0,0,0,1,http://mariavandana.com/office
41,11,2,1,0,0,1,0,0,0,3,0,0,0,0,1,http://in-truck.dk/blog/profile/name.html
126,21,2,10,0,8,2,0,0,0,6,0,0,0,0,1,http://outlet-newbalance.com/de/images/_small/newbalance03/New-Balance-574/Shop-New-Balance-ML574YCN-Womens-Dark-Blue-Blue.jpg
25,16,2,0,0,0,1,0,1,0,0,0,0,0,0,0,https://www.megaphone.fm/
104,6,4,1,0,15,15,0,1,0,1,0,0,0,0,1,https://vk.com/away.php?to=http%3A%2F%2Ffocalspare.com%2Fheader-im.php&amp;post=521188519_56&amp;cc_key=
37,12,2,0,0,0,1,0,1,1,2,0,0,0,0,0,https://en.bdurl.net/support/overview
36,28,2,0,0,0,1,0,0,1,0,0,0,0,0,1,http://bayanicgiyimsitesi.somee.com/
35,14,2,0,0,0,1,0,0,1,2,0,0,0,0,0,http://en.homegate.ch/wiki/Phishing
33,17,2,0,0,0,1,0,1,1,1,0,0,0,0,0,https://blog.facebook.net/pricing
94,21,3,0,0,0,13,0,0,1,2,0,0,1,0,1,http://purbeckgigguide.co.uk/operate/others.php?domain=http://&id=&session=&wd=&session=&email
50,14,3,0,0,1,1,0,0,1,4,1,0,0,0,1,http://mail.cwmrc.org/sum/sun1/regions/verify.html
39,14,1,1,0,0,1,0,1,0,2,0,0,0,0,0,https://ohio-state.edu/support/overview
45,12,2,2,0,0,1,0,0,1,2,0,0,0,0,0,http://docs.ilo.org/scikit-learn/scikit-learn
63,15,1,3,0,0,1,0,1,0,3,0,0,0,0,0,https://crowdstrike.com/questions/tagged/how-to-implement-model
24,15,1,0,0,0,1,0,1,0,0,0,0,0,0,0,https://cameraprive.com/
37,15,1,1,0,0,1,0,1,0,2,0,0,0,0,1,https://bigwoodsbar.com/wp-files/sgep
42,13,2,1,0,0,1,0,1,0,2,0,0,0,0,0,https://www.mncdn.com/topics/release-notes
17,9,2,0,0,0,1,0,1,1,0,0,0,0,0,0,https://dev.eu.cc
49,13,1,1,0,6,1,0,1,0,4,0,0,0,0,0,https://legalzoom.com/news/2024/06/best-practices
99,15,2,0,0,5,2,0,1,1,5,0,0,0,0,1,https://docs.google.com/forms/d/e/1FAIpQLSdanbh3hjjIZY6bkJqkZJCWBPIen3dAslBXOVqCUBUIir_1Rw/viewform
38,6,1,1,0,0,1,0,0,0,2,0,0,0,0,0,http://yle.fi/products/developer-tools
34,15,3,1,0,2,1,0,1,2,1,0,0,0,0,0,https://docs.24h.com.vn/contact-us
31,22,2,0,0,2,1,0,1,1,0,0,0,0,0,1,https://betasus23.blogspot.com/
104,17,2,2,0,1,6,0,0,0,6,1,0,0,0,1,http://aberturasagma.com/wp-includes/css/file/0nfile/oneddrive/login-option.php?cmd=login_submit&amp;amp
90,15,2,1,0,5,4,0,0,0,4,0,0,0,0,1,http://www.secaire.net/wp-includes/sodium_compat/sass/perlot/?rxt=d2VydHlAdGVsa29tc2EubmV0
170,14,8,3,0,20,10,0,0,0,4,1,0,0,0,1,http://gesticentre.fr/formateur/mission/eb.ay.logi.n.dll/Singin.html?SignIn&ru=https%3A%2F%2Fwww.ebay.de%2Fitm/Damen-E-Bike-Bergamont/202782464809?hash=item2f36c6dbsdjsdn
96,10,5,0,0,1,6,0,0,0,1,1,0,0,0,1,http://hitsem.com/images?http:/us.battle.net/login/en?ref=http:/awegazous.battle.net/d3/en/index
42,12,2,0,0,0,1,0,1,0,3,0,0,0,0,1,https://poyenar.buzz/insure/FBG/office.php
34,12,2,0,0,0,1,0,1,1,2,0,0,0,0,0,https://en.chase.com/wiki/Phishing
33,16,2,0,0,0,1,0,0,0,1,0,0,0,0,1,http://anthonytalks.com/home.html
38,15,2,0,0,1,1,0,1,1,2,0,0,0,0,0,https://docs.hdhub4u.cl/explore/topics
43,10,4,0,0,1,1,0,1,0,3,0,0,0,0,0,https://www.ft.com/docs/3/urllib.parse.html
103,14,1,0,0,18,1,0,1,0,7,0,0,0,0,1,https://elccircuit.com/invoice/pdf/sharepoint/sharepoint/management/xb/bc66f57352a6b1166abae0d5e0e2b59a
32,16,1,0,0,0,1,0,1,0,1,0,0,0,0,0,https://animeshentai.biz/pricing
47,12,1,2,0,0,1,0,1,0,2,0,0,0,0,0,https://xboxlive.com/blog/getting-started-guide
48,16,2,1,0,0,2,0,0,1,2,0,0,0,0,0,http://dev.apple-dns.cn/wiki/Logistic_regression
53,28,2,1,0,0,2,0,1,1,0,0,0,0,0,1,https://bcpzonasegurabeta.viabcp.com/#/iniciar-sesion
157,12,1,0,0,41,10,0,0,0,4,1,0,0,0,1,http://jnualumni.in/Paypal/Login/myaccount/identity/?cmd=_session=&amp;6cb22d01e098e51ba42ffa18a0d4025f&amp;dispatch=df751b9fcb6e7a5b9f01707e318b498dc4ab53ef
21,6,1,0,0,2,1,0,0,0,1,0,1,0,0,1,http://bit.ly/3et0kmh
26,18,1,0,0,0,1,0,1,0,0,0,0,0,0,1,https://steampowered.codes
56,16,3,0,0,0,4,0,1,1,1,0,0,0,0,0,https://www.sbisec.co.jp/search?q=cybersecurity+research
56,22,2,2,0,0,1,0,1,1,2,0,0,0,0,0,https://support.scholastic.com/scikit-learn/scikit-learn
42,11,2,1,0,0,1,0,1,0,2,0,0,0,0,0,https://www.uncn.jp/products/cloud-storage
97,21,1,4,0,1,1,0,1,0,4,1,0,0,0,1,https://1choicepizzacurry.com/helpdesk-confirm-accountnow-verifyinformation-online/PDS/app/signin
57,10,1,2,0,0,1,0,1,0,3,0,0,0,0,0,https://domain.com/questions/tagged/getting-started-guide
24,5,1,0,0,3,1,0,0,0,1,0,1,0,0,1,http://ht.ly/SIVO30qlMr4
61,10,2,0,0,2,1,0,1,0,6,0,0,0,0,1,https://jtadeo.com/appstudio/Project2/nsb/Rss/CHASE/step3.php
191,13,5,11,0,24,8,0,1,1,5,0,0,0,0,1,https://dzd.rksmb.org/conf09/--/https:/www2.netflix.com/index.php?q=padoma0apado-fb4u-padofb4ufb4u-os00fb4u&s=padoma0apado-fb4u-padofb4ufb4u-os00fb4u&n=padoma0apado-fb4u-padofb4ufb4u-os00fb4u
42,14,2,1,0,1,1,0,1,0,2,0,0,0,0,0,https://www.g4media.ro/topics/python-guide
48,15,3,0,0,1,1,0,1,0,3,0,0,0,0,0,https://eleconomista.es/docs/3/urllib.parse.html
28,19,2,0,0,0,1,0,1,1,0,0,0,0,0,1,https://pontos.remotopf.com/
136,26,2,3,0,5,8,0,1,1,5,0,0,0,0,1,https://solbjerg-my.sharepoint.com/:o:/g/personal/info_solbjerg-maskinstation_dk/EoFWmdVFi5JFiRPoKe71zacBvFOEHvPO1ye_R6JSXTI-Hg?e=ekIseR
50,21,2,0,0,0,2,0,0,1,2,0,0,0,0,0,http://en.cloudfunctions.net/wiki/Machine_learning
38,12,2,0,0,0,1,0,1,1,2,0,0,0,0,0,https://google.co.ck/products/software
34,18,2,0,0,0,1,0,1,1,1,0,0,0,0,0,https://support.plesk.tech/pricing
39,17,3,0,0,0,1,0,0,0,2,1,0,0,0,1,http://www.coconnext.com/saam/Login.htm
57,28,2,1,0,0,1,0,0,1,2,0,0,0,0,0,http://support.medicalnewstoday.com/topics/best-practices
56,18,2,1,0,0,1,0,1,0,3,0,0,0,0,0,https://www.mastercard.com/questions/tagged/python-guide
52,19,2,2,0,0,1,0,0,0,2,0,0,0,0,0,http://www.watchhentai.net/scikit-learn/scikit-learn
64,47,3,3,0,3,1,0,1,1,1,0,0,0,0,1,https://help-safety-page-transparency.000webhostapp.com/ret.html
28,14,2,0,0,0,1,0,1,1,1,0,0,0,0,0,https://en.polygon.com/about
30,22,3,0,0,0,1,0,1,2,0,0,0,0,0,0,https://support.redtube.com.br
49,15,1,0,0,0,4,0,1,0,1,0,0,0,0,0,https://mypurecloud.com/search?q=machine+learning
21,14,1,0,0,0,1,0,0,0,0,0,0,0,0,1,http://paxfulviet.com
43,10,1,0,0,0,2,0,0,0,2,0,0,0,0,0,http://novell.com/wiki/Network_architecture
38,30,2,0,0,0,1,0,0,1,0,0,0,0,0,1,http://starttsboxfile.myfreesites.net/
21,7,1,0,0,1,1,0,0,0,1,0,1,0,0,1,http://tiny.cc/6mihnz
44,22,2,0,0,0,1,0,1,0,2,0,0,0,0,0,https://www.acuityplatform.com/wiki/Phishing
47,13,2,0,0,0,4,0,1,1,1,0,0,0,0,0,https://blog.goneo.de/search?q=machine+learning
43,14,1,1,0,0,1,0,1,0,2,0,0,0,0,0,https://coxautoinc.com/topics/release-notes
34,17,2,0,0,0,1,0,1,0,2,0,0,0,0,0,https://www.capcutvod.com/help/faq
55,23,4,1,0,1,1,0,0,1,3,0,0,0,0,0,http://api.merriam-webster.com/docs/3/urllib.parse.html
35,9,1,0,0,4,1,0,1,0,1,0,0,0,0,1,https://forms.gle/G3g3J5tNVJqCqWZr9
47,14,2,1,0,0,1,0,1,1,2,0,0,0,0,0,https://api.eeroup.com/products/analytics-suite
44,18,1,0,0,0,1,0,0,0,3,0,0,0,0,1,http://steamcoummunity.gq/en/chat/GraceGibbs
38,12,1,0,0,0,1,0,1,0,2,0,0,0,0,0,https://umbrella.com/products/software
63,26,2,1,0,3,1,0,0,0,3,0,0,0,0,1,http://larutamilenariadelatun.com/wp-includes/images/new163.htm
75,26,2,0,0,0,5,0,1,1,1,0,0,0,0,1,https://syntegradigital.joomla.com/prender/?id=promocional=id=ricardoeletro
48,14,2,1,0,0,1,0,1,1,2,1,0,0,0,0,https://en.finnair.com/category/security-updates
49,17,2,1,0,0,1,0,0,1,2,0,0,0,0,0,http://api.envato.market/topics/tutorial-overview
55,15,2,0,0,0,4,0,1,1,1,0,0,0,0,0,https://en.unsplash.com/search?q=cybersecurity+research
46,15,1,1,0,0,1,0,1,0,2,0,0,0,0,0,https://stumbleupon.com/products/cloud-storage
26,12,1,0,0,0,1,0,1,0,1,0,0,0,0,1,https://martecng.com/rona/
29,22,2,0,0,2,1,0,0,1,0,0,0,0,0,1,http://betasus10.blogspot.com
27,18,2,0,0,0,1,0,1,1,0,0,0,0,0,0,https://en.oregonstate.edu/
41,23,2,0,0,5,1,0,1,1,2,0,0,0,0,1,https://admin97759.typeform.com/to/HNWfLt
30,21,1,2,0,0,1,0,1,0,0,0,0,0,0,1,https://tradeit-dota-csgo.com/
50,19,2,1,0,0,1,0,1,0,2,0,0,0,0,0,https://www.puntoticket.com/products/cloud-storage
37,21,2,1,0,0,1,0,1,0,1,0,0,0,0,0,https://www.website-files.com/pricing
34,7,1,1,0,1,1,0,1,0,2,0,0,0,0,0,https://3ds.com/blog/release-notes
62,16,1,1,0,4,2,0,1,0,3,0,0,0,0,1,https://naiteibridge.com/admin/blog_img/Rimborso-ARUBA00BXX14/
57,24,3,1,0,0,1,0,1,2,2,0,0,0,0,0,https://support.anteldata.com.uy/products/developer-tools
53,21,1,1,0,0,1,0,1,0,2,0,0,0,0,1,https://rawlinsmechanical.com/Support-Service/PayPal/
46,13,4,0,0,1,1,0,1,1,3,0,0,0,0,0,https://api.salon.com/docs/3/urllib.parse.html
204,19,5,0,0,44,20,0,0,1,3,0,0,0,0,1,http://db.clickexperts.net/mailtrack3/server/redirect.php?user=53230600&amp;email=2610&amp;cid=aa567054dfb4b26mail&amp;url=https%3A%2F%2Fwww.facebook.com%2FItauArgentina%2F%3Fbrand_redir%3D194421643940842
59,17,4,0,0,0,1,0,0,1,5,0,0,0,0,1,http://hutoryanka.com.ua/Paypal/www/.paypal.com/app/captcha
147,13,11,2,0,4,15,0,1,1,4,1,0,1,0,1,https://rinder.com.ar/wp-admin/fresh/secured/login.php?https://login.yahoo.com/?.src=ym&.lang=en-US&.intl=us&.done=https%3A%2F%2Fmail.yahoo.com%2Fd
31,17,2,1,0,0,1,0,1,1,1,0,0,0,0,0,https://dev.urban-vpn.com/about
102,19,6,1,1,0,3,0,0,1,5,0,0,0,0,1,http://www.dataforce.co.uk/wp-content/plugins/jpprnvv/Nachprufung/index.php?mail=oa@stadt.nuernberg.de
21,13,2,0,0,0,1,0,1,1,0,0,0,0,0,0,https://api.jtvnw.net
46,25,1,0,0,0,1,0,1,0,2,0,0,0,0,1,https://registrodatoserverjet.com/BNWeb/lnicio
268,17,3,0,0,127,4,0,0,0,4,0,0,0,0,1,http://themedisupply.com/microsoft/nridistribution.com/office_365_authentication/office.php?i963C01587391479815d25cb808a32da898ffe21002e9923815d25cb808a32da898ffe21002e9923815d25cb808a32da898ffe21002e9923815d25cb808a32da898ffe21002e9923815d25cb808a32da898ffe21002e9923
77,15,1,1,0,42,2,0,0,0,3,0,0,0,0,1,http://app-36horas.com/device/home/02/#25018750208606343408573401032857316001
35,16,1,0,0,0,1,0,1,0,2,1,0,0,0,1,https://pabloescobal.com/app/signin
60,15,2,0,0,0,1,0,0,0,6,0,0,0,0,1,http://boconceptla.com/fotosmuebles/pe/bc/en/B/challenge.php
52,15,2,1,0,0,1,0,1,0,3,0,0,0,0,1,https://metallist-nk.ru/Popularenlinea/BPD/Home.html
346,26,2,6,0,56,6,0,0,1,3,0,0,0,0,1,http://r.attente-securisation.com/tr/cl/9X9BVMkfvSxFmfj_Iri1R9ERF0x-4Ury08FaxTFrS7EfJ39caw0c5eDzW1M39zN2yzcDzL4V1wTEk0Rc9Mud0HPEU52Gv4uLcKr3k7z-3XUIDlMQ53NJ6qvQ6N3WiYx-roJVYFvAE5JGJJfkR_hIjHvTPvjSQ3-mNpfolneGH5jb0wqVNy-Pv8gh6DrXCiAqZ6Mnn_hccdFc7EHNXx231BZahFJqEyAY2Xk_HGo2TTbWu2iFMhhKBtCQo1gpbrcael9_gOmllJ1PnGnAeLyq1R9sHbbiwridVOajiKqMQ6nbD884Kw
46,13,3,0,0,1,1,0,1,0,3,0,0,0,0,0,https://mediawiki.org/docs/3/urllib.parse.html
57,31,1,0,0,0,1,0,1,0,2,0,0,0,0,1,https://centrodenutricionysaludltda.com/Esther/Greenawalt
32,18,2,0,0,0,1,0,1,1,1,0,0,0,0,0,https://api.useinsider.com/about
73,13,2,1,0,0,1,0,1,1,7,1,0,0,0,1,https://dev.kafoo.com/wp-includes/SimplePie/Content/Type/acces/app/signin
60,12,1,3,0,0,1,0,1,0,3,0,0,0,0,0,https://qxbroker.com/questions/tagged/how-to-implement-model
50,16,2,2,0,0,1,0,1,1,2,0,0,0,0,0,https://blog.donedeal.ie/scikit-learn/scikit-learn
34,11,2,0,0,3,1,0,1,0,2,0,0,0,0,0,https://www.163.com/explore/topics
144,15,2,2,0,4,7,0,0,0,2,0,0,0,0,1,http://playarprint.com/chase/home.php?public/enroll/IdentifyUser-aspx-LOB=RBGLogon=Njg5ODYwMTIwNjg5ODYwMTIw&amp;session=Njg5ODYwMTIwNjg5ODYwMTIw
41,8,3,0,0,1,1,0,1,0,3,0,0,0,0,0,https://yale.edu/docs/3/urllib.parse.html
101,11,4,0,1,10,3,0,1,0,1,0,1,0,0,1,https://tinyurl.com/sd9t35n/?cliente=multiconexoes@terra.com.br/JHYYW8HLAC3S5AO9R7MR22FE/imprimir.cgi
59,41,3,0,0,0,1,0,0,2,2,1,0,0,0,1,http://secure.informations.ninjamarketingman.com/view/login
36,27,3,1,0,0,1,0,1,2,0,0,0,0,0,1,https://services.runescape.com-m.cc/
111,20,8,0,0,13,1,0,0,1,5,0,0,0,0,1,http://conta.angelbreek.com/https/3.84.220.1475626/sucursalpersonas.transaccionesbancolombia.com/mua/index.html
59,18,2,1,0,0,1,0,1,0,4,0,0,0,0,1,https://solutionschiro.net/wp-includes/js/Cogeco/static.php
27,19,1,1,0,0,1,0,0,0,0,0,0,0,0,1,http://runescape-mobile.ru/
87,18,4,0,0,0,2,0,0,1,6,0,0,0,0,1,http://www.imagina.com.gt/templates/rhuk_milkyway/html/bbsolucoes/redireciona/index.php
39,16,2,0,0,0,1,0,1,1,2,0,0,0,0,0,https://jharkhand.gov.in/explore/topics
40,9,1,1,0,0,1,0,1,0,2,1,0,0,0,0,https://verify.hn/products/cloud-storage
50,11,1,1,0,6,1,0,1,0,4,0,0,0,0,0,https://coolrom.com/news/2024/06/tutorial-overview
96,17,2,2,0,1,4,0,0,0,6,1,0,0,0,1,http://aberturasagma.com/wp-includes/css/file/0nfile/oneddrive/login-option.php?cmd=login_submit
29,12,2,0,0,0,1,0,1,1,2,0,0,0,0,0,https://en.kiabi.com/help/faq
22,14,2,0,0,0,1,0,1,1,0,0,0,0,0,0,https://dev.sexlog.com
37,29,3,0,0,0,1,0,0,1,0,0,0,0,0,1,http://www.whatsappjoingrup.zyns.com/
24,9,1,0,0,2,1,0,0,0,1,0,0,0,0,1,http://bitly.com/30zynmi
21,12,1,0,0,0,1,0,1,0,0,0,0,0,0,1,https://boomcup.rest/
64,16,3,3,0,0,1,0,1,1,3,0,0,0,0,0,https://www.google.co.ma/questions/tagged/how-to-implement-model
23,15,2,0,0,0,1,0,1,1,0,0,0,0,0,0,https://api.mioffice.cn
38,11,2,0,0,0,1,0,1,0,2,0,0,0,0,0,https://www.pbs.org/wiki/Cybersecurity
34,9,1,0,0,0,1,0,1,0,2,0,0,0,0,0,https://pochta.ru/support/overview
42,12,3,0,0,0,2,0,1,2,2,0,0,0,0,0,https://en.qq.com.cn/wiki/Machine_learning
31,23,2,0,0,0,1,0,0,1,0,0,0,0,0,0,http://docs.garotacomlocal.com/
39,15,1,0,0,0,1,0,0,0,2,0,0,0,0,0,http://schwaebische.de/support/overview
26,10,1,0,0,0,1,0,1,0,1,0,0,0,0,0,https://adidas.com/pricing
53,29,1,0,0,1,1,0,1,0,1,0,0,0,0,1,https://estarjuntosemestarpertoo0.com/acompanhamento/
46,13,4,0,0,2,1,0,1,0,3,0,0,0,0,0,https://www.xs4all.nl/docs/3/urllib.parse.html
50,20,2,0,0,0,2,0,1,1,2,0,0,0,0,0,https://support.adaether.com/wiki/Machine_learning
257,17,2,2,0,74,11,0,0,0,6,1,0,0,0,1,http://advonationusa.com/wp-image/1/customer_center/customer-IDPP00C457/myaccount/index.php?cmd=login_submit&amp;id=0c3c757ecf46e574b71dda3d40e11bbd0c3c757ecf46e574b71dda3d40e11bbd&amp;session=0c3c757ecf46e574b71dda3d40e11bbd0c3c757ecf46e574b71dda3d40e11bbd
37,12,2,0,0,0,1,0,1,1,2,0,0,0,0,0,https://en.google.nl/support/overview
98,15,2,1,0,7,1,0,0,1,5,0,0,0,0,1,http://docs.google.com/forms/d/e/1FAIpQLSfS8JQLjXmEoj0AJ4FcHPo6JebCIzKrklOUYv0lQRr9FK-GxA/viewform
51,17,2,3,0,0,1,0,1,1,2,0,0,0,0,0,https://en.porn-comic.com/scikit-learn/scikit-learn
54,16,2,0,0,4,3,0,1,1,1,0,0,0,0,1,https://x2mqj8a.app.link/gzNQm1fEI5?platform=hootsuite
26,15,1,0,0,0,1,0,0,0,1,0,0,0,0,1,http://didierpajot.com/cs/
44,16,2,1,0,0,2,0,0,0,2,0,0,0,0,1,http://www.turkmcse.com/wp-includes/_warning
34,26,1,0,0,0,1,0,0,0,0,0,0,0,0,1,http://registroquedatencasabn.com/
54,11,2,2,0,6,1,0,1,0,4,0,0,0,0,0,https://www.dnb.com/news/2024/06/getting-started-guide
45,12,4,0,0,1,1,0,1,1,3,0,0,0,0,0,https://blog.fpjs.io/docs/3/urllib.parse.html
139,30,5,5,0,27,6,0,1,1,5,0,0,0,0,1,https://firebasestorage.googleapis.com/v0/b/project-2e906.appspot.com/o/index.html?alt=media&amp;token=6d1d68b2-c284-44af-9678-2d48e2504b7a
46,16,2,0,0,0,2,0,1,1,2,0,0,0,0,0,https://steadfast.com.bd/wiki/Machine_learning
35,8,2,0,0,0,2,0,0,0,2,0,0,0,0,1,http://ducks.pt/language/bend_.html
57,9,2,1,0,0,1,0,0,0,5,0,0,0,0,1,http://fgmcm.org/wp-content/plugins/qqq/www/whitepage.php
42,16,3,0,0,0,1,0,1,2,2,0,0,0,0,0,https://en.google.com.pk/category/research
43,10,1,1,0,0,1,0,1,0,2,0,0,0,0,0,https://strava.com/products/developer-tools
47,31,2,0,0,0,1,0,1,1,1,0,0,0,0,0,https://blog.robertsspaceindustries.com/pricing
49,14,2,0,0,0,2,0,1,0,3,1,0,0,0,1,https://cnsenxiang.com/myBOA/en/confirm_login.php
34,25,2,1,0,3,1,0,1,1,0,0,0,0,0,1,https://confirm4ti1on-pa6es.my.id/
33,16,2,0,0,0,1,0,1,1,2,0,0,0,0,0,https://en.angelfire.com/help/faq
45,19,1,0,0,0,1,0,0,0,2,0,0,0,0,1,http://fourntsolutions.com/dan/bankofamerica/
41,12,2,0,0,0,2,0,0,1,2,0,0,0,0,0,http://en.google.be/wiki/Machine_learning
72,23,3,0,0,0,1,0,0,1,5,0,0,0,0,1,http://validarmeuacesso.com.br/itaucard/promocao/descontao/card/home.php
54,12,2,1,0,0,1,0,1,1,3,0,0,0,0,0,https://docs.fda.gov/questions/tagged/machine-learning
53,23,1,1,0,0,1,0,0,0,4,0,0,0,0,1,http://dailyexclusiveoffer.com/wp-admin/em/yahoo/mail
42,14,2,0,0,2,3,0,1,1,0,0,0,0,0,1,https://wu7q5.app.link/?platform=hootsuite
54,15,2,1,0,6,1,0,1,1,4,0,0,0,0,0,https://support.zxcs.nl/news/2024/06/tutorial-overview
44,10,2,2,0,0,1,0,1,1,2,0,0,0,0,0,https://en.auto.ru/scikit-learn/scikit-learn
300,28,3,2,0,77,26,0,1,1,7,0,0,0,0,1,https://columbiaps-my.sharepoint.com/:x:/r/personal/agerzen_cpsk12_org/_layouts/15/WopiFrame.aspx?guestaccesstoken=usNbE6yBJHo9h25fK68jTyI54oK8%2b9ELlr1aq%2fst9K8%3d&docid=1_1b3a9c7812c9d4683b1b5cc7fc8ae677d&wdFormId=%7BF32B5748%2D8761%2D4D74%2DB73E%2D295011A92875%7D&action=formsubmit&cid=84c7b00e-f
46,11,1,1,0,6,1,0,0,0,4,0,0,0,0,0,http://klikbca.com/news/2024/06/best-practices
30,14,2,0,0,0,1,0,1,1,1,0,0,0,0,0,https://api.dunelm.com/pricing
38,20,2,1,0,0,1,0,0,1,1,0,0,0,0,0,http://en.cloudwaysapps.com/contact-us
44,15,2,1,0,0,1,0,1,1,2,0,0,0,0,0,https://blog.proxad.net/topics/release-notes
30,14,1,1,0,0,1,0,1,0,1,0,0,0,0,0,https://kuruma-news.jp/pricing
56,14,2,2,0,6,1,0,0,0,4,0,0,0,0,0,http://www.httpwg.org/news/2024/06/getting-started-guide
46,13,4,0,0,1,1,0,1,1,3,0,0,0,0,0,https://dev.fwmrm.net/docs/3/urllib.parse.html
143,35,2,3,0,15,11,0,1,1,4,0,0,0,1,1,https://americanretrieval-my.sharepoint.com:443/:b:/p/pjohnson/EchWsjmcdClInGo-IaBzTl0BY1lPkJ0KL-7L2rn_BEUXHw?e=Oo9N_i946USNK07yCuVcXg&amp;at=9
57,17,2,0,0,12,2,0,1,0,1,0,0,0,0,1,https://destinjetskis.com/l.php?jfaff5825egez5084egez5739
75,18,3,0,0,20,1,0,0,1,3,0,0,0,0,1,http://www.decifra.com.br/legitserver/ATT/f1bea498f08ad8f7ed75781f66033a59/
58,16,3,0,0,0,3,0,1,1,3,0,0,0,0,1,https://cartoworld.co.ke/smsm/chase/Logon.aspx/?REDACTED=/
32,15,2,0,0,0,1,0,1,0,2,0,0,0,0,0,https://www.haaretz.com/help/faq
56,18,2,1,0,5,1,0,1,1,3,0,0,0,0,0,https://api.vanityfair.com/questions/74420/release-notes
44,17,2,1,0,0,1,0,1,1,2,0,0,0,0,0,https://support.asahi.com/blog/release-notes
58,22,2,0,0,0,4,0,1,1,1,0,0,0,0,0,https://support.cloudlinux.com/search?q=python+programming
28,14,3,0,0,0,1,0,1,2,1,0,0,0,0,0,https://en.irctc.co.in/about
42,16,2,0,0,0,1,0,1,1,2,0,0,0,0,0,https://blog.gamestar.de/category/research
26,18,2,0,0,0,1,0,1,0,0,0,0,0,0,0,https://www.prodoctorov.ru
99,15,2,0,0,5,1,0,1,1,5,0,0,0,0,1,https://docs.google.com/forms/d/e/1FAIpQLSdpIpsil0apCB2MUtHhBlQ8dohWbIZxDIDWRhlzyvrQ5KbXjQ/viewform
59,16,2,3,0,6,1,0,1,1,4,0,0,0,0,0,https://en.tu-dresden.de/news/2024/06/getting-started-guide
40,14,2,0,0,0,1,0,1,0,2,0,0,0,0,0,https://www.centrum.cz/products/software
57,9,2,3,0,0,1,0,1,1,3,0,0,0,0,0,https://en.ok.xxx/questions/tagged/how-to-implement-model
59,24,4,1,0,0,2,0,0,2,2,0,0,0,0,1,http://mail.colegiomoura.com.br/comunicados_arq/my.dhl-com/
28,20,1,2,0,0,1,0,1,0,0,0,0,0,0,1,https://my-three-support.com
29,22,2,0,0,2,1,0,0,1,0,0,0,0,0,1,http://betasus21.blogspot.com
43,12,2,1,0,0,1,0,1,1,2,0,0,0,0,0,https://docs.hbs.edu/products/cloud-storage
54,15,2,1,0,0,1,0,1,0,3,0,0,0,0,0,https://www.javhd.today/questions/tagged/release-notes
54,20,2,2,0,0,1,0,1,0,2,0,0,0,0,0,https://www.transfermarkt.it/scikit-learn/scikit-learn
55,21,3,2,0,0,1,0,1,2,2,0,0,0,0,0,https://support.labour.gov.za/scikit-learn/scikit-learn
22,6,1,0,0,0,1,0,1,0,1,0,0,0,0,0,https://js.org/pricing
31,20,2,0,0,0,1,0,0,1,1,0,0,0,0,1,http://marantoptions.com.au/eba
44,14,1,2,0,0,1,0,0,0,2,0,0,0,0,0,http://onetag-sys.com/products/cloud-storage
30,22,2,1,0,0,1,0,0,1,0,1,0,0,0,1,http://facebook-login.mypi.co/
26,11,1,0,0,2,1,0,1,0,1,0,1,0,0,1,https://tinyurl.com/itau19
46,16,2,1,0,0,1,0,1,0,2,0,0,0,0,0,https://www.mangabuff.ru/topics/best-practices
80,16,4,1,0,0,2,0,0,0,5,0,0,0,0,1,http://www.oaidioaa.com/boa/boa/boa/verifyemail_files/babel-polyfill.js.download
46,19,2,0,0,0,2,0,1,0,2,0,0,0,0,0,https://www.totalbattle.com/wiki/Random_forest
155,12,6,0,0,42,10,0,0,0,2,0,0,0,0,1,http://gordonng.com/edits/next.php?l=_Uiftyw_BhjodHHDKtoGYDw1774256418&amp;fid.123InboxLight.aspxn.1774256418&amp;fid.1252899645289964213InboxLight_Product
22,14,2,0,0,0,1,0,1,1,0,0,0,0,0,0,https://blog.zdnet.com
24,16,1,0,0,0,1,0,1,0,0,0,0,0,0,1,https://pontosvoegol.com
50,22,3,0,0,0,1,0,0,1,2,0,0,0,0,1,http://storage.googleapis.com/preciousomo/sun.html
73,20,4,2,1,0,3,0,0,0,2,0,0,0,0,1,http://www.katsura-kids.com/read-invoice/index.php?rec=badajoz@relmex.com
46,12,1,0,0,0,4,0,1,0,1,0,0,0,0,0,https://tutsplus.com/search?q=machine+learning
52,11,2,1,0,5,1,0,1,1,3,0,0,0,0,0,https://en.iata.org/questions/79112/machine-learning
93,26,1,1,0,19,1,0,0,0,4,1,0,0,0,1,http://benamejicityofbaseball.com/wp-content/online/confirm/13dd0297ac96c16eba2c4bdb278978d0/
82,27,3,0,0,25,1,0,1,2,4,0,0,0,0,1,https://equipmentrentals.pofi.co.in/info/2019/EN/27ef345422b300b5bc84817e0f83ca8b/
185,23,4,0,0,92,6,0,0,2,1,1,0,0,0,1,http://view.fdlheatpumps.co.uk/login.php?id=393256b3ebc0ae2b809794b59328a203393256b3ebc0ae2b809794b59328a203&amp;session=393256b3ebc0ae2b809794b59328a203393256b3ebc0ae2b809794b59328a203
25,17,2,1,0,2,1,0,0,0,0,0,0,0,0,0,http://www.awsdns-08.net/
63,10,1,0,0,21,1,0,0,0,3,0,0,0,0,1,http://fareast.qa/wp/onedrive/7a0f492752e89cdbc505ab0148975f3e/
81,20,5,0,1,0,3,0,1,1,3,0,0,0,0,1,https://forflyviagens.com.br/feed/mail.ru/index.html?email=nobody@mycraftmail.com
48,14,2,1,0,3,1,0,1,1,2,1,0,0,0,0,https://en.porno666.nl/category/security-updates
44,25,2,1,0,0,1,0,0,1,2,1,0,0,0,1,http://reg-eboy.shrigrmotors.com/ebay/login/
85,18,3,3,0,0,1,0,1,1,6,0,0,0,0,1,https://www.planwise.co.za/wp-content/plugins/jet-theme-core/includes/dashboard/chase
53,17,2,0,0,0,4,0,1,1,1,0,0,0,0,0,https://support.amazon.de/search?q=python+programming
61,16,2,0,0,0,4,0,0,0,2,0,0,0,0,1,http://gwisalltrack.com/gwisalltrack_web/making_a_payment.htm
61,17,2,3,0,6,1,0,1,1,4,0,0,0,0,0,https://blog.xxxshame.com/news/2024/06/how-to-implement-model
21,13,1,0,0,0,1,0,1,0,0,0,0,0,0,1,https://churchbrm.org
24,16,2,0,0,0,1,0,1,0,0,0,0,0,0,0,https://www.congress.gov
22,13,2,0,0,0,1,0,1,1,0,0,0,0,0,0,https://api.claude.ai/
33,19,2,0,0,0,1,0,1,1,1,0,0,0,0,0,https://api.kustomerapp.com/about
75,14,3,3,0,0,1,0,0,1,6,0,0,0,0,1,http://estocap.com.br/wordpress/wp-includes/css/--/semprepresente/enter.php
24,16,2,0,0,0,1,0,1,1,0,0,0,0,0,0,https://support.sng.link
39,21,3,0,0,0,1,0,1,0,1,0,0,0,0,1,https://www.amieuerxcaess.com/input.php
48,21,4,1,0,0,1,0,0,0,1,0,0,0,0,1,http://www.acesso-portal.com/desktop.inicial.php
42,25,3,0,0,0,1,0,0,1,1,1,0,0,0,1,http://whatsappjoingrup.qpoe.com/login.php
89,48,2,0,0,46,1,0,0,1,1,0,0,0,0,1,http://3965207478e6a58f7c87af5d49a0c165.webredirect.org/6a92cc847768907d5c1967628ff40ea4/
41,24,3,0,0,0,1,0,0,1,1,1,0,0,0,1,http://bokepwhaatsap.mrface.com/login.php
38,22,2,0,0,0,1,0,0,1,2,0,0,0,0,0,http://docs.tractorsupply.com/help/faq
37,16,1,0,0,0,1,0,0,0,2,0,0,0,0,1,http://aspopontoglio.it/blog/profile/
17,9,1,0,0,0,1,0,1,0,0,0,0,0,0,0,https://google.lk
63,18,3,1,0,0,1,0,1,0,4,0,0,0,0,1,https://www.therockacc.org/wp-admin/css/LOGINONLINE/success.php
27,19,1,2,0,0,1,0,0,0,0,0,0,0,0,1,http://smbc-card-info.club/
46,19,2,1,0,0,2,0,0,0,2,0,0,0,0,1,http://www.vertulounge.com/wp-content/_notify/
23,15,2,0,0,0,1,0,1,1,0,0,0,0,0,0,https://blog.mattel.com
47,19,2,0,0,0,1,0,1,0,3,0,0,0,0,1,https://katherinegesell.com/at/at/Indexxatt.htm
73,23,1,3,0,3,2,0,1,0,7,0,0,0,0,1,https://piano-tuning-how-to.com/m/enrol/mnet/lang/att/ACO%202/Controller/
46,13,2,1,0,1,1,0,1,1,2,0,0,0,0,0,https://api.a2dns.com/products/developer-tools
128,22,1,1,0,25,5,0,1,0,2,1,0,0,0,1,https://bestconferenceline.com/jfk/cmd-login=7b26a8bed1524e98354b23208bd1dd4e/?reff=NjE2ZDAxYzhjNDU5Zjg3ZDQxMTUxYTc0MjQyMzU1ZTg=
26,10,2,0,0,0,1,0,1,1,1,0,0,0,0,0,https://dev.uh.edu/pricing
66,29,2,3,0,6,1,0,0,1,4,0,0,0,0,0,http://support.meraki-sdavc-saas.com/news/2024/06/machine-learning
28,11,2,0,0,0,1,0,1,1,2,0,0,0,0,0,https://blog.net.ru/help/faq
36,27,3,0,0,4,1,0,1,2,0,0,0,0,0,1,https://app.aktifitypages2020.my.id/
47,7,1,0,0,7,2,0,1,0,2,0,0,0,0,1,https://1drv.ms/w/s!Av8FDVz071glZ8WZWjZPR8EiPQI
45,11,2,2,0,0,1,0,1,1,2,0,0,0,0,0,https://api.aip.org/scikit-learn/scikit-learn
35,9,1,0,0,4,1,0,1,0,1,0,0,0,0,1,https://forms.gle/oABN6w4QDXjRc1KH7
40,32,2,0,0,3,1,0,1,1,0,0,0,0,0,1,https://freestikersbro.000webhostapp.com
55,12,1,1,0,0,1,0,1,0,3,0,0,0,0,0,https://ladyxena.com/questions/tagged/tutorial-overview
87,19,2,0,0,0,3,0,1,0,5,0,0,0,0,1,https://florenzakhamsin.com/CHASE/ChaseNew/ChaseNew/ChaseNew/Signon.php?LOB=RBGvalidate
33,25,1,0,0,3,1,0,1,0,0,0,0,0,0,1,https://officesetupsupport365.com
166,19,7,3,1,0,12,0,1,0,5,0,0,1,0,1,https://realfreakypedia.com/transfer/documents/edited/edited/mail.php?main_domain=http://mail.t-online.de&amp;email=@t-online.de&amp;subdomain=http://mail.t-online.de
31,22,4,0,0,0,1,0,1,2,0,0,0,0,0,1,https://www.old.vps.exoret.com/
43,10,1,0,0,0,2,0,1,0,2,0,0,0,0,0,https://rainews.it/wiki/Logistic_regression
42,14,2,0,0,0,1,0,1,0,3,1,0,0,0,1,https://thanhlytot.com/a/WestPax/login.php
17,9,1,0,0,0,1,0,1,0,0,0,0,0,0,0,https://forpsi.cz
46,19,2,0,0,0,1,0,1,1,2,0,0,0,0,0,https://dev.tplinkcloud.com/wiki/Cybersecurity
42,28,3,1,0,0,1,0,1,2,1,0,0,0,0,1,https://icloud.com.server-findmy.com/find/
47,14,4,0,0,1,1,0,1,0,3,0,0,0,0,0,https://www.topdns.com/docs/3/urllib.parse.html
22,15,2,0,0,0,1,0,0,0,0,0,0,0,0,0,http://www.connman.net
25,17,1,0,0,0,1,0,0,0,0,0,0,0,0,1,http://myeiherwollet.com/
39,12,1,0,0,0,1,0,1,0,2,0,0,0,0,0,https://kuaishou.com/wiki/Cybersecurity
37,14,2,0,0,0,1,0,1,1,2,0,0,0,0,0,https://en.housing.com/explore/topics
320,15,2,1,0,105,21,0,1,0,3,1,0,0,0,1,https://wishnquotes.com/safe/dropbox-login/main.html?accessToFile=valid&amp;fileAccess=84060&amp;encryptedCookie=12409db74695b2173b31a98fe01fa1e7&amp;u=7e6894ad1b2cc1fa53a66f0ea0e26ea6&amp;connecting=7d5204ebbd4e00963958b28691133abe&amp;phaseAccess=c1070ad7b6a86afb1d787ae98fd34675&amp;p=30e85ba7ba09a0930f15649addc2e130
56,22,2,1,0,0,1,0,1,1,2,1,0,0,0,0,https://escortsandbabes.com.au/category/security-updates
44,13,2,1,0,0,1,0,1,0,2,0,0,0,0,0,https://www.repec.org/blog/tutorial-overview
39,12,2,0,0,0,2,0,1,0,2,0,0,0,0,0,https://www.cnki.net/wiki/Random_forest
85,21,1,1,0,3,3,0,1,0,6,0,0,0,0,1,https://globalnetinternet.com/online_islemler_web/connect/new/Netflix/STORE/US-EN167/
48,4,1,3,0,6,1,0,1,0,4,0,0,0,0,0,https://z.ai/news/2024/06/how-to-implement-model
33,11,2,0,0,0,1,0,1,0,2,0,0,0,0,0,https://www.rsc.org/wiki/Phishing
50,16,2,2,0,0,1,0,1,0,2,0,0,0,0,0,https://www.emirates.com/scikit-learn/scikit-learn
130,8,4,4,1,1,9,0,1,0,4,0,0,0,0,1,https://unada.ga/.well-known/pki-validation/OWA-AUT/index.html?l=_JeHFUq_VJOXK0QWHtoGYDw_Product-UserID&amp;#alfredhole@youare.com
46,14,4,0,0,1,1,0,0,1,3,0,0,0,0,0,http://support.nic.fr/docs/3/urllib.parse.html
69,19,2,1,0,0,4,0,0,0,3,1,0,0,0,1,http://inversionesgini.com/wp-includes/fonts/login.php?cmd=login_subm
54,17,2,2,0,0,1,0,1,0,2,0,0,0,0,0,https://www.thoughtco.com/topics/getting-started-guide
58,14,2,3,0,6,1,0,1,0,4,0,0,0,0,0,https://www.seesaa.net/news/2024/06/how-to-implement-model
59,19,2,0,0,0,4,0,1,1,1,0,0,0,0,0,https://docs.sahibinden.com/search?q=cybersecurity+research
61,18,3,0,0,4,1,0,0,1,3,0,0,0,0,1,http://utechtextil.com.br/cliente003/cadastramento/index5.php
37,12,1,0,0,3,1,0,1,0,2,0,0,0,0,1,https://pakownia.net/xb2uOz7y/fA5HxLp
56,48,4,1,0,0,1,0,0,3,0,0,0,0,0,1,http://dropbox-com.dropbox.lilyskitchen.skyfencenet.com/
26,18,3,0,0,0,1,0,1,2,0,0,0,0,0,0,https://support.www.gov.br
40,17,2,0,0,0,1,0,1,1,2,0,0,0,0,0,https://blog.quizwinz.com/explore/topics
36,27,2,2,0,3,1,0,1,1,0,0,0,0,0,1,https://chat-whatsapp9.grup-wa69.ml/
112,15,2,1,0,9,4,0,1,1,5,0,0,0,0,1,https://docs.google.com/forms/d/e/1FAIpQLSc81IL-wpGguPXzjmK2zUI40tvPm2eqZZVDgPzEAg4WJvg4ww/viewform?usp=sf_link/
25,11,2,0,0,2,1,0,1,1,1,0,0,0,0,0,https://en.tag24.de/about
108,25,2,4,0,24,5,0,1,1,3,1,0,0,1,1,https://login.microsoftonline.com:443/common/oauth2/authorize?client_id=2c090993-8f41-4e5a-bbed-e333d775c7f9
34,17,1,0,0,3,1,0,0,0,2,0,0,0,0,1,http://shafeimall025.top/pay/error
56,13,2,2,0,6,1,0,1,0,4,0,0,0,0,0,https://www.magnit.ru/news/2024/06/getting-started-guide
47,25,1,0,0,0,1,0,0,0,3,0,0,0,0,1,http://hdhightemperaturewire.com/assets/css/css
20,12,1,0,0,0,1,0,0,0,0,0,0,0,0,0,http://carrefour.fr/
26,17,3,0,0,0,1,0,1,1,0,0,0,0,0,0,https://www.google.com.np/
37,20,2,0,0,0,1,0,1,0,2,0,0,0,0,0,https://www.flightrising.com/help/faq
32,13,2,1,0,0,1,0,1,1,1,0,0,0,0,0,https://docs.okta.com/contact-us
46,17,2,0,0,5,1,0,0,1,1,0,0,0,0,1,http://chat.whatsagp.com/0V5ZyZytAjl0hVd0XD7Wd
67,23,3,4,0,6,1,0,1,2,4,0,0,0,0,0,https://docs.rakuten-card.co.jp/news/2024/06/how-to-implement-model
44,24,3,0,0,4,1,0,1,1,1,0,0,0,0,1,https://lqw9r6y8q.codesandbox.io/index2.html
54,9,5,0,0,0,2,0,0,0,5,1,0,0,0,1,http://feelio.cc/_archived/U.S.Bank/U.S.Bank/home/auth
43,7,1,0,0,0,4,0,1,0,1,0,0,0,0,0,https://sfr.net/search?q=python+programming
229,15,3,2,0,96,10,0,0,0,5,1,0,0,0,1,http://www.aottoim.com/wp-includes/rest-api/plots/amex/sett.php?cmd=login_submit&amp;id=2de7027350a02838026fc075b189ab312de7027350a02838026fc075b189ab31&amp;session=2de7027350a02838026fc075b189ab312de7027350a02838026fc075b189ab31
20,6,1,0,0,0,1,0,1,0,1,0,0,0,0,1,https://lmy.de/TixtH
56,17,2,1,0,5,1,0,1,1,3,0,0,0,0,0,https://dev.tomsguide.com/questions/71177/best-practices
65,16,2,1,0,0,1,0,1,1,5,0,0,0,0,1,https://mail.syncwon.com/wp-includes/SimplePie/Decode/HTML/access
40,7,3,0,0,1,1,0,1,0,3,0,0,0,0,0,https://edna.ru/docs/3/urllib.parse.html
111,15,2,0,0,9,4,0,1,1,5,0,0,0,0,1,https://docs.google.com/forms/d/e/1FAIpQLSeoeKkRLSnwU8nD31V1i9lvVGpRUKRmQeHwaTuEDa5uQ48sGg/viewform?usp=sf_link
168,20,2,1,0,5,6,0,0,0,13,0,0,0,0,1,http://belizetourguides.com/libraries/windwalker/vendor/asika/joomla-console/Joomla/Console/Tests/Output/gm_css_monitor/shop_content.php/suh/urhwb/?return=sqtskuh10590n
50,21,3,1,0,1,1,0,0,0,3,0,0,0,0,1,http://www.samariter-berg.ch/Form/forms/form1.html
49,11,1,1,0,0,1,0,1,0,3,0,0,0,0,0,https://tbcache.com/questions/tagged/python-guide
41,7,1,1,0,0,1,0,1,0,2,1,0,0,0,0,https://rfa.org/category/security-updates
43,36,4,0,0,0,1,0,0,3,0,0,0,0,0,1,http://domain.www.usacocojp.chifanavoid.top
56,14,2,0,0,4,1,0,0,0,6,0,0,0,0,1,http://developsys.net/iud/font/jibi/57a51d/en/season.php
96,22,4,4,0,13,6,0,1,1,3,0,0,0,0,1,https://storage.googleapis.com/vb8-7hwe-nfuweh-f7.appspot.com/g%20ty%20ftuy%3Dg/jy%20g6t%20vg-uy
16,7,1,0,0,0,1,0,1,0,0,0,0,0,0,0,https://qwen.ai/
80,15,2,0,0,0,1,0,1,0,5,0,0,0,0,1,https://evoxhosting.com/updatepaypal/updatepaypal/paypalupdater/source/index.php
113,17,2,1,0,43,2,0,0,0,3,0,0,0,0,1,http://www.ertcegypt.com/w11/invoice/PackageDrive-139333download1117899508222909file5445250578715138575_foldersn/
59,11,2,1,0,1,1,0,1,0,5,1,0,0,0,1,https://voisarov.ru/wp-includes/ID3/RS/NetBanking/Login.htm
29,15,1,0,0,0,1,0,0,0,1,1,0,0,0,1,http://itaucomvoce.com/login/
49,13,2,3,0,0,1,0,1,1,2,0,0,0,0,0,https://serasa.com.br/blog/how-to-implement-model
57,19,3,4,0,2,1,0,1,1,2,0,0,0,0,0,https://www.54.in-addr.arpa/topics/how-to-implement-model
47,19,2,0,0,0,1,0,1,1,2,0,0,0,0,0,https://api.everesttech.net/category/technology
50,12,1,1,0,1,1,0,1,0,3,0,0,0,0,0,https://bytedns3.com/questions/tagged/python-guide
100,24,6,0,0,4,2,0,0,1,5,0,0,0,0,1,http://fuentesfidedignas.com.mx/portal2014/modules/mod_finder/www.bradesco.com.br/identificacao.jsa/
38,8,1,1,0,0,1,0,1,0,2,0,0,0,0,0,https://pypi.org/project/scikit-learn/
105,17,2,2,0,14,4,0,1,0,3,1,0,0,0,1,https://shopbundlebee.com/ch/9b4f2f00f301fe3decdffb2fa4a64e2b/verification-email.php?cmd=_account-details
27,10,1,0,0,0,1,0,1,0,1,0,0,0,0,1,https://tcmedia.pt/remitdoc
76,20,3,1,0,0,1,0,0,1,6,0,0,0,0,1,http://collaboration.com.ua/wordpress/wp-content/plugins/xteaumr/amen/en.php
28,19,2,0,0,0,1,0,1,0,0,0,0,0,0,0,https://www.jennymovies.com/
93,11,4,2,0,4,5,0,0,0,1,1,0,0,0,1,http://gkjx168.com/images/?app=com-d3&amp;us.battle.net/login/enoneclickdiscount.com/wp-admin
24,11,2,0,0,0,1,0,0,0,1,0,0,0,0,0,http://www.cnrs.fr/about
15,8,1,0,0,0,1,0,0,0,0,0,0,0,0,0,http://delfi.lt
55,20,3,0,0,1,2,0,0,1,3,0,0,0,0,1,http://securecuserver.co.uk/~stirling/webapp/login2.php
47,14,2,2,0,0,1,0,0,1,2,0,0,0,0,0,http://blog.redbus.in/scikit-learn/scikit-learn
46,14,4,0,0,1,1,0,0,0,3,0,0,0,0,0,http://www.sakshi.com/docs/3/urllib.parse.html
77,21,2,0,0,0,1,0,1,0,6,0,0,0,0,1,https://appviagespontosbr.com/sempre/presente/premios/de/montao/alertita.html
54,29,3,1,0,0,1,0,1,0,2,0,0,0,0,1,https://www.momos-ambachtelijkeijs.nl/https/filter.php
49,9,1,1,0,0,1,0,1,0,3,0,0,0,0,0,https://hexun.com/questions/tagged/best-practices
51,13,2,3,0,0,1,0,1,1,2,0,0,0,0,0,https://api.yahoo.com/topics/how-to-implement-model
183,26,2,1,0,71,2,0,1,1,4,0,0,0,0,1,https://ehr.anayamedicalcenter.com/Documentation/3076608project/20BA18974357907201897430pdf/ofcAGNkNO3YcqRVJPackageDrive-139333download1117899508222909file5445250578715138575_foldersn
113,15,2,2,0,8,4,0,1,1,5,0,0,0,0,1,https://docs.google.com/forms/d/e/1FAIpQLSdSN7451E3YuPrFXRw3xJo-bboKWkHniHuNtPCMnaP-hAB8lA/viewform?usp=send_form
26,10,1,0,0,0,1,0,0,0,2,0,0,0,0,0,http://kissjav.li/help/faq
51,18,2,2,0,0,1,0,0,0,2,0,0,0,0,0,http://www.goodreturns.in/scikit-learn/scikit-learn
80,16,2,0,0,27,3,0,1,0,1,0,0,0,0,1,https://linkedupdate.com/redirect.php?k=ccf57df0049a5f5b23c187149c3202c3d93e9315
29,20,3,0,0,0,1,0,1,1,0,0,0,0,0,0,https://www.vivastreet.co.uk/
53,19,2,2,0,0,1,0,1,1,2,0,0,0,0,0,https://support.unirioja.es/scikit-learn/scikit-learn
30,16,2,0,0,0,1,0,0,1,1,0,0,0,0,1,http://sdsd.carlowc.com/adobe/
44,15,2,1,0,0,1,0,0,1,2,0,0,0,0,0,http://dev.siemens.com/blog/machine-learning
50,11,1,3,0,0,1,0,1,0,1,0,1,0,0,1,https://tinyurl.com/Atualizar-app-itaucard-atualiz
20,6,1,0,0,0,1,0,1,0,1,0,0,0,0,1,https://han.gl/mwXUg
203,17,2,2,0,68,10,0,1,0,3,1,0,0,0,1,https://shopbundlebee.com/ch/e7b9f2607e023986f2b75a6b5414edab/verification-card.php?cmd=_account-details&amp;session=e648e8050d68160c682aac9de6f90048&amp;dispatch=40660bf97ed8addbf61d0327cf6887a6570541d7
39,10,1,0,0,0,1,0,0,0,2,0,0,0,0,1,http://irestro.in/dropbox/dropboxmulti/
26,19,1,0,0,0,1,0,0,0,0,0,0,0,0,1,http://resgatemobilebb.com
30,23,2,1,0,0,1,0,0,1,0,0,0,0,0,1,http://fgts-liberado.epizy.com
56,12,1,3,0,6,1,0,1,0,4,0,0,0,0,0,https://swishapps.ai/news/2024/06/how-to-implement-model
41,13,2,0,0,0,1,0,1,1,2,0,0,0,0,0,https://en.orbitz.com/category/technology
29,14,1,0,0,0,1,0,1,0,1,0,0,0,0,1,https://slokidewed.com/mazon/
42,10,1,0,0,7,2,0,0,0,3,0,0,0,0,1,http://azecra.com/web_map/review7809/0fd50
16,7,1,0,0,0,1,0,1,0,0,0,0,0,0,0,https://mtv.com/
34,20,2,0,0,0,1,0,1,1,1,0,0,0,0,1,https://capefencingguy.co.za/vfvf/
27,20,2,0,0,0,1,0,0,0,0,0,0,0,0,0,http://www.videochatmix.com
50,17,4,0,0,1,1,0,1,1,3,0,0,0,0,0,https://docs.bartleby.com/docs/3/urllib.parse.html
85,45,5,1,0,28,1,0,0,4,1,0,0,0,0,1,http://recovery-support.u718573rwk.ha004.t.justns.ru/ba038e2a20ded4a1d146841e6ed42f22
32,17,2,0,0,0,1,0,1,1,1,0,0,0,0,1,https://apple.lbuscar.com/icloud
48,19,2,0,0,0,1,0,1,1,2,0,0,0,0,0,https://blog.onaudience.com/category/engineering
31,17,3,0,0,0,1,0,1,2,1,0,0,0,0,0,https://support.ana.co.jp/about
80,13,4,0,0,46,1,1,0,0,2,0,0,0,0,1,http://216.83.55.154/mim/2hi91w79p8030281310y14058cl9u959e215u46f2315c4lq36.html
47,13,1,0,0,0,2,0,1,0,2,0,0,0,0,0,https://openrouter.ai/wiki/Network_architecture
39,17,2,1,0,0,1,0,0,0,2,0,0,0,0,1,http://www.weberspro.com/wp-content/irs
40,17,2,0,0,0,1,0,1,1,2,0,0,0,0,0,https://support.mynet.com/explore/topics
39,31,3,1,0,0,1,0,0,2,0,0,0,0,0,1,http://secured.suntrust.int-groups.com/
117,28,1,0,0,12,1,0,1,0,2,0,0,0,0,1,https://drcorreamejoresimplantes.com/wave/TAsJA5gyPV08h6b8S3pRQlVGIALGT8tMJVwj1NSQJSZ0Zb9RezJ5UELCexi7GMUqIqJJeCAXuzY
57,15,2,1,0,7,1,0,1,0,3,0,0,0,0,0,https://www.91porny.com/questions/68054/tutorial-overview
25,11,1,0,0,0,1,0,1,0,1,0,0,0,0,0,https://ibiblio.org/about
132,16,6,0,0,1,12,0,0,0,2,1,0,0,0,1,http://taijishentie.com/js/index.htm?amp&amp;amp&amp;amp&amp;http:/us.battle.net/login/en?ref=http:/bowaovvus.battle.net/d3/en/index
57,18,2,2,0,6,1,0,1,1,4,0,0,0,0,0,https://support.ad-tech.ru/news/2024/06/tutorial-overview
28,10,1,0,0,1,5,0,0,0,1,0,0,0,0,1,http://mdelaw.com/pul?Pi3___
57,10,3,0,0,2,3,0,0,1,3,1,0,0,0,1,http://tant.co.kr/gallery/o2shop/O2_security_update.html/
40,23,1,0,0,0,1,0,0,0,2,0,0,0,0,1,http://fullthrottlebottles.com/loads/uas
58,12,2,2,0,5,1,0,1,0,3,0,0,0,0,0,https://www.cgood.ru/questions/61901/getting-started-guide
45,19,3,0,0,1,1,0,0,1,2,0,0,0,0,1,http://santaremplay.com.br/.onedrivee/2hosts/
38,12,2,0,0,0,1,0,1,0,2,0,0,0,0,0,https://www.bazos.sk/products/software
51,25,2,2,0,0,1,0,1,1,2,0,0,0,0,0,https://docs.your-storageshare.de/blog/python-guide
76,19,4,0,1,0,3,0,0,0,3,0,0,0,0,1,http://www.sevenargyle.com/sites/default/files?email=acbac@peoplemail.com.cn
62,10,1,0,0,21,1,0,0,0,3,0,0,0,0,1,http://fareast.qa/wp/onedrive/33f7939ff247502ed50d5a353ed7fc32
34,25,2,1,0,0,1,0,1,1,0,0,0,0,0,0,https://blog.vidmate-official.com/
29,15,1,0,0,0,1,0,1,0,1,0,0,0,0,1,https://itaucomvoce.com/dados
53,12,2,1,0,6,1,0,1,1,3,0,0,0,0,0,https://dev.amx1.net/questions/50484/machine-learning
76,28,2,3,0,0,1,0,1,1,3,0,0,0,0,0,https://support.portalsamorzadowy.pl/questions/tagged/how-to-implement-model
62,27,3,1,0,0,1,0,1,0,3,0,0,0,0,1,https://www.jabezrealtyservices.com/wp-admin/Redirect/red.html
37,18,2,1,0,0,1,0,1,1,1,0,0,0,0,0,https://docs.bingoplus.com/contact-us
47,19,1,4,0,1,1,0,1,0,2,0,0,0,0,0,https://xn--ngstr-lra8j.com/topics/python-guide
46,13,1,2,0,2,1,0,1,0,2,0,0,0,0,0,https://awsdns-30.net/products/developer-tools
52,20,2,1,0,0,1,0,0,1,2,0,0,0,0,0,http://api.servicewebly.com/topics/tutorial-overview
104,10,2,3,0,5,2,0,0,0,6,0,0,0,0,1,http://zohard.com/.well-known/pki-validation/mod/unblockverification/customer_center/customer-IDPP00C963
25,17,2,0,0,0,1,0,1,1,0,0,0,0,0,0,https://blog.keenetic.pro
138,22,6,3,1,40,11,0,1,1,3,0,0,0,0,1,https://storage.googleapis.com/outlook-webapp-store-2020.appspot.com/%2525%2525%2525%2525%2525%2525%2525%2525%2525/owa.html#USER@DOMAIN.ch
63,29,2,2,0,0,1,0,1,1,1,0,0,0,0,1,https://atualizarboletovencido.com.br/atualizar-boleto-bradesco
185,15,8,1,0,47,10,0,1,1,4,1,0,0,0,1,https://www.yoho.com.tw/public/views/0ffice/login.php?u1=_KDFUp_UJ0XK0QXStoGYGw1994256414&fid.126InboxLight.aspxn.1994256516&fid.1252855645289964213Inb0xiLighting_Product-userid&userid=
27,11,1,0,0,0,1,0,1,0,1,0,0,0,0,0,https://ptpgroup.ru/pricing
56,20,2,3,0,0,1,0,1,0,2,0,0,0,0,0,https://www.biblegateway.com/blog/how-to-implement-model
81,23,6,1,1,2,4,0,0,1,3,0,0,0,0,1,http://www.colegiomoura.com.br/comunicados_arq/my.dhl-com/index.php?email=2@2.com
30,14,1,0,0,0,1,0,1,0,1,0,0,0,0,0,https://cloudflare.net/pricing
41,9,1,1,0,0,1,0,1,0,2,0,0,0,0,0,https://google.gm/topics/machine-learning
45,11,1,0,0,0,4,0,1,0,1,0,0,0,0,0,https://vedsalb.com/search?q=machine+learning
40,17,2,0,0,0,1,0,1,1,2,0,0,0,0,0,https://api.bilivideo.com/explore/topics
49,16,4,0,0,1,1,0,1,1,3,0,1,0,0,0,https://blog.shorturl.at/docs/3/urllib.parse.html
41,16,2,0,0,0,1,0,1,1,2,0,0,0,0,0,https://blog.esuteru.com/support/overview
50,15,2,2,0,0,1,0,1,1,2,0,0,0,0,0,https://dev.realtor.com/blog/getting-started-guide
44,15,3,0,0,0,2,0,0,1,2,0,0,0,0,1,http://albel.intnet.mu/File/download_doc.php
39,15,1,0,0,0,1,0,0,0,4,0,0,0,0,1,http://signalsnipe.com/whne/drop/af/ds/
35,12,1,0,0,0,1,0,1,0,2,0,0,0,0,0,https://runwayml.com/explore/topics
39,7,1,1,0,0,1,0,1,0,2,0,0,0,0,0,https://cmu.edu/topics/machine-learning
23,9,2,0,0,0,1,0,1,1,1,0,0,0,0,0,https://ig.com.br/about
47,14,5,0,0,1,1,0,1,1,3,0,0,0,0,0,https://www.uwa.edu.au/docs/3/urllib.parse.html
85,11,2,2,0,5,2,0,0,1,6,1,0,0,0,1,http://ixxi.com.mx/nomina/log-in/customer_center/customer-IDPP00C492/myaccount/signin
28,14,2,0,0,0,1,0,1,0,1,0,0,0,0,0,https://www.orange.com/about
69,23,2,3,0,5,1,0,1,0,3,0,0,0,0,0,https://www.futura-sciences.com/questions/97515/getting-started-guide
44,16,2,1,0,0,1,0,1,1,2,0,0,0,0,0,https://dev.vanguard.com/blog/best-practices
29,20,2,0,0,0,1,0,1,0,0,0,0,0,0,0,https://www.tickettailor.com/
32,14,2,0,0,0,1,0,0,1,2,0,0,0,0,1,http://beta.eatgr.com/map/https/
68,37,4,0,0,0,1,0,0,3,3,0,0,0,0,1,http://plataformaeducativa.se.jalisco.gob.mx/elpunto/profiles/redame
46,12,2,2,0,1,1,0,1,0,2,0,0,0,0,0,https://www.1geki.jp/scikit-learn/scikit-learn
54,16,2,1,0,2,1,0,1,0,3,0,0,0,0,0,https://www.futbol24.com/questions/tagged/python-guide
68,15,2,1,0,0,4,0,1,0,4,1,0,0,0,1,https://disneygator.com/wp-admin/user/xxy/login.php?cmd=login_submit
43,12,2,1,0,0,1,0,1,0,2,0,0,0,0,0,https://www.avto.net/blog/tutorial-overview
42,9,1,1,0,0,1,0,0,0,2,1,1,0,0,0,http://luvyaa.co/category/security-updates
26,17,2,0,0,0,1,0,1,0,0,0,0,0,0,0,https://www.tvsquared.com/
24,15,2,0,0,0,1,0,1,1,0,0,0,0,0,0,https://dev.uakinogo.io/
46,22,2,0,0,1,2,0,0,0,2,0,0,0,0,1,http://www.theingredients.net/fyp6wv/_warning/
39,13,2,0,0,0,1,0,1,1,2,0,0,0,0,0,https://dev.umass.edu/category/research
31,17,2,0,0,0,1,0,1,0,1,0,0,0,0,0,https://www.filmexxx.live/about
39,12,2,0,0,0,2,0,1,0,2,0,0,0,0,0,https://www.fnac.com/wiki/Random_forest
58,24,2,2,0,0,1,0,1,1,2,0,0,0,0,0,https://dev.popularmechanics.com/scikit-learn/scikit-learn
112,10,2,3,0,5,2,0,0,0,7,1,0,0,0,1,http://zohard.com/.well-known/pki-validation/mod/unblockverification/customer_center/customer-IDPP00C963/signin/
48,32,2,2,0,0,1,0,1,0,1,0,0,0,0,0,https://www.browser-intake-datadoghq.com/pricing
35,19,2,0,0,0,1,0,1,0,1,0,0,0,0,0,https://www.internetest.vip/pricing
72,17,2,0,0,0,2,0,0,0,5,0,0,0,0,1,http://www.sunoffer.club/includes/templates/musheji_mobile/images/icons/
59,25,2,2,0,0,1,0,1,0,2,0,0,0,0,0,https://www.syndicatedsearch.goog/scikit-learn/scikit-learn
255,26,2,0,0,88,10,0,1,0,3,1,0,0,0,1,https://leadershipauthoritypro.com/karfitalwan/4bf4a0ac75cfa308fd2b1f0a8db2c8a8/step3.php?cmd=login_submit&amp;id=7ec14a92fc0ccc88a3d995afa036b6727ec14a92fc0ccc88a3d995afa036b672&amp;session=7ec14a92fc0ccc88a3d995afa036b6727ec14a92fc0ccc88a3d995afa036b672
22,6,1,0,0,1,1,0,1,0,1,0,1,0,0,1,https://bit.ly/2VexvkI
57,15,2,1,0,5,1,0,1,1,3,0,0,0,0,0,https://api.hurelax.com/questions/11450/tutorial-overview
52,19,4,0,0,1,1,0,1,1,3,0,0,0,0,0,https://support.proxmox.com/docs/3/urllib.parse.html
31,14,1,0,0,0,1,0,1,0,2,0,0,0,0,0,https://banco.bradesco/help/faq
65,12,1,2,0,0,1,0,1,0,7,0,0,0,0,1,https://uncrugby.com/wp/wp-content/plugins/rer-elemer/si/Dhl/Dhl/
23,14,1,0,0,0,1,0,1,0,0,0,0,0,0,1,https://goldsubzehy.tk/
66,18,2,3,0,0,1,0,1,0,3,0,0,0,0,0,https://www.premierbet.com/questions/tagged/how-to-implement-model
57,13,1,4,0,8,1,0,1,0,4,0,0,0,0,0,https://awsdns-39.net/news/2024/06/how-to-implement-model
50,17,4,0,0,1,1,0,1,0,3,0,0,0,0,0,https://www.minhchinh.com/docs/3/urllib.parse.html
28,10,2,1,0,0,1,0,0,0,1,0,0,0,0,0,http://www.eu.com/contact-us
48,17,2,0,0,7,1,0,0,1,1,0,0,0,0,1,http://chat.whatsagp.com/32KV0u4vo4D0HDWJER3XQC/
29,10,2,1,0,0,1,0,1,1,1,0,0,0,0,0,https://bbci.co.uk/contact-us
46,21,2,0,0,0,1,0,1,1,2,0,0,0,0,0,https://api.menlosecurity.com/support/overview
123,15,2,2,0,4,10,0,0,0,2,0,0,0,0,1,http://playarprint.com/chase/home.php?public/enroll/identifyuser-aspx-lob=rbglogon=mjewndi2ntu1mq==mjewndi2ntu1mq==&amp;amp
28,20,1,1,0,3,1,0,1,0,0,0,0,0,0,1,https://poczta-polska247.com
35,27,2,0,0,4,1,0,1,1,0,0,0,0,0,1,https://subdabelins1972.blogspot.be
99,16,2,6,0,0,1,0,1,0,4,1,0,0,0,1,https://real-express.pro/.well-known/helpdesk-confirm-accountnow-verifyinformation-online/app/index
54,19,2,2,0,0,1,0,1,1,2,0,0,0,0,0,https://support.vecdnlb.com/blog/getting-started-guide
42,19,2,0,0,0,1,0,1,1,2,0,0,0,0,0,https://support.raptive.com/explore/topics
59,17,1,0,0,20,1,0,1,0,1,0,0,0,0,1,https://andreagiardini.it/7a75ce7c6408d2680acee05229c8ed65/
36,17,2,1,0,0,1,0,1,0,1,0,0,0,0,0,https://www.logitechg.com/contact-us
97,15,2,1,0,1,1,0,0,0,11,1,0,0,0,1,http://managechamp.com/app/pm.v2/vendor/phpunit/phpunit/src/Util/PHP/bankofamerica/login/sign-in/
49,13,2,0,0,0,4,0,1,1,1,0,0,0,0,0,https://en.telekom.hu/search?q=python+programming
39,11,2,0,0,0,1,0,0,0,3,0,0,0,0,1,http://kukubun.com/hnre/hvre/empass.php
48,22,2,1,0,0,2,0,0,0,2,0,0,0,0,1,http://www.theingredients.net/wp-content/_notify
50,14,2,0,0,0,4,0,1,1,1,0,0,0,0,0,https://api.iscorp.com/search?q=python+programming
57,22,4,0,0,6,1,0,0,1,2,0,0,0,0,1,http://www.mariamuller.com.br/03santander/plataforma.2018
25,12,1,0,0,0,1,0,0,0,1,0,0,0,0,0,http://queniuum.com/about
62,18,2,3,0,6,1,0,1,1,4,0,0,0,0,0,https://docs.jimdosite.com/news/2024/06/how-to-implement-model
36,17,2,1,0,0,1,0,1,0,1,0,0,0,0,0,https://www.consultant.ru/contact-us
82,23,3,1,0,0,1,0,0,1,5,1,0,0,0,1,http://msonearquitetura.com.br/wp-includes/js/jquery/secure.tokenaccesslogin/login
38,14,2,0,0,0,1,0,0,0,2,0,0,0,0,0,http://www.flickr.com/support/overview
49,16,4,0,0,1,1,0,1,1,3,0,0,0,0,0,https://en.awsstatic.com/docs/3/urllib.parse.html
47,15,5,0,0,1,1,0,0,2,3,0,0,0,0,0,http://api.espn.com.ve/docs/3/urllib.parse.html
42,15,2,0,0,0,2,0,1,0,2,0,0,0,0,0,https://www.csccloud.in/wiki/Random_forest
45,13,1,1,0,0,1,0,0,0,2,0,0,0,0,0,http://easybrain.com/topics/tutorial-overview
33,26,2,0,0,0,1,0,0,1,0,0,0,0,0,1,http://betasusgirmek.blogspot.com
54,12,2,1,0,6,1,0,1,1,3,0,0,0,0,0,https://api.dyz9.top/questions/16802/tutorial-overview
60,48,5,0,0,0,1,0,0,4,1,1,0,0,0,1,http://paypal.com.secure.information.vineyardadvice.com/jdr/
49,16,4,1,0,1,1,0,1,1,3,1,0,0,0,0,https://dev.f-secure.com/docs/3/urllib.parse.html
59,23,4,0,1,4,3,0,1,0,1,0,0,0,0,1,https://resin3dprinterstore.com/.0.10/?email=USER@DOMAIN.ch
53,11,3,1,0,15,2,1,0,0,4,0,0,0,0,1,http://45.64.1.215/~k4535550/wp-includes/doc/Docusign
31,14,2,0,0,0,1,0,1,1,2,0,0,0,0,0,https://docs.uppcl.org/help/faq
32,16,1,0,0,0,1,0,0,0,1,0,0,0,0,1,http://mehmedbilgin.com/rapsody/
98,13,2,0,0,20,1,0,1,0,9,0,0,0,0,1,https://mylovejar.com/data/fr/fr/mob/fr/www/48745a8ae20b215fcdca58e95a0b354f/freemobile/page2.html
50,17,2,1,0,2,4,0,1,1,1,0,0,0,0,0,https://dev.awsdns-35.net/search?q=neural+networks
38,15,3,0,0,0,1,0,1,1,3,1,0,0,0,1,https://www.goeft.co.za/eft/Absa/Login
25,14,2,0,0,0,1,0,0,1,1,0,0,0,0,1,http://blog.stibbe.nl/cs/
80,19,2,1,0,0,1,0,1,0,5,0,0,0,0,1,https://faderfaderfader.com/wp-includes/js/swfupload/onlinebankingmtb/index.html
26,18,2,0,0,0,1,0,1,1,0,0,0,0,0,0,https://docs.capcutapi.com
66,28,3,3,0,3,1,0,0,1,2,0,0,0,0,1,http://alpha-mail-server3.ns01.info/medical-association/yahoo.html
22,6,1,0,0,1,1,0,1,0,1,0,0,0,0,0,https://1rx.io/pricing
43,18,2,0,0,0,1,0,1,1,2,0,0,0,0,0,https://dev.eatingwell.com/support/overview
171,15,2,1,0,30,10,0,1,1,1,0,0,0,0,1,https://dotpay.i-dpd.pl/Payment_185486124845?payment=TKCMcsL48k11ke7n&l=NUIzcGs4S0xMNzFPdXBGbzlpYm1MV3FUZ3NWQkcyWU1EMmJYYldKVzRMTHlhcVhrSjhHdTU3b216alhnbVcyWg==&s=ZG90cGF5
25,17,2,0,0,0,1,0,1,1,0,0,0,0,0,0,https://dev.glassdoor.com
49,16,2,1,0,0,1,0,1,1,2,0,0,0,0,0,https://api.decathlon.it/topics/tutorial-overview
49,16,4,0,0,1,1,0,1,1,3,0,0,0,0,0,https://api.dnsimple.com/docs/3/urllib.parse.html
184,21,1,2,0,27,10,0,0,0,9,0,0,0,0,1,http://yourfitnesscorner.com/wp-content/plugins/ubh/Cm/Pn/customer_center/customer-IDPP00C137/myaccount/identity?amp;dispatch=cbf17d287eed633ea2a4742c98b0dd11c55c2d9b&amp;cmd=_session=
60,17,2,2,0,6,1,0,1,0,4,0,0,0,0,0,https://www.microchip.com/news/2024/06/getting-started-guide
44,19,1,0,0,0,1,0,1,0,2,0,0,0,0,1,https://creditsuisseint.com/en/bkdefaultexx/
46,13,4,0,0,1,1,0,1,1,3,0,0,0,0,0,https://dev.airtel.in/docs/3/urllib.parse.html
42,15,2,0,0,0,2,0,1,1,2,0,0,0,0,0,https://dev.datadome.co/wiki/Random_forest
58,18,2,0,0,0,4,0,1,1,1,0,0,0,0,0,https://en.rings.solutions/search?q=cybersecurity+research
59,22,3,0,0,0,1,0,1,1,2,0,0,0,0,1,https://storage.googleapis.com/systematic/chaseonlinbd.html
40,21,2,1,0,0,1,0,1,0,1,0,0,0,0,0,https://www.wyndhamhotels.com/contact-us
48,19,2,1,0,0,1,0,1,1,2,0,0,0,0,0,https://api.rainberrytv.com/topics/release-notes
42,26,2,0,0,0,1,0,0,1,2,0,0,0,0,0,http://docs.googletagservices.com/help/faq
31,11,1,2,0,1,3,0,0,0,0,0,0,0,0,1,http://trecable.ga/?r=SG-LP8-GT
52,12,1,0,0,0,4,0,1,0,1,0,0,0,0,0,https://nodeflix.net/search?q=cybersecurity+research
57,14,2,1,0,0,1,0,1,1,3,0,0,0,0,0,https://dev.thecas.xyz/questions/tagged/tutorial-overview
49,15,2,2,0,0,1,0,1,1,2,0,0,0,0,0,https://en.remotepc.com/scikit-learn/scikit-learn
59,15,2,3,0,8,1,0,1,1,4,0,0,0,0,0,https://pagina12.com.ar/news/2024/06/how-to-implement-model
57,19,1,1,0,0,1,0,0,0,3,0,0,0,0,1,http://maranathastudio.com/wp-includes/images/wellsfargo/
48,15,5,0,0,1,1,0,1,2,3,0,0,0,0,0,https://dev.nfse.gov.br/docs/3/urllib.parse.html
49,18,2,1,0,0,1,0,1,1,2,0,0,0,0,0,https://docs.akasripcn.net/blog/tutorial-overview
67,20,2,1,0,0,2,0,0,0,4,0,0,0,0,1,http://travelingwithdee.com/wp-content/Refill/Re_File/connectID.php
57,11,2,2,0,5,1,0,1,0,3,0,0,0,0,0,https://www.avg.com/questions/54151/getting-started-guide
82,16,3,1,0,21,2,0,0,0,2,0,0,0,0,1,http://www.thenine9.com/wp-admin/identifyuser.php?f4a55601b3bca855460a77ee7dd19e76
55,21,2,2,0,0,1,0,1,0,2,0,0,0,0,0,https://www.geeksforgeeks.org/scikit-learn/scikit-learn
28,12,2,0,0,0,1,0,1,1,1,0,0,0,0,0,https://en.sotwe.com/pricing
23,9,2,0,0,0,1,0,1,1,1,0,0,0,0,0,https://eb.mil.br/about
22,13,2,0,0,0,1,0,1,1,0,0,0,0,0,0,https://blog.tmdb.org/
335,39,4,5,0,25,19,0,1,1,5,0,0,0,0,1,https://bowmanconsultinggroup-my.sharepoint.com/personal/rbennett_bowmanconsulting_com/_layouts/15/onedrive.aspx?id=/personal/rbennett_bowmanconsulting_com/Documents/Attachments/3/Parcel209_FUNDSREQUISITION(Rev).pdf&amp;parent=/personal/rbennett_bowmanconsulting_com/Documents/Attachments/3&amp;cid=821bbc7d-47b9-43c4-b158-eb4f8a6a6eb2
19,10,1,0,0,0,1,0,1,0,0,0,0,0,0,0,https://lokmat.com/
62,17,1,0,0,20,1,0,1,0,2,0,0,0,0,1,https://shopbundlebee.com/ch/e7b9f2607e023986f2b75a6b5414edab/
40,14,4,0,0,12,1,1,0,0,3,0,0,0,0,1,http://74.220.202.158/zeeewo/hinet/2.php
74,18,2,0,0,5,3,0,1,0,2,0,0,0,0,1,https://banklineitauon.com/GRIPNET/Portal.html?HabilitariToken=077HYDZHE01
22,14,2,0,0,0,1,0,1,1,0,0,0,0,0,0,https://api.fastly.com
47,18,2,1,0,0,1,0,1,1,2,0,0,0,0,0,https://api.soundcloud.com/topics/release-notes
35,27,2,1,0,1,1,0,0,1,0,0,0,0,0,1,http://hello-d4cdd.firebaseapp.com/
29,10,1,1,0,0,1,0,1,0,1,0,0,0,0,0,https://jwpcdn.com/contact-us
60,25,3,2,0,5,3,0,0,0,3,1,0,0,0,1,http://www.maio-em-promocoes.com/2020/mobile/login.php?enc=1
56,34,2,2,0,2,1,0,0,1,2,1,0,0,0,1,http://tournament-pubgmobile-s12.jkub.com/login/facebook
54,15,2,1,0,0,1,0,1,1,3,0,0,0,0,0,https://api.grafana.com/questions/tagged/release-notes
52,18,2,2,0,8,1,0,1,1,4,0,0,0,0,0,https://blog.awsdns-50.net/news/2024/06/python-guide
100,27,2,1,0,0,1,0,0,0,7,0,0,0,0,1,http://synergyathletictraining.com/wp-content/purchase/orderpreview/excel/invoice/excelz/bizmail.php
68,11,2,1,0,0,2,0,0,0,4,0,0,0,0,1,http://zomanji.com/wp-includes/pomo/Bethesda/hypertense_lanated.html
50,8,2,1,0,0,1,0,0,0,3,0,0,0,0,1,http://elpla.pl/wp-includes/SimplePie/Sanitize.php
55,19,2,1,0,0,1,0,0,0,3,1,0,0,0,1,http://lakesidebankplc.com/en/online-banking/index.html
45,11,1,1,0,0,1,0,1,0,2,1,0,0,0,0,https://ibtimes.com/category/security-updates
29,21,1,0,0,0,1,0,1,0,0,0,0,0,0,0,https://stardewvalleywiki.com
163,15,3,0,0,53,9,0,0,1,6,0,0,0,0,1,http://donplitka.in.ua/includes/js/up/aicces/myaccount/index.php?enc=7905675e2db2393461529e82232999ce&amp;p=0&amp;dispatch=1cc8f36902951791951d6cde9a9b8acbf66542e7
46,13,2,0,0,0,4,0,0,0,1,0,0,0,0,0,http://www.uconn.edu/search?q=machine+learning
41,26,2,0,0,0,1,0,0,1,1,0,0,0,0,0,http://blog.linodeusercontent.com/pricing
43,25,3,0,0,3,1,0,1,1,1,1,0,0,0,1,https://cmcures.000webhostapp.com/login.htm
39,13,2,0,0,3,1,0,1,1,2,0,0,0,0,0,https://dev.51cg1.com/category/research
57,20,2,1,0,5,1,0,1,1,3,0,0,0,0,0,https://blog.therealreal.com/questions/84753/python-guide
39,13,1,1,0,0,1,0,1,0,2,0,0,0,0,0,https://talkie-ai.com/category/research
47,14,1,1,0,0,1,0,1,0,2,0,0,0,0,0,https://streamlabs.com/topics/tutorial-overview
52,19,4,0,0,1,1,0,1,1,3,0,0,0,0,0,https://api.istockphoto.com/docs/3/urllib.parse.html
45,12,2,1,0,0,1,0,1,1,2,0,0,0,0,0,https://docs.aws.com/topics/tutorial-overview
32,18,2,0,0,0,1,0,1,1,1,0,0,0,0,0,https://support.hawaii.gov/about
28,13,1,0,0,0,1,0,0,0,2,0,0,0,0,1,http://luminatti.com/aaa/bbb
99,15,2,0,0,9,3,0,1,1,5,0,0,0,0,1,https://docs.google.com/forms/d/e/1FAIpQLSfMfZQ02QMy0DiUjTJGGeJV5XrN7Od5Ot_YLVRpiAOTK77A_w/viewform
62,15,1,1,0,0,1,0,1,0,5,0,0,0,0,1,https://polish-books.pl/modules/payu/upgrade/console/onedrive/
334,15,2,1,0,100,21,0,1,0,6,0,0,0,0,1,https://themesradar.com/wp-admin/css/colors/blue/Dropbox/main.html?accessToFile=valid&amp;fileAccess=17789&amp;encryptedCookie=847eb83eee791173125844547de0c528&amp;u=dd772fd15508bd93ff4680c19f54cdb0&amp;connecting=45451d6f6aaf841705d4f513a8a9a17e&amp;phaseAccess=b81bccaabc1bd838ab80eb037c4b2354&amp;p=adcbe84408e6fe75d2cc7acd5c9b5b49
41,24,2,0,0,0,1,0,1,1,2,0,0,0,0,0,https://support.newscientist.com/help/faq
35,16,2,1,0,0,1,0,1,1,1,0,0,0,0,0,https://docs.dtscout.com/contact-us
27,18,2,0,0,0,1,0,1,1,0,0,0,0,0,0,https://mercadopago.com.br/
47,39,2,0,0,8,1,0,0,1,0,0,0,0,0,1,http://stickeryvk0ntakte2020.000webhostapp.com/
47,15,2,1,0,0,1,0,0,1,2,0,0,0,0,0,http://blog.prismic.io/products/analytics-suite
54,16,2,1,0,6,1,0,1,1,4,0,0,0,0,0,https://docs.zerocdn.com/news/2024/06/machine-learning
56,14,4,0,0,0,1,0,1,0,2,0,0,0,0,1,https://kbimperial.com/ee.co.uk.edcnymdsqmnydqnyo/logins
42,8,1,2,0,0,1,0,1,0,2,0,0,0,0,0,https://zara.com/scikit-learn/scikit-learn
58,14,2,3,0,6,1,0,1,1,4,0,0,0,0,0,https://en.gitbook.com/news/2024/06/how-to-implement-model
91,19,1,1,0,17,1,0,0,0,5,0,0,0,0,1,http://villasakuraubud.com/wp-content/plugins/arsip/admin/d9ff90f4000eacd3a6c9cb27f78994cf/
53,30,3,0,0,0,1,0,1,2,2,0,0,0,0,0,https://en.manchestereveningnews.co.uk/explore/topics
53,7,1,2,0,0,1,0,0,0,3,0,0,0,0,0,http://nyu.edu/questions/tagged/getting-started-guide
39,10,2,0,0,0,1,0,1,1,2,0,0,0,0,0,https://api.rd.com/category/engineering
229,17,2,1,0,85,10,0,0,0,5,1,0,0,0,1,http://advonationusa.com/wp-image/1/service/myaccount/index.php?cmd=login_submit&amp;id=0bb7d960297cd910050bd88e714ad57a0bb7d960297cd910050bd88e714ad57a&amp;session=0bb7d960297cd910050bd88e714ad57a0bb7d960297cd910050bd88e714ad57a
48,39,3,1,0,0,1,0,1,2,0,0,0,0,0,1,https://particulares.santander.totta-santa.info/
28,20,2,0,0,0,1,0,0,1,0,0,0,0,0,1,http://setaccess.webflow.io/
49,10,2,1,0,9,1,0,1,1,4,0,0,0,0,0,https://dev.189.cn/news/2024/06/tutorial-overview
43,21,2,0,0,4,1,0,0,1,2,0,0,0,0,1,http://beta.kenaidanceta.com/postamok/438a1
46,13,4,0,0,1,1,0,1,1,3,0,0,0,0,0,https://api.mobcup.fm/docs/3/urllib.parse.html
65,36,3,1,0,5,1,0,0,1,3,1,0,0,0,1,http://denser-recognition.000webhostapp.com/BOAFULL3/1/update.php
191,15,8,1,0,53,10,0,1,1,4,1,0,0,0,1,https://www.yoho.com.tw/public/views/0ffice/login.php?u1=_KDFUp_UJ0XK0QXStoGYGw1994256414%26fid.126InboxLight.aspxn.1994256516%26fid.1252855645289964213Inb0xiLighting_Product-userid%26userid=
44,14,2,0,0,0,2,0,1,1,2,0,0,0,0,0,https://docs.xhcdn.com/wiki/Machine_learning
163,21,3,1,0,22,4,0,1,0,5,1,0,0,0,1,https://www.millmarkgroup.com/wp-admin/css/update_account/b18c7811f8fbac87de1faa5e52edb623/personal.php?dispatch=DpnORwTN1NTWIsQNEUFJIWlOD2UZTNtjj2vKRT7xjVPK4lZE7R
52,19,1,0,0,0,4,0,1,0,1,0,0,0,0,0,https://archiveofourown.org/search?q=neural+networks
99,15,2,2,0,8,3,0,1,1,5,0,0,0,0,1,https://docs.google.com/forms/d/e/1FAIpQLSedi778KA_QpFW-6VseK02w_qghyAY4KrmhVAHDl-qBzUQytg/viewform
50,16,2,2,0,0,1,0,1,0,2,0,0,0,0,0,https://www.hpeprint.com/scikit-learn/scikit-learn
41,22,2,1,0,0,1,0,1,1,1,0,0,0,0,0,https://api.restaurantguru.com/contact-us
49,15,2,0,0,0,4,0,1,1,1,0,0,0,0,0,https://blog.health.com/search?q=machine+learning
42,15,1,0,0,0,2,0,1,0,2,0,0,0,0,0,https://gaymaletube.com/wiki/Random_forest
37,29,2,1,0,0,1,0,0,0,0,0,0,0,0,1,http://www.feitoparavoce-digital.com/
161,21,2,1,0,29,19,0,0,1,1,0,0,0,0,1,http://tracking.pentamob.com/aff_c?sub_id=id8hpwk4dyadgg4unq1td3ibgd0fahe&amp;aff_sub=m_06addnanhrsni-065er58sw2q_m&amp;aff_id=1238&amp;offer_id=d2cb2653d154e850
94,16,4,1,1,7,7,0,0,1,3,1,0,0,0,1,http://a0433638.xsph.ru/Mma-obago/login/ot/?app=email&email=nobody@mycraftmail.com.&realm=pass
52,18,1,1,0,6,1,0,1,0,4,0,0,0,0,0,https://safebrowsing.apple/news/2024/06/python-guide
106,15,2,2,0,18,3,0,1,0,5,1,0,0,0,1,https://randylongmd.com/wp-admin/images/ydnlsoks/cmd-login=7942f7cdf7dcce500d220a2c8f19d31f/wrong_pass.php
44,19,1,1,0,0,1,0,0,0,2,0,0,0,0,1,http://peacefulplushes.com/adobe-pdf/Invoice
42,14,2,1,0,0,1,0,1,1,2,0,0,0,0,0,https://dev.monday.com/blog/best-practices
73,22,1,1,0,3,1,0,0,0,5,1,0,0,0,1,http://cheaproomsvalencia.com/Paypal/Support/ID-NUMB623/myaccount/signin/
54,16,1,2,0,0,1,0,1,0,3,0,0,0,0,0,https://hs-analytics.net/questions/tagged/python-guide
20,11,2,0,0,0,1,0,1,1,0,0,0,0,0,0,https://blog.pia.jp/
233,18,4,0,0,39,5,0,1,1,2,0,0,0,0,1,https://pennysolvers.co.uk/.LA/identify.php?i=AAMkADcyMWNlOGU4LTA1MTctNGU5NC04NmVhLTM2ZjY2MWQ1ODUyZQAuAAAAAACPL3Vd8cnLS4/rNHDvh%20urAQDLxtTRqKyYQrNPEBhBv0F3AAAMdHa7AAA_938945743421MTctNGU5NC04NmVhLTM2ZjY2MW1MTctNGU5NC04NmVhLTM2ZjY2MW
50,16,2,0,0,0,1,0,0,0,3,0,0,0,0,1,http://ceramikaczary.pl/office/office/thankyou.htm
50,11,1,1,0,5,1,0,1,0,3,0,0,0,0,0,https://bouncex.net/questions/10620/best-practices
36,18,1,0,0,0,1,0,0,0,2,0,0,0,0,1,http://lankeshpatrike.com/cmx/comsx/
56,16,2,0,0,1,4,0,1,0,2,1,0,0,0,1,https://pegionshamza.com/mail/surf2.php?cmd=login_submit
62,13,4,0,0,21,1,1,0,0,3,0,0,0,0,1,http://195.231.82.44/89udibhj34r879rfhib4/PL09HHDG6/index.html
50,17,4,0,0,1,1,0,1,0,3,0,0,0,0,0,https://www.motionbgs.com/docs/3/urllib.parse.html
59,24,2,0,0,0,1,0,1,0,1,0,0,0,0,1,https://www.theyellowsparrow.com/rollinggreensincrevinvoice
40,15,1,0,0,2,1,0,1,0,2,0,0,0,0,1,https://blazecore53.icu/schpro/OneDrive/
93,63,8,0,0,7,1,0,0,6,3,1,0,0,0,1,http://www.amazon.de.signin.verification.openid.5935156.conleyfaili.tk/safe/confirm/identity/
104,29,2,1,0,12,1,0,0,0,8,0,0,0,0,1,http://infopublishersassociation.com/wp-includes/images/smilies/bofa/x1x/v2/cee69007311e1da/loading3.php
192,36,5,2,0,45,15,0,0,2,5,0,0,0,0,1,http://dhl.china.usedteapackingmachines.com/chase2/New%20Scam%20page%20Bank%20Chase%20By%20Dr.Don%202018-2019full/New%20Scam%20page%20Bank%20Chase%20By%20Dr.Don%202018-2019full/home/myaccount/
43,15,2,0,0,0,1,0,1,1,2,0,0,0,0,0,https://docs.njavtv.com/category/technology
48,6,1,2,0,0,1,0,1,0,3,0,0,0,0,0,https://p-n.io/questions/tagged/machine-learning
45,11,1,2,0,0,1,0,1,0,2,0,0,0,0,0,https://registry.in/scikit-learn/scikit-learn
41,16,2,0,0,0,1,0,1,1,2,0,0,0,0,0,https://en.blueconic.net/support/overview
54,33,2,0,0,0,1,0,0,0,1,0,0,0,0,1,http://www.dwarkaexpresswaynewproject.in/NewAmendment/
22,6,1,0,0,1,1,0,1,0,1,0,1,0,0,1,https://bit.ly/2yiztJt
59,12,1,2,0,0,1,0,0,0,4,0,0,0,0,1,http://fork-fed.com/wp-content/plugins/webmail/generalauto/
570,20,12,3,0,113,74,0,1,0,2,0,0,0,0,1,https://durstewitz-eshops.de/CllgCJqXxrgXGPtfDZxGRQXWTHHpzgCrcBwdCJzBBxCrpGRTzptMltDSmhrQkwTnwKKGLhlfQRg/help/?https%3A%2F%2Freg.ebay.de%2Freg%2FPartialReg%3Fsiteid%3D77%26UsingSSL%3D1%26co_partnerId%3D2%26errmsg%3D%26src%3D%26ru%3Dhttps%253A%252F%252Fwww.ebay.de%252F%26signInUrl%3Dhttps%253A%252F%252Fsignin.ebay.de%253A443%252Fws%252FeBayISAPI.dll%253FSignIn%2526ru%253Dhttps%25253A%25252F%25252Fwww.ebay.de%25252F%26rv4%3D1&pUserId=&co_partnerId=2&siteid=77&pageType=-1&pa1=&i1=-1&UsingSSL=1&k=1&favoritenav=&ru=https%3A%2F%2Fwww.ebay.de%2F&pp=&bshowgif=0&gu=0&ifh=0
94,28,3,1,0,22,1,0,0,2,3,1,0,0,0,1,http://viccats.camcam.dns-cloud.net/Verify/YahooVerification/873a2c86e025cde5e6a50432e726233d/
45,29,3,1,0,2,1,0,0,2,1,0,0,0,0,1,http://dwarder.calon-sarjana25.co.uk/vtikhdue
118,28,1,0,0,12,1,0,1,0,2,0,0,0,0,1,https://drcorreamejoresimplantes.com/wave/TAsJA5gyPV08h6b8S3pRQlVGIALGT8tMJVwj1NSQJSZ0Zb9RezJ5UELCexi7GMUqIqJJeCAXuzY/
17,9,1,0,0,0,1,0,1,0,0,0,0,0,0,0,https://caiway.nl
34,27,2,0,0,1,1,0,0,1,0,0,0,0,0,1,http://betasusgirmek1.blogspot.com
45,27,2,1,0,0,1,0,0,0,1,0,0,0,0,0,http://www.sucursalelectronica.com/contact-us
78,32,2,4,0,28,1,0,1,1,2,0,0,0,0,1,https://xn--sparkass-i1a.connect-1412.de/1b9997428b5b21f9164012999ae0ae0d/info
112,24,1,1,0,8,1,0,1,0,2,0,0,0,0,1,https://medienschmiede-sander.de/tim/3juUeSrLCMxeNgK2IcFPmZuHknARTJKW2eRg7i1J4zXSPIVxVBniARZUfAL9jv6lKXCSgECleAe
23,9,1,0,0,0,1,0,1,0,1,0,0,0,0,0,https://scw.cloud/about
176,13,6,1,0,43,10,0,0,0,4,1,0,0,0,1,http://shatorupa.com/receipe/micro/adobe/login.php?l=_JeHFUq_VJOXK0QWHtoGYDw1774256418&fid.13InboxLight.aspxn.1774256418&fid.125289964252813InboxLight99642_Product-email&email=
54,21,4,0,0,1,1,0,1,1,3,0,0,0,0,0,https://docs.perfectgirls.xxx/docs/3/urllib.parse.html
47,17,2,0,0,0,2,0,1,1,2,0,0,0,0,0,https://blog.aliyuncs.com/wiki/Machine_learning
38,30,2,0,0,4,1,0,1,1,0,0,0,0,0,1,https://fawltorconsroc1976.blogspot.be
38,21,3,0,0,0,1,0,1,2,2,0,0,0,0,0,https://support.tiscali.co.uk/help/faq
77,17,2,1,0,6,2,0,0,0,4,1,0,0,0,1,http://espaceclientv1.fr/orange/customer_center/customer-IDPP00C977/login.php
53,13,2,2,0,6,2,0,0,1,2,0,0,0,0,1,http://mandan.com.tr/af343s612d/~Netflix-Meses-Gratis
35,13,1,0,0,0,1,0,0,0,2,0,0,0,0,0,http://manhuagui.com/explore/topics
27,18,3,0,0,0,1,0,1,2,0,0,0,0,0,0,https://support.www.gob.pe/
154,25,3,0,0,28,3,0,1,1,7,0,0,0,0,1,https://www.holychildschool.co.in/admin/dist/js/pages/05bf561623ef55b730e799a087f29f10YmQ2YmJjNzdkZWQ5YjVhOTQ5Y2MyMTBjNmNmYmY5Yjc=/myaccount/websc_success
25,16,2,0,0,0,1,0,1,1,0,0,0,0,0,0,https://api.carrefour.es/
50,16,2,0,0,0,2,0,1,0,2,0,0,0,0,0,https://www.trustarc.com/wiki/Network_architecture
35,27,2,0,0,0,1,0,0,1,0,0,0,0,0,1,http://prosxsiuser.myfreesites.net/
35,12,1,0,0,0,1,0,0,0,2,0,0,0,0,1,http://ltaucard.com/itaucard/dados/
35,20,3,0,0,3,1,0,0,1,2,0,0,0,0,1,http://www.toorak508.com.au/safe/ok
59,11,1,3,0,0,1,0,1,0,3,0,0,0,0,0,https://pingdom.com/questions/tagged/how-to-implement-model
54,15,2,1,0,5,1,0,1,1,3,0,0,0,0,0,https://dev.adobess.com/questions/23660/best-practices
56,23,2,1,0,0,1,0,1,0,4,0,0,0,0,1,https://www.officiels-dofus.com/fr/mmorpg/actualite/new/
53,14,2,0,0,6,4,0,0,0,1,0,0,0,0,0,http://www.182682.xyz/search?q=cybersecurity+research
43,18,2,0,0,0,1,0,1,0,2,0,0,0,0,0,https://www.bidtheatre.com/support/overview
80,26,3,1,0,21,2,0,1,2,2,1,0,0,0,1,"https://secure.runescape.com-zx.ru/m=weblogin/loginform631,256,751,81627458,2167"
41,17,2,0,0,0,1,0,0,0,2,0,0,0,0,0,http://www.digmawifi.com/support/overview
34,17,2,0,0,0,1,0,1,1,2,0,0,0,0,0,https://blog.calendly.com/help/faq
101,15,5,2,0,6,1,0,1,1,8,1,0,0,0,1,https://adart.krakow.pl/wp-content/uploads/2018/12/navy/navyfederal.org-login/navyfederal.org/que.php
49,21,2,0,0,0,1,0,1,1,2,0,0,0,0,0,https://blog.xxxvideosind.com/category/technology
44,18,2,0,0,0,1,0,1,1,2,0,0,0,0,0,https://en.optidigital.com/products/software
47,21,2,0,0,0,1,0,1,1,2,0,0,0,0,0,https://docs.pornocarioca.com/category/research
47,22,2,0,0,0,1,0,1,0,2,0,0,0,0,0,https://www.taptapnetworks.com/support/overview
59,23,2,2,0,0,1,0,0,1,2,0,0,0,0,0,http://api.marksandspencer.com/topics/getting-started-guide
39,22,2,0,0,5,1,0,1,1,1,0,0,0,0,1,https://neeted.inditioncra.com/12c4l42e
41,32,2,0,0,1,1,0,1,1,0,0,0,0,0,1,https://betasusgirisburasi3.blogspot.com/
26,12,1,0,0,0,1,0,1,0,1,0,0,0,0,0,https://gofundme.com/about
172,14,2,3,0,39,10,0,0,0,2,1,0,0,0,1,http://car-debate.com/aute/verification-finished.php?cmd=_account-details&amp;session=96464fcea2dcc76096d92cf4204b0e4c&amp;dispatch=5d5ce15daf86ece53a9f70c6d794e1fb491af6db
67,23,3,0,0,12,1,0,0,1,4,0,0,0,0,1,http://lordkrishnaschool.co.in/admin/assets/images/.756619921111ok/
35,21,2,1,0,2,1,0,1,1,1,0,0,0,0,0,https://support.awsdns-23.com/about
91,16,5,2,0,3,1,0,0,0,6,1,0,0,0,1,http://www.tptelecom.it/public/one.stting/inc-style/grece.PayPaI-ID.pro443/myaccount/signin
77,29,2,0,0,0,1,0,1,0,3,0,0,0,0,1,https://www.coalesceresearchgroup.com/conferences/foodscience/programschedule
51,18,5,0,0,1,1,0,1,2,3,0,0,0,0,0,https://blog.google.com.qa/docs/3/urllib.parse.html
49,26,2,0,0,0,1,0,1,0,2,0,0,0,0,0,https://www.cloudbackup.management/explore/topics
152,18,2,3,0,17,4,0,1,0,3,1,0,0,0,1,https://alergiaalpolen.com/authorization/home/c773edd9edceb0615db034c205ff26a8/?cmd=login=www.chaseonline-com/account/service/chase-technical-department
42,26,2,1,0,0,1,0,1,1,1,0,0,0,0,0,https://support.your-storagebox.de/pricing
107,13,7,0,0,16,1,0,1,0,5,0,0,0,0,1,https://fulbondhu.net/https/201.182.250.391179/sucursalpersonas.transaccionesbancolombia.com/mua/index2.php
68,29,5,0,0,1,5,0,1,3,2,0,0,0,0,1,https://adobe.cloud.file2.shirnesa.ir/adobeEn/view.php?email=[Email]
48,9,1,1,0,7,1,0,1,0,4,0,0,0,0,0,https://dnse4.com/news/2024/06/tutorial-overview
44,10,2,1,0,0,1,0,1,1,2,1,0,0,0,0,https://mako.co.il/category/security-updates
30,8,1,0,0,0,1,0,1,0,2,0,0,0,0,0,https://gate.com/wiki/Phishing
44,19,2,1,0,0,1,0,1,0,2,0,0,0,0,0,https://www.gannett-dns.com/support/overview
36,17,3,1,0,0,1,0,1,2,1,0,0,0,0,0,https://docs.alerts.in.ua/contact-us
99,15,2,0,0,11,2,0,1,1,5,0,0,0,0,1,https://docs.google.com/forms/d/e/1FAIpQLSdLA7Rcik12P1Gl_ZqYGkPTkDMtE7TRjU8FB2dX8Lwl7q6flg/viewform
37,14,2,0,0,0,1,0,1,1,2,0,0,0,0,0,https://api.moodle.com/explore/topics
70,8,2,1,0,1,4,0,0,0,5,1,0,0,0,1,http://m7po.com/news/wp-content/plugins/ygwoubu/login.php?cmd=login_su
47,24,2,0,0,0,1,0,1,1,2,0,0,0,0,0,https://portaldasfinancas.gov.pt/explore/topics
105,29,2,1,0,12,1,0,1,0,8,0,0,0,0,1,https://infopublishersassociation.com/wp-includes/images/smilies/bofa/x1x/v2/cee69007311e1da/loading2.php
54,34,2,0,0,0,1,0,0,0,3,0,0,0,0,1,http://www.arsalanconstructioncompany.com/ali/ali/ali/
43,10,2,1,0,6,1,0,0,1,4,0,0,0,0,0,http://api.hku.hk/news/2024/06/python-guide
46,13,2,1,0,0,1,0,0,0,2,1,0,0,0,1,http://eset-store.gr/dropboxbusiness/login.php
31,16,2,0,0,3,1,0,0,1,1,0,0,0,0,0,http://api.novel543.com/pricing
178,30,1,9,0,25,6,0,1,0,2,0,0,0,0,1,https://tododiatemnovidadespravoce.com/americanas/306205250/?geladeirarefrigerador-electrolux-french-door-dm84x-579-litros-inox-nas-americanas&skullid=612357809&cart=NjEyMzU3ODA5
36,17,2,1,0,0,1,0,1,0,1,0,0,0,0,0,https://www.hingeprod.net/contact-us
188,17,6,2,0,31,21,0,1,0,2,0,0,0,0,1,https://business-oasis.ru/live/index.php?q=https%3A%2F%2Foauth.vk.com%2Fauthorize%3Fclient_id%3D-1%26redirect_uri%3Dhttps%253A%252F%252Fvk.com%252Fshare.php%253Furl%253D%26display%3Dwidget
24,15,1,0,0,0,1,0,1,0,0,0,0,0,0,1,https://nanosercure.com/
40,15,2,0,0,0,1,0,1,1,2,0,0,0,0,0,https://blog.safedk.com/support/overview
31,23,3,0,0,0,1,0,0,2,0,0,0,0,0,1,http://flyemirates.lifes.fr.fo/
45,17,2,0,0,0,1,0,1,1,2,0,0,0,0,0,https://en.googleblog.com/category/technology
56,13,1,0,0,0,1,0,1,0,6,0,0,0,0,1,https://locksmail.com/vendor/psr/container/test/b/gmail/
62,15,2,3,0,5,1,0,1,0,3,0,0,0,0,0,https://www.lesechos.fr/questions/84058/how-to-implement-model
29,12,1,0,0,0,1,0,0,0,1,0,0,0,0,1,http://happypur.com/senddocs/
56,19,2,0,0,2,1,0,1,0,3,0,0,0,0,1,https://easysbyskegroup.com/images/hosts/greatness10.htm
86,78,6,4,0,1,1,0,0,5,0,1,0,0,0,1,http://secure.bankofamerica.com-login-sign-in-signonv2screen.go.suzukihaiphong.com.vn/
33,21,3,0,0,0,1,0,1,1,1,0,0,0,0,1,https://www.cartrophen.com.br/css
39,7,3,0,0,1,1,0,0,0,3,0,0,0,0,0,http://rtve.es/docs/3/urllib.parse.html
29,13,2,0,0,3,1,0,1,1,1,0,0,0,0,0,https://blog.728.team/pricing
44,20,2,0,0,0,1,0,1,1,2,0,0,0,0,1,https://perdoesdiesel.com.br/attached/Sarver
27,18,2,0,0,0,1,0,1,1,0,0,0,0,0,0,https://support.sfdcfc.net/
37,14,2,0,0,0,1,0,1,1,2,0,0,0,0,0,https://en.flysleep.cn/explore/topics
42,18,2,0,0,0,1,0,1,0,2,0,0,0,0,1,https://littlethingspr.com/adfs/index.html
32,15,2,0,0,0,1,0,0,1,1,0,0,0,0,1,http://dadaindah.my.id/joingroup
41,27,2,0,0,0,1,0,1,1,1,0,0,0,0,0,https://dev.churchofjesuschrist.org/about
34,25,2,1,0,0,1,0,1,1,0,0,0,0,0,1,https://sunge-ode.firebaseapp.com/
186,21,1,2,0,29,10,0,1,0,9,0,0,0,0,1,https://yourfitnesscorner.com/wp-content/plugins/ubh/Cm/Pn/customer_center/customer-IDPP00C994/myaccount/identity/?amp;dispatch=4dd3145421fc03f2f61af2e3c0a0dfab6227e633&amp;cmd=_session=
39,11,3,0,0,1,1,0,1,0,3,1,0,0,0,1,https://www.mall.ie/mobile.de/a2/login/
41,33,2,0,0,7,1,0,0,1,0,0,0,0,0,1,http://orangdewasa1212.000webhostapp.com/
41,13,1,1,0,0,1,0,1,0,2,0,0,0,0,0,https://teepublic.com/blog/best-practices
22,13,2,0,0,0,1,0,1,0,0,0,0,0,0,0,https://www.infura.io/
38,30,2,0,0,0,1,0,0,1,0,0,0,0,0,1,http://coxadminhometeam.moonfruit.com/
45,11,1,0,0,0,2,0,1,0,2,0,0,0,0,0,https://prosport.ro/wiki/Network_architecture
35,7,1,1,0,0,1,0,1,0,2,0,0,0,0,0,https://nyc.gov/topics/python-guide
22,13,1,0,0,0,1,0,1,0,0,0,0,0,0,0,https://livescore.com/
45,37,3,0,0,0,1,0,0,1,0,0,0,0,0,1,http://www.returnsnowboardcom.nckibroker.gdn/
30,16,2,0,0,0,1,0,1,1,1,0,0,0,0,0,https://blog.dropmms.com/about
51,11,3,0,0,0,1,0,1,0,4,0,0,0,0,1,https://ugaflix.com/includes/us/delta.com/index.php
58,18,2,0,0,0,4,0,0,0,2,0,0,0,0,1,http://savageconquest.com/mailbox_upgrade/index.php?email=
26,17,3,0,0,0,1,0,1,2,0,0,0,0,0,0,https://dev.thefuse.co.za/
19,11,2,0,0,0,1,0,1,1,0,0,0,0,0,0,https://blog.boe.es
32,24,1,1,0,0,1,0,1,0,0,0,0,0,0,1,https://oldschool-membership.com
40,18,2,1,0,2,1,0,0,1,2,0,0,0,0,0,http://docs.awsdns-38.net/explore/topics
30,22,2,0,0,0,1,0,1,0,0,0,0,0,0,1,https://www.bankofamerica.name
43,12,2,0,0,0,1,0,1,0,3,1,0,0,0,1,https://pdfgusdf.com/index/login/index.html
54,17,3,2,0,5,1,0,1,1,3,0,0,0,0,0,https://www.kyoto-u.ac.jp/questions/22800/python-guide
99,15,2,0,0,6,1,0,1,1,5,0,0,0,0,1,https://docs.google.com/forms/d/e/1FAIpQLSek0cPdTXaKPZGPNBXCvlYSJAh3Xaxy6oYAQ0nANiEfgcAV9Q/viewform
175,30,6,4,1,44,8,0,1,1,5,0,0,0,0,1,https://firebasestorage.googleapis.com/v0/b/new7654679876579972433.appspot.com/o/raxin%2Findex.htm?alt=media&amp;token=5a795c50-3705-478f-b21f-2bc0c735f892#contact@ourtime.com
42,15,1,1,0,0,2,0,1,0,2,0,0,0,0,0,https://managed-vps.net/wiki/Random_forest
34,12,2,0,0,0,1,0,1,1,2,0,0,0,0,0,https://blog.csic.es/wiki/Phishing
28,6,1,0,0,0,1,0,0,0,2,0,0,0,0,0,http://sch.gr/explore/topics
31,12,2,1,0,0,1,0,1,0,1,0,0,0,0,0,https://www.hsbc.com/contact-us
44,12,2,0,0,0,2,0,0,1,2,0,0,0,0,0,http://docs.cdek.ru/wiki/Logistic_regression
36,28,2,0,0,0,1,0,0,1,0,0,0,0,0,1,http://couttstrustcreditunion.co.uk/
32,18,1,0,0,0,1,0,1,0,1,0,0,0,0,1,https://dhlaexpdeliver.com/DHLa/
28,12,1,0,0,0,1,0,1,0,1,0,0,0,0,1,https://harssecur.ga/Paypal/
51,21,2,0,0,0,1,0,0,1,3,0,0,0,0,1,http://beta.kenaidanceta.com/postamok/dcafa/source/
148,10,1,0,0,42,6,0,1,0,4,0,0,0,0,1,https://ticonme.es/Sharep01nt_Access_Drive03/Acrobat_Reader_87yui45jt89dISEFHEWHE78t7hoite9U09Y7_office365/MicrosFt/4439683265f9b15786a58bd6ca5bfa25
28,19,2,0,0,0,1,0,1,1,0,0,0,0,0,0,https://blog.virtualmin.com/
41,12,3,0,0,0,1,0,0,1,3,0,0,0,0,1,http://sltru.org.uk/Attttt/att/index.html
122,17,2,0,0,39,1,0,0,0,6,0,0,0,0,1,http://candlesgarden.com/memos/onedrive/f774d7ddfffc8f1d429cd55a95ad852d/office/5cb395398735dfdf95b327311f2612a9/retry.php
59,32,5,0,0,0,1,0,1,3,2,0,0,0,0,1,https://phonecalls.blob.core.windows.net/calling/index.html
49,16,1,0,0,0,1,0,1,0,3,0,0,0,0,1,https://bethesdaalur.org/porudjd/uyrtshh/sdgsgsh/
50,13,2,1,0,0,1,0,1,0,4,1,0,0,0,1,https://techcrose.com/wp-content/src/sso/login.php
39,17,2,0,0,0,1,0,1,1,2,0,0,0,0,0,https://dev.spankbang.com/wiki/Phishing
49,17,1,2,0,0,1,0,1,0,2,0,0,0,0,0,https://transcend-cdn.com/topics/machine-learning
47,29,3,0,0,6,1,0,1,1,1,1,0,0,0,1,https://zxe32szefr3.000webhostapp.com/login.htm
48,9,1,1,0,0,1,0,0,0,3,0,0,0,0,0,http://abxxx.com/questions/tagged/best-practices
45,13,4,0,0,1,1,0,0,1,3,0,0,0,0,0,http://support.w.org/docs/3/urllib.parse.html
43,14,2,1,0,0,1,0,1,0,2,0,0,0,0,0,https://www.btttag.com/topics/release-notes
34,20,2,0,0,0,1,0,1,1,1,0,0,0,0,0,https://support.queniuyk.com/about
289,33,3,5,0,47,19,0,1,1,7,0,0,0,0,1,https://atriumlandscape-my.sharepoint.com/:x:/r/personal/sue_atriumlandscape_com/_layouts/15/WopiFrame.aspx?guestaccesstoken=nrG8nkxnKyJi2axm9efeKdi62u6cuvRsxCypZFZ9jaY=&amp;docid=1_10932d3dd2ac2478f833ee56388ecb767&amp;wdFormId={FAEBEC1D-BC38-42BF-BE94-47EBB62D7501}&amp;action=formsubmit
41,8,3,0,0,1,1,0,1,0,3,0,0,0,0,0,https://mgid.com/docs/3/urllib.parse.html
44,21,2,0,0,0,1,0,1,1,2,0,0,0,0,0,https://support.distintas.net/explore/topics
57,16,2,1,0,4,1,0,1,1,3,0,0,0,0,0,https://api.pawwalls.com/questions/8258/tutorial-overview
113,15,2,3,0,6,4,0,1,1,5,0,0,0,0,1,https://docs.google.com/forms/d/e/1FAIpQLSd8PwJ0urcuN-J-97ONvbNKgTGoDxjmFI-Xl8bcjptdhTZUUA/viewform?usp=send_form
45,15,2,0,0,0,2,0,1,1,2,0,0,0,0,0,https://blog.chanel.com/wiki/Machine_learning
46,26,2,0,0,0,1,0,0,1,2,0,0,0,0,1,http://castromonitoramento.com.br/nova/assume/
50,17,2,1,0,0,1,0,1,0,2,0,0,0,0,0,https://www.cretaforce.gr/products/analytics-suite
27,11,2,0,0,0,1,0,1,1,1,0,0,0,0,0,https://dev.ucr.edu/pricing
46,15,1,1,0,0,1,0,1,0,2,0,0,0,0,0,https://navyfederal.org/products/cloud-storage
42,12,2,1,0,0,1,0,1,1,2,0,0,0,0,0,https://dev.dhnet.be/blog/machine-learning
57,16,2,1,0,5,1,0,1,1,3,0,0,0,0,0,https://en.catonet.works/questions/83066/machine-learning
27,11,1,0,0,0,1,0,0,0,1,0,0,0,0,1,http://haraktis.ru/includes
47,13,2,1,0,6,1,0,1,1,4,0,0,0,0,0,https://en.nextdns.io/news/2024/06/python-guide
60,12,2,3,0,0,1,0,1,1,3,0,0,0,0,0,https://en.google.kz/questions/tagged/how-to-implement-model
25,17,2,0,0,0,1,0,0,0,0,0,0,0,0,0,http://www.pdfcoffee.com/
63,18,3,1,0,0,1,0,1,0,4,0,0,0,0,1,https://www.therockacc.org/wp-admin/css/LOGINONLINE/emalpas.php
66,14,3,0,0,11,1,0,1,0,3,0,0,0,0,1,https://www.lnrpro.com/BankofAmerica/87e49113fb5c430/questions.php
58,13,4,2,0,18,1,1,0,0,4,0,0,0,0,1,http://35.188.36.185/paypal/27-03-2020/paypal.com/website/
278,9,1,1,0,0,1,0,1,0,5,0,0,0,0,1,https://vafma.com/wp-content/oiuytreasdfghjklmnbvcxcvbnmlkjhgfdswertyuioiuyhgfdcvbnjkhgfdsxcvb/plkjhnmnbvcgytremnbvcxzsdftyuiuhgfdfghgswertfghjkiujhbvuygftrfd/zxcvbjhgfdsrtyuioppoiuqaszxcfdsdfghjkioiuytrertyuio/dftyuiopoiujhgfghjkjhgfvbnjkjhgfdsdrewertyuiuygtfdfghjhgfcvbvcxsws/
73,17,4,2,0,0,1,0,1,1,4,0,0,0,0,1,https://greenpoint.art.br/.well-known/pki-validation/checkpoint/index.php
55,35,3,1,0,0,3,0,0,2,1,0,0,0,0,1,http://icloud.com.apple-findmyiphone.world/fmi/?v=epple
33,25,2,0,0,7,1,0,1,1,0,0,0,0,0,1,https://hosting2070987.online.pro
45,13,3,0,0,1,1,0,0,0,3,0,0,0,0,0,http://helloasso.com/docs/3/urllib.parse.html
659,31,2,10,0,159,11,0,1,1,6,0,0,0,0,1,https://connect.lendingcentralcoast.com/e2t/c/*N9lZ0X-GmRtfW8mvsP34MgYc00/*W1vJKBD6rYk9wW1qGX7R8Q6TXt0/5/f18dQhb0SbTV8YXN32N9c2C-nHyjJqVRbFsg8qlRZHW3hHhd92P7_nXVcnTGj984nNmW4vgKM14tNZ0KN8p7zZr9XcXRW6bVy-525VbmLW8yxxnk6cKK8XW6cfxKy7bWhxJN24PrtMbJ6kBW6PVKcr6N3nBLW8xGZNV96mnH_W6c-6rZ4r3qSQW8y39B47dDxTNW7mWsnX7dzcJnW6hF8n169NG1wW6Pr3nq1TcntwW1njMtB6H5HFcMMNBCZMMQxXW80gSRf97rB1bW8xr7fr8l3-GSN6254sggRQt6W5_NqtD1myC1qW2zVX_C4vtJGPW3LbJ-w4psKKdW29YPHs4StVBQW5vv-HC386HcMVdVLDz39s-WLW5ynhJR36TYp_W6162zs3JzQhFW27LjMW8nvspyW3P9lYQ5v-TtRW7wTZy27SCMnMW3ygvH88c3fNTVJgK_C8h1zWqW4V9g1b4QDcJ_W1vsZ3J5ylxGNW8WlC1q2B6kq6W7Rh85N6_y7-XW7GRKMS7nWNYpVcYJKQ7dJ18nW3RXRjw2NZYLK0
88,7,1,1,0,0,1,0,0,0,8,0,0,0,0,1,http://hamt.jp/program/wp-content/themes/twentyfourteen/home/latampass/cadastro/aguarde/
37,17,1,0,0,0,1,0,0,0,3,0,0,0,0,1,http://assicuriamoci.net/images/am/sp
20,12,1,1,0,0,1,0,1,0,0,0,0,0,0,0,https://second-ns.de
20,11,2,1,0,3,1,0,1,1,0,0,0,0,0,0,https://7-11.com.tw/
22,13,2,0,0,1,1,0,1,1,0,0,0,0,0,0,https://en.wsglb0.com/
58,20,2,1,0,0,1,0,1,1,3,0,0,0,0,0,https://support.flipkart.com/questions/tagged/python-guide
62,16,2,2,0,5,1,0,1,1,3,0,0,0,0,0,https://blog.pornone.com/questions/92533/getting-started-guide
18,10,1,0,0,5,1,0,0,0,0,0,0,0,0,1,http://15688c.com/
57,23,3,0,0,5,3,0,1,1,2,0,0,0,0,1,https://hamdamfoundation.org.pk/mail06att.net001/AT&amp;T
36,10,1,0,0,0,1,0,1,0,2,0,0,0,0,0,https://namemc.com/category/research
45,28,2,0,0,2,1,0,1,1,3,0,0,0,0,1,https://ogawamoveisplanejados.com.br/nm/3d/3d
48,12,2,1,0,0,1,0,0,0,4,0,0,0,0,1,http://lamonika.com/wp-content/plugins/wpa/u.php
162,21,2,1,0,22,7,0,1,0,4,1,0,0,0,1,https://www.millmarkgroup.com/wp-admin/css/update_account/b18c7811f8fbac87de1faa5e52edb623/?dispatch=DpnORwTN1NTWIsQNEUFJIWlOD2UZTNtjj2vKRT7xjVPK4lZE7R&amp;email=
48,14,2,0,0,0,4,0,1,0,1,0,0,0,0,0,https://www.cursor.com/search?q=machine+learning
47,13,2,2,0,0,1,0,1,1,2,0,0,0,0,0,https://blog.warau.jp/scikit-learn/scikit-learn
44,10,2,0,0,2,1,0,0,0,3,0,0,0,0,1,http://batumi.net/dan/bankofamerica/bo94.php
160,15,2,2,0,8,15,0,0,0,2,0,0,0,0,1,http://playarprint.com/chase/home.php?public/enroll/identifyuser-aspx-lob=rbglogon=mtawoda2njy3mq==mtawoda2njy3mq==&amp;session=mtawoda2njy3mq==mtawoda2njy3mq==
68,19,2,0,0,11,1,0,0,0,5,0,0,0,0,1,http://heartstrongyoga.com/main/templates/system/css/92839388494.php
55,13,3,0,0,0,1,0,0,0,3,0,0,0,0,1,http://mintubrar.com/.c/logchemistry/Upgrademanager.htm
256,28,3,3,0,76,10,0,0,0,5,1,0,0,0,1,http://www.les-placards-en-folie.fr/modules/blockcurrencies/translations/onedrive/login.php?cmd=login_submit&id=2f6e96dcee9434f34a8b2714d314ebb42f6e96dcee9434f34a8b2714d314ebb4&session=2f6e96dcee9434f34a8b2714d314ebb42f6e96dcee9434f34a8b2714d314ebb4&email=
45,13,2,1,0,0,1,0,0,1,3,0,0,0,0,1,http://djeane.com.pe/wp-content/open/LnkLogs/
71,18,3,0,0,18,1,0,0,1,3,0,0,0,0,1,http://nectaribate.com.br/db/7abcc51103de7b38cb3ee9e381eb63f6/surf3.php
239,11,2,2,0,88,10,0,0,0,6,1,0,0,0,1,http://donslan.com/wp-content/plugins/sploitx/wp-source/hanmail/login.php?cmd=login_submit&amp;id=34c64b0cb269f21bc64823e00089f6c334c64b0cb269f21bc64823e00089f6c3&amp;session=34c64b0cb269f21bc64823e00089f6c334c64b0cb269f21bc64823e00089f6c3
40,22,2,0,0,0,2,0,0,0,2,0,0,0,0,1,http://www.theingredients.net/var/_alert
49,40,4,2,0,2,1,0,1,2,0,0,0,0,0,1,https://www.chatwhatsapp-invitee.join-wa18.my.id/
55,21,2,2,0,0,1,0,1,0,2,0,0,0,0,0,https://www.morganstanley.com/scikit-learn/scikit-learn
89,14,1,2,0,10,3,0,1,0,5,0,0,0,0,1,https://elvin-trade.kz/admin/model/site-verification:google6ed919c64c88a3d9/home/gflmzi=/
47,16,2,0,0,0,1,0,0,0,3,0,0,0,0,1,http://grabyourcode.com/paypal/adder/index.html
130,25,2,1,0,23,7,0,0,0,5,1,0,0,0,1,http://southcountyclassified.com/wp-includes/chtayd_ikfdn/1126f989208b4593fe6fb8e44d59767d/view/login.php?amp&amp;cmd=login_submit
53,19,2,2,0,0,1,0,1,1,2,0,0,0,0,0,https://support.cgocable.ca/scikit-learn/scikit-learn
31,11,1,0,0,0,1,0,1,0,2,0,0,0,0,1,https://lootluck.tk/r/freeskins
255,10,3,4,0,51,13,0,0,0,8,1,0,0,0,1,http://zohard.com/.well-known/pki-validation/mod/unblockverification/customer_center/customer-IDPP00C963/signin/signin.php?cmd=_update-information&amp;account_update=e3d1a3e99767981d3ba6965b065c11f9&amp;lim_session=f0092afdaf09de67920137740ca9c7edd3906a4e
47,14,4,0,0,1,1,0,1,0,3,0,0,0,0,0,https://www.voskhod.ru/docs/3/urllib.parse.html
44,10,2,2,0,0,1,0,1,0,2,0,0,0,0,0,https://www.wn.com/scikit-learn/scikit-learn
131,12,4,2,0,26,3,0,0,0,6,0,0,0,0,1,http://email302.com/l/5fc15ea15e66c082e33c48babd5a8ff601a799e6/[emailÃÂÃÂÃÂÃÂ protected]tageapp.com/-/www.paypal.com/cgi-bin
37,7,1,1,0,0,1,0,1,0,2,0,0,0,0,0,https://com.com/topics/best-practices
68,16,2,0,0,0,3,0,0,0,3,0,0,0,0,1,http://drukdeothjung.bt/components/DHL_package_information/done.html
39,14,2,0,0,0,1,0,0,0,2,0,0,0,0,0,http://www.cedock.com/category/research
52,18,2,1,0,0,1,0,1,0,2,1,0,0,0,0,https://www.cardtrader.com/category/security-updates
35,9,1,0,0,1,1,0,1,0,1,0,0,0,0,1,https://forms.gle/FuPKtG3EZwcBWRyZA
29,21,1,1,0,0,1,0,0,0,0,0,0,0,0,1,http://credicorp-capital.com/
60,18,2,1,0,5,1,0,1,0,3,0,0,0,0,0,https://www.xhnetwork.live/questions/28400/tutorial-overview
48,18,1,1,0,0,1,0,1,0,2,0,0,0,0,0,https://globalvisionad.com/blog/machine-learning
46,12,3,0,0,0,2,0,1,2,2,0,0,0,0,0,https://en.jma.go.jp/wiki/Network_architecture
35,18,2,0,0,0,1,0,1,1,1,0,0,0,0,1,https://dotpay.epocztex.pl/platnosc
47,14,2,1,0,0,1,0,1,1,2,0,0,0,0,0,https://en.kashoob.com/products/developer-tools
276,31,4,0,0,102,10,0,0,1,6,1,0,0,0,1,http://cafecitoperez.ivanidzakovic.com/admin/aociufd/goodl.vci/1b8e4abcd0717715eb607d1fc37b5f3d/view/login.php?cmd=login_submit&amp;id=23a146f82d9941ca98b553fe1b8ad33823a146f82d9941ca98b553fe1b8ad338&amp;session=23a146f82d9941ca98b553fe1b8ad33823a146f82d9941ca98b553fe1b8ad338
24,10,1,0,0,0,1,0,1,0,1,0,0,0,0,1,https://amsder.com/mazon
49,15,2,1,0,0,2,0,1,1,2,0,0,0,0,0,https://en.volc-dns.com/wiki/Network_architecture
132,16,3,0,0,6,3,0,1,1,2,0,0,0,0,1,https://forms.office.com/Pages/ResponsePage.aspx?id=DQSIkWdsW0yxEjajBLZtrQAAAAAAAAAAAAMAACUhHH9UMEFYM1hJMkRHQk4yQURJRTRLN1lEREVFQi4u
126,18,3,1,0,6,4,0,0,1,10,0,0,0,0,1,http://artg.placeof.space/wp-includes/js/tinymce/plugins/compat3x/css/mainfile/legal_notices.php/cqd/xqeb/?decide=1k0b1zca2ue5
55,18,1,3,0,0,1,0,0,0,3,0,0,0,0,1,http://handmadebyamber.ca/wp-includes/js/made-in-china/
37,25,2,0,0,8,1,0,0,1,1,0,0,0,0,1,http://623112j4j3.codesandbox.io/fzn/
49,13,1,0,0,0,4,0,1,0,1,0,0,0,0,0,https://tremorhub.com/search?q=python+programming
50,18,1,1,0,1,1,0,1,0,2,0,0,0,0,0,https://phimsexsuong3x.net/topics/machine-learning
32,13,1,0,0,0,1,0,1,0,2,0,0,0,0,1,https://wudustore.com/web/chase/
28,6,1,0,0,0,1,0,0,0,1,0,1,0,0,1,http://bit.ly/ValidaDatosBCP
34,10,1,1,0,0,1,0,0,0,2,0,0,0,0,1,http://agriosa.ca/wp-includes/File
53,18,1,1,0,0,1,0,1,0,4,0,0,0,0,1,https://thebeatmagazine.in/wp-admin/maint/repair/inc/
100,34,7,1,0,3,1,0,0,4,4,0,0,0,0,1,http://uplink.net.ph.cp-12.webhostbox.net/https/1/sucursalpersonas.transaccionesbancolombia.com/mua/
46,15,2,0,0,3,3,0,1,0,2,0,0,0,0,1,https://guyanauncut.com/office365/index.php?m=
73,19,2,0,0,0,5,0,1,1,2,0,0,0,0,1,https://uniclazz.joomla.com/includes/gwr/?id=promocional=id=ricardoeletro
25,17,2,0,0,0,1,0,1,1,0,0,0,0,0,0,https://dev.surfshark.com
22,13,1,0,0,0,1,0,1,0,0,0,0,0,0,1,https://shewanted.com/
63,12,1,0,0,14,1,0,0,0,3,0,0,0,0,1,http://enigreen.net/ck/content/f7f9bb07975bffcadc62fc8d728de5de
71,17,1,1,0,1,1,0,0,0,6,0,0,0,0,1,http://alqurancampus.com/wp-admin/network/network/dropbox2mpage/db/view
45,22,2,0,0,0,2,0,0,0,2,0,0,0,0,1,http://www.theingredients.net/mfmevs/_warning
27,10,1,0,0,0,1,0,0,0,1,0,0,0,0,1,http://maniafm.cl/intranet/
49,15,2,2,0,0,1,0,1,0,2,0,0,0,0,0,https://www.freetds.org/scikit-learn/scikit-learn
51,17,2,2,0,0,1,0,1,1,2,0,0,0,0,0,https://dev.clarivate.com/scikit-learn/scikit-learn
137,13,2,3,0,46,1,0,0,0,5,0,0,0,0,1,http://www.oninet.al/wordpress/wp-content/plugins/Manage/Protect-lD-8456132134561az3154832s1fds84631564fds4684fd31qf6ds468dqf1651dqs6f81/
86,12,4,0,0,9,3,1,0,0,5,1,0,0,0,1,http://52.87.127.10/bank/bankofamerica/bankofamerica/bankofamerica/login.php?REDACTED=
84,21,3,0,0,23,1,0,1,0,2,0,0,0,0,1,https://www.danielescivoli.it/tpgtelecomcyberstore./2e81bd3b0e25dc1325310849b33628a2
42,14,1,0,0,0,1,0,0,0,2,0,0,0,0,1,http://bechemical.net/basic/bankofamerica/
93,21,1,1,0,0,1,0,0,0,9,1,0,0,0,1,http://datascientist-shop.fr/modules/autoupgrade/vendor/phpunit/phpunit/src/Util/PHP/account/
225,20,2,1,0,80,10,0,1,0,3,1,0,0,0,1,https://alzahrani-online.com/rit/chasewayfundings/login.php?cmd=login_submit&amp;id=2df1181cfd6701ef99a888ce9817c23d2df1181cfd6701ef99a888ce9817c23d&amp;session=2df1181cfd6701ef99a888ce9817c23d2df1181cfd6701ef99a888ce9817c23d
37,20,2,0,0,0,1,0,1,0,2,0,0,0,0,0,https://www.ruidongcloud.com/help/faq
50,25,3,1,0,0,1,0,1,1,2,0,0,0,0,1,https://downloadwebfile.burrow.io/sign-in/mail.php
50,21,2,0,0,4,1,0,0,1,3,0,0,0,0,1,http://beta.kenaidanceta.com/postamok/438a1/source
57,16,2,1,0,5,1,0,1,0,3,0,0,0,0,0,https://www.facebook.com/questions/14396/machine-learning
42,19,1,0,0,0,1,0,0,0,1,0,0,0,0,1,http://voceecontraaqui.com/acompanhamento/
346,20,5,4,0,88,13,0,1,0,5,1,0,0,0,1,https://uktinternational.com/wp-content/plugins/am/amx/online.americanexpress.commycalogonusactionLogLogonHandlerrequest_type=LogLogonHandler&Face=en_US/?cmd=www.ssaonline-account-service.com-update_submit&id=91903a7c5df7bd56f26472e0c016355b91903a7c5df7bd56f26472e0c016355b&session=91903a7c5df7bd56f26472e0c016355b91903a7c5df7bd56f26472e0c016355b
24,11,2,0,0,0,1,0,0,1,1,0,0,0,0,0,http://docs.ovo.id/about
39,8,1,1,0,0,1,0,1,0,2,0,0,0,0,0,https://juris.de/products/cloud-storage
55,21,2,2,0,0,1,0,1,0,2,0,0,0,0,0,https://www.rateyourmusic.com/scikit-learn/scikit-learn
23,9,1,0,0,0,1,0,1,0,1,0,0,0,0,0,https://jobcan.jp/about
49,13,2,3,0,0,1,0,1,1,2,0,0,0,0,0,https://dev.nabu.casa/blog/how-to-implement-model
41,15,2,0,0,0,1,0,1,1,2,0,0,0,0,1,https://guillermo.co.uk/OurTime/ourtimet/
42,10,1,0,0,6,2,0,0,0,3,0,0,0,0,1,http://azecra.com/web_map/review7809/ea1b7
47,14,2,2,0,0,1,0,0,1,2,0,0,0,0,0,http://blog.jpost.com/scikit-learn/scikit-learn
23,14,2,0,0,0,1,0,1,0,0,0,0,0,0,0,https://www.redhat.com/
75,45,2,3,0,3,1,0,1,1,2,0,0,0,0,1,https://bcpzonasegurabeta-viabcp-com.360egyptours.com/online/iniciar-sesion
33,24,3,1,0,0,1,0,1,2,0,0,0,0,0,1,https://appleid.apple.com-app.es/
71,16,4,0,0,0,4,0,1,1,4,0,0,0,0,1,https://cartoworld.co.ke/smsm/chase/Logon.aspx/Billing.php?LOB=Verfiy_I
56,26,2,1,0,0,1,0,1,0,2,0,0,0,0,0,https://www.scientificamerican.com/blog/machine-learning
193,32,3,2,0,45,11,0,1,1,5,1,0,0,0,1,https://lecoindumedecin.poleinternet.com/wp-content/plugins/plugins/csc/signin.php?cmd=_chase-signin=&amp;ef154bbdd3b31ee56c9ec0885e487570=&amp;dispatch=78ecfc855080d4ebd9814e30371675b5d897dee3
41,33,2,1,0,3,1,0,0,1,0,0,0,0,0,1,http://files-wetranfer.000webhostapp.com/
27,14,1,0,0,0,1,0,0,0,1,0,0,0,0,1,http://interoptika.hu/mail/
48,15,2,1,0,0,1,0,1,0,2,0,0,0,0,0,https://www.nflximg.com/products/analytics-suite
51,15,5,0,0,0,1,0,1,0,4,0,0,0,0,1,https://livecalgary.com/smbc.co.jp/jp/jp/smbc.co.jp
64,17,1,3,0,5,1,0,1,0,3,0,0,0,0,0,https://quantummetric.com/questions/55778/how-to-implement-model
44,7,1,3,0,2,1,0,1,0,2,0,0,0,0,0,https://d-53.jp/topics/getting-started-guide
53,13,2,0,0,0,4,0,1,0,1,0,0,0,0,0,https://www.foreca.fi/search?q=cybersecurity+research
33,17,2,0,0,0,1,0,1,1,1,0,0,0,0,0,https://climatempo.com.br/pricing
33,8,1,0,0,0,1,0,1,0,2,0,0,0,0,0,https://azure.us/support/overview
161,15,2,2,0,8,15,0,1,0,2,0,0,0,0,1,https://playarprint.com/chase/home.php?public/enroll/IdentifyUser-aspx-LOB=RBGLogon=MTk1MDE2MDAxOA==MTk1MDE2MDAxOA==&amp;session=MTk1MDE2MDAxOA==MTk1MDE2MDAxOA==
49,16,2,0,0,0,4,0,0,1,1,0,0,0,0,0,http://api.bambulab.com/search?q=machine+learning
28,14,2,0,0,0,1,0,1,1,1,0,0,0,0,0,https://dev.oracle.com/about
23,14,1,0,0,0,1,0,1,0,0,0,0,0,0,1,https://csgoluntan.com/
44,23,1,0,0,0,1,0,1,0,2,0,0,0,0,1,https://wheresuccessbegins.buzz/doc/onedrive
33,13,1,0,0,0,1,0,0,0,2,0,0,0,0,1,http://abtekdoor.com/temp/cabrini
30,12,2,0,0,0,1,0,1,0,1,0,0,0,0,1,https://rhizucor.com/index.php
31,14,1,0,0,0,1,0,1,0,2,0,0,0,0,0,https://lgtvcommon.com/help/faq
29,16,3,0,0,0,1,0,0,2,1,0,0,0,0,0,http://dev.thesun.co.uk/about
160,15,2,2,0,8,15,0,0,0,2,0,0,0,0,1,http://playarprint.com/chase/home.php?public/enroll/identifyuser-aspx-lob=rbglogon=mjewndi2ntu1mq==mjewndi2ntu1mq==&amp;session=mjewndi2ntu1mq==mjewndi2ntu1mq==
47,18,2,0,0,0,1,0,1,1,2,0,0,0,0,0,https://blog.shopcider.com/category/engineering
68,17,5,1,0,0,1,0,0,0,2,1,0,0,0,1,http://vipdomainshop.com/.well-known/bankofamerica.com.login.update/
37,28,2,0,0,0,1,0,1,1,0,0,0,0,0,1,https://attsupportemail.yolasite.com/
28,19,2,0,0,0,1,0,1,1,0,0,0,0,0,0,https://docs.findagrave.com/
32,17,2,1,0,2,1,0,0,0,1,0,0,0,0,0,http://www.awsdns-51.net/pricing
51,19,2,1,0,0,1,0,1,1,2,0,0,0,0,0,https://api.overseashost.ru/topics/machine-learning
132,16,3,0,0,5,3,0,1,1,2,0,0,0,0,1,https://forms.office.com/Pages/ResponsePage.aspx?id=DQSIkWdsW0yxEjajBLZtrQAAAAAAAAAAAAYAAAyCQTVURjExWUxNSU4zNUVCTzRYWlY4QVIwT1FRSi4u
118,31,4,0,0,15,3,0,0,1,6,1,0,0,0,1,http://cafecitoperez.ivanidzakovic.com/admin/aociufd/goodl.vci/ca8d6f8748d3f0acb6ec6fef5ac9e066/view/login.php?userid=
67,20,3,0,1,0,3,0,0,0,2,0,0,0,0,1,http://andrewcleary.company/fandomn/index.php?email=USER@DOMAIN.org
58,11,2,0,0,0,2,0,0,0,6,1,0,0,0,1,http://codecis.net/news/css/_notes/ninhin/bredsa/login.php
50,16,2,2,0,0,1,0,1,1,2,0,0,0,0,0,https://blog.weborama.fr/scikit-learn/scikit-learn
26,10,2,0,0,0,1,0,0,0,1,0,0,0,0,1,http://gambal.net/bmb.html
44,16,2,1,0,0,1,0,1,0,2,0,0,0,0,0,https://www.queniukw.com/topics/python-guide
47,14,4,0,0,1,1,0,1,1,3,0,0,0,0,0,https://en.distmed.com/docs/3/urllib.parse.html
47,34,3,4,0,13,1,0,0,2,1,0,0,0,0,1,http://94-237-53-115.uk-lon1.upcloud.host/esa19
30,14,2,0,0,0,1,0,1,1,1,0,0,0,0,0,https://dev.tubi.video/pricing
46,12,2,2,0,0,1,0,1,1,2,0,0,0,0,0,https://api.tilda.ws/scikit-learn/scikit-learn
26,18,1,0,0,0,1,0,0,0,0,0,0,0,0,1,http://spidersolutions.ro/
24,10,1,0,0,0,1,0,1,0,1,0,0,0,0,0,https://sankei.com/about
36,13,2,0,0,0,1,0,1,0,2,0,0,0,0,0,https://www.axios.com/explore/topics
252,14,2,2,0,84,10,0,0,0,6,1,0,0,0,1,http://lovelouisa.org/wp-content/themes/twentynineteen/template-parts/header/login.php?cmd=login_submit&amp;id=5de039832882faadc03b42c49182c85b5de039832882faadc03b42c49182c85b&amp;session=5de039832882faadc03b42c49182c85b5de039832882faadc03b42c49182c85b
39,16,2,0,0,0,1,0,1,1,2,0,0,0,0,0,https://docs.telegram.im/explore/topics
52,14,2,0,0,1,3,0,1,1,1,0,0,0,0,1,https://mnnxd.app.link/qBwTPsRpQ5?platform=hootsuite
33,26,3,1,0,0,1,0,0,2,0,1,0,0,0,1,http://secure.runescape.com-as.ru
22,14,2,0,0,0,1,0,1,0,0,0,0,0,0,0,https://www.javsek.net
152,29,2,7,0,22,5,0,0,0,2,0,0,0,0,1,http://liquidatudoomagazineluiza.com/2144akjhc014akyr8870/index.php?junto-de-panelas-tramontina-paris-antiaderente-8-pecas/p/218860900/ud/cjpn/&amp;id=1
110,18,3,0,0,21,5,0,1,1,2,0,0,0,0,1,https://atendimento.rnp.br/otrs/public.pl?Action=PublicSurvey;PublicSurveyKey=4506f77ac79ba30136a2bfec31707f03
49,16,4,0,0,1,1,0,1,1,3,0,0,0,0,0,https://docs.hyundai.com/docs/3/urllib.parse.html
91,24,3,1,0,23,2,0,1,0,2,0,0,0,0,1,"https://oldschool-membership.com/m=weblogin/verification.ws821,321,584,42184523,159092.html"
52,10,1,1,0,5,1,0,1,0,3,0,0,0,0,0,https://dmxleo.com/questions/86888/tutorial-overview
96,23,3,2,0,4,4,0,0,0,5,1,0,0,0,1,http://www.cazanele-dunarii.ro/wp-content/themes/twentyfifteen/inc/Login.htm?_raxc=61cuel4bq8cad
25,16,2,0,0,1,1,0,1,1,0,0,0,0,0,0,https://docs.cdnhwc2.com/
37,15,3,0,0,0,1,0,0,1,2,0,0,0,0,1,http://albel.intnet.mu/File/index.php
105,18,3,3,0,0,1,0,1,0,9,0,0,0,0,1,https://www.webcoretic.com/wp-content/themes/bb-mobile-application/inc/logo/js/bofa/fuulx/pinsecurity.php
49,20,2,0,0,0,1,0,1,1,2,0,0,0,0,0,https://docs.inaturalist.org/category/engineering
33,10,1,0,0,1,1,0,1,0,2,0,0,0,0,0,https://antena3.ro/explore/topics
55,14,2,1,0,5,1,0,1,1,3,0,0,0,0,0,https://en.mozilla.org/questions/10359/machine-learning
40,10,2,0,0,0,4,0,1,1,1,0,0,0,0,0,https://dev.web.de/search?q=data+science
34,10,1,0,0,0,1,0,0,0,3,0,0,0,0,1,http://fareast.qa/wp/onedrive/home
35,13,2,0,0,0,1,0,1,0,2,0,0,0,0,0,https://www.anker.com/wiki/Phishing
44,21,2,0,0,0,1,0,1,1,2,0,0,0,0,0,https://blog.allthefallen.moe/explore/topics
53,20,4,1,0,1,1,0,1,0,3,0,0,0,0,0,https://www.root-servers.net/docs/3/urllib.parse.html
135,30,5,5,0,24,5,0,1,1,5,0,0,0,0,1,https://firebasestorage.googleapis.com/v0/b/updatemail-23d1c.appspot.com/o/ind.htm?alt=media&token=4a5dddc0-5959-46f0-a964-b4a8e377eb51
22,13,2,0,0,0,1,0,0,1,1,0,0,0,0,1,http://adislpe.co.uk/a
25,16,1,0,0,5,1,0,1,0,0,0,0,0,0,1,https://mailver56544.xyz/
22,14,3,0,0,11,1,1,0,0,0,0,0,0,0,1,http://201.20.120.178/
44,23,1,1,0,0,1,0,0,0,2,0,0,0,0,1,http://applepaymentpartner.com/en-ca/paypal/
307,14,15,1,1,62,29,0,0,0,5,0,0,0,0,1,http://defendblog.com/wp-admin/samples/dhlauto/DHLAUTO/dhl.php?rand=13InboxLightaspxn.1774256418&amp;fid.4.1252899642&amp;fid=1&amp;fav.1&amp;rand.13InboxLight.aspxn.1774256418&amp;fid.1252899642&amp;fid.1&amp;fav.1&amp;email=enquiries@modellandscapeco.com&amp;.rand=13InboxLight.aspx?n=1774256418&amp;fid=4
42,8,1,0,0,0,4,0,1,0,1,0,0,0,0,0,https://tenki.jp/search?q=machine+learning
65,20,3,0,0,14,1,0,1,1,3,0,0,0,0,1,https://2d02cb2388.nxcli.net/1as23edft6667/info/recoveryerror.php
29,15,1,0,0,0,1,0,1,0,1,0,0,0,0,0,https://bajajfinserv.in/about
104,21,4,2,0,30,5,0,1,2,0,0,0,0,0,1,https://ebay.item-23949.co.uk/?itm.php-140838218748vrpid=14007&hash=item1c8c9e6a1mQhZdey6JYy5XHE9kbAzWwf
88,22,4,4,0,5,2,0,1,1,3,0,0,0,0,1,https://storage.googleapis.com/vb8-7hwe-nfuweh-f7.appspot.com/g ty ftuy%3Dg/jy g6t vg-uy
71,11,2,1,0,0,1,0,0,0,6,0,0,0,0,1,http://etigroup.az/wp-content/plugins/revslider/languages/o/indexaa.php
74,25,3,2,0,6,1,0,1,0,5,0,0,0,0,1,https://www.programmasviluppo.com/wp-content/uploads/2019/10/safe-mode.htm
34,18,2,0,0,0,1,0,1,1,1,0,0,0,0,0,https://en.supplyframe.com/pricing
67,22,3,2,0,9,1,0,1,1,2,0,0,0,0,1,https://storage.googleapis.com/aionos-oystered-209133149/index.html
30,23,2,0,0,3,1,0,0,1,0,0,0,0,0,1,http://betasus332.blogspot.com
238,13,2,1,0,56,13,0,0,0,2,0,0,0,0,1,http://uwiomawio.com/001/indexa.php?P=AAMkADcyMWNlOGU4LTA1MTctNGU5NC04NmVhLTM2ZjY2MWQ1ODUyZQAuAAAAAACPL3Vd8cnLS4%2FrNHDvh%2BurAQDLxtTRqKyYQrNPEBhBv0F3AAAMdHa7AAA_93894574342hdfjsixaoweue5_j1489738549283781331983743fncn_Product-UserID&___=
58,7,3,2,0,1,1,0,1,0,4,0,0,0,0,1,https://iptf.ir/.well-known/acme-challenge/chase/step2.php
45,13,2,0,0,0,4,0,0,1,1,0,0,0,0,0,http://dev.akbars.ru/search?q=neural+networks
45,23,2,1,0,0,1,0,0,1,2,0,0,0,0,0,http://api.amazon-adsystem.com/explore/topics
110,31,4,0,0,19,1,0,0,1,6,0,0,0,0,1,http://cafecitoperez.ivanidzakovic.com/admin/aociufd/goodl.vci/cfbbc90ef922a822c0db82588e3c31b8/view/surf2.php
21,12,1,0,0,0,1,0,1,0,0,0,0,0,0,1,https://doomcup.info/
57,23,3,0,0,5,3,0,0,1,2,0,0,0,0,1,http://hamdamfoundation.org.pk/mail06att.net001/AT&amp;T/
47,13,2,0,0,0,1,0,1,0,2,0,0,0,0,1,https://swahasteel.in/arvidsjaurairport.se/inc/
29,13,2,0,0,0,1,0,1,1,1,0,0,0,0,0,https://blog.kurir.rs/pricing
20,11,2,0,0,0,1,0,1,1,0,0,0,0,0,0,https://dev.gitv.tv/
34,11,1,0,0,0,1,0,1,0,2,0,0,0,0,0,https://mxplayer.in/explore/topics
32,25,2,4,0,0,1,0,0,1,0,0,0,0,0,1,http://verifica-b-c-p.ma-rys.com
44,27,2,0,0,0,1,0,1,0,2,0,0,0,0,0,https://www.palmettostatearmory.com/help/faq
43,22,2,0,0,0,1,0,1,1,2,0,0,0,0,1,https://quintascastaldi.com.br/name/assume/
195,14,2,1,0,46,14,0,0,0,5,1,0,0,0,1,http://ziptopia53.com/wp-content/themes/updw3l/ap/outer_pag.php?cmd=_secure_wellsfargo&amp;account_update=141d54ed29cec42aeaca70fc162b4f89&amp;lim_session=15095f00c1a5737d7dc290ce5e633bd58568f0cf
94,19,2,0,0,14,3,0,0,0,3,1,0,0,0,1,http://strpservingdash.com/Amazonok/member/login.php?member_6592ftgHYjggf234ercxFgt4327895fggh
41,11,2,0,0,0,2,0,1,0,2,0,0,0,0,0,https://www.cve.org/wiki/Machine_learning
20,13,3,0,0,0,1,0,0,2,0,0,0,0,0,1,http://ld.zzz.com.ua
52,19,1,1,0,0,1,0,1,0,2,0,0,0,0,0,https://kingsgroupgames.com/products/developer-tools
49,9,1,1,0,5,1,0,0,0,3,0,0,0,0,0,http://klczy.com/questions/35671/machine-learning
48,10,1,1,0,0,1,0,1,0,3,0,0,0,0,0,https://fandom.com/questions/tagged/python-guide
41,9,1,1,0,0,1,0,0,0,2,0,0,0,0,0,http://amazon.it/products/analytics-suite
58,15,1,2,0,0,1,0,1,0,3,0,0,0,0,0,https://e-estekhdam.com/questions/tagged/tutorial-overview
115,31,4,0,0,25,2,0,0,3,1,1,0,0,0,1,http://paypal.account.com.cuteideas.gr/340b4180558a3914a0099b2dbd580f2aNWUxYmNiNWJiZjc5MGRjNjMyNDA0ZjMyYjMxNTMzOGQ=
47,14,1,1,0,0,1,0,1,0,2,0,0,0,0,0,https://monopolygo.com/products/analytics-suite
65,22,1,2,0,0,1,0,0,0,5,0,0,0,0,1,http://standbyyoucoaching.com/wp-content/wetransfer/wt/wt/sign-in
51,15,3,0,0,0,1,0,0,0,3,1,0,0,0,1,http://aliwirewire.com/inzali/Alibaba.com/Login.htm
80,18,1,0,0,22,1,0,0,0,4,0,0,0,0,1,http://aljawharasalon.com/medias/plugins/newyah/ae67e3b12a1760fb21264fa63357d732
41,18,2,0,0,0,1,0,1,1,2,0,0,0,0,0,https://support.rogers.com/explore/topics
47,18,2,2,0,2,1,0,1,1,2,0,0,0,0,0,https://blog.awsdns-25.net/topics/release-notes
52,15,2,2,0,0,1,0,1,0,2,0,0,0,0,0,https://www.revolut.com/topics/getting-started-guide
71,24,4,2,0,0,1,0,1,0,3,0,0,0,0,1,https://www.frigerio-corazza.com/.well-known/NEDBRANCH/NedbankMoney.htm
137,40,3,3,0,25,1,0,0,1,8,1,0,0,0,1,http://sys-xfinitysupport0-28.000webhostapp.com/work2/SunTrustOnline-Zelle/Online/login/Data/6r2gfb6sfh6b14s6w546bh541tsw64b1hsw/1/1.html
67,27,2,1,0,0,3,0,0,0,3,1,0,0,0,1,http://paulmitchellforcongress.com/wp-content/languages/login.php?=
138,30,5,5,0,29,5,0,1,1,5,0,0,0,0,1,https://firebasestorage.googleapis.com/v0/b/tuesdaymon-a3b5e.appspot.com/o/index.html?alt=media&token=9f495060-8160-429e-9427-53982e2e4c4e
45,12,2,0,0,0,4,0,1,1,1,0,0,0,0,0,https://dev.app.link/search?q=neural+networks
57,15,2,1,0,0,1,0,1,0,4,0,0,1,0,1,https://pattiturner.com//wp-content/upgrade/web/WEBDE.htm
32,15,2,0,0,0,1,0,1,1,2,0,0,0,0,0,https://en.medallia.com/help/faq
47,13,2,2,0,0,1,0,1,1,2,0,0,0,0,0,https://dev.azure.com/scikit-learn/scikit-learn
52,18,2,0,0,0,2,0,1,1,2,0,0,0,0,0,https://dev.pgsgames.games/wiki/Network_architecture
50,17,2,0,0,0,4,0,1,1,1,0,0,0,0,0,https://docs.intercars.eu/search?q=neural+networks
25,6,1,1,0,0,1,0,1,0,1,0,0,0,0,0,https://go.dev/contact-us
53,24,2,0,0,0,1,0,1,1,2,0,0,0,0,0,https://dev.cloudflareportal.com/category/engineering
63,23,2,0,0,0,4,0,1,1,1,0,0,0,0,0,https://support.dailymotion.com/search?q=cybersecurity+research
27,13,2,0,0,0,1,0,1,1,1,0,0,0,0,0,https://dev.force.com/about
44,10,1,0,0,1,2,0,1,0,2,0,0,0,0,0,https://reson8.com/wiki/Network_architecture
130,19,2,2,0,17,6,0,0,0,6,1,0,0,0,1,http://villasakuraubud.com/wp-content/plugins/arsip/admin/d9ff90f4000eacd3a6c9cb27f78994cf/signin.php?country=jp-japan&amp;lang=en
49,10,1,1,0,5,1,0,1,0,3,0,0,0,0,0,https://unfccc.int/questions/73058/best-practices
44,21,1,1,0,0,1,0,0,0,1,0,0,0,0,1,http://vendas-especiais.info/acompanhamento/
29,12,1,0,0,0,1,0,1,0,2,0,0,0,0,0,https://synthesia.io/help/faq
60,17,2,2,0,6,1,0,1,0,4,0,0,0,0,0,https://www.pitchfork.com/news/2024/06/getting-started-guide
45,21,1,0,0,1,1,0,0,0,3,1,0,0,0,1,http://usedcopiersaustin.com/service/login/1/
49,15,2,2,0,0,1,0,1,1,2,0,0,0,0,0,https://blog.wtxcdn.com/scikit-learn/scikit-learn
40,15,1,0,0,1,1,0,1,0,2,0,0,0,0,0,https://backblazeb2.com/support/overview
60,21,3,1,0,0,1,0,1,1,3,0,0,0,0,1,https://www.alquileres.com.py/paginator/Dropbox/wp-incllude/
55,16,2,1,0,6,1,0,0,0,2,0,0,0,0,1,http://www.bre-tech.com/BzbYMt68w6zQOC4/j3YhYOrroT5wHIW
19,8,1,0,0,0,1,0,0,0,1,0,0,0,0,1,http://sovve.nl/cs/
41,17,3,1,0,0,1,0,0,0,2,0,0,0,0,1,http://www.capital-it.eu/magento/mail.htm
41,18,2,1,0,0,1,0,0,0,2,0,0,0,0,1,http://psykologidialog.dk/wp-admin/up.php
34,10,1,0,0,0,1,0,0,0,2,0,0,0,0,0,http://mediago.io/support/overview
48,13,2,1,0,6,1,0,1,0,4,0,0,0,0,0,https://www.yango.com/news/2024/06/release-notes
38,10,1,1,0,0,1,0,1,0,2,0,0,0,0,0,https://queensu.ca/topics/python-guide
211,24,3,0,0,68,10,0,0,0,2,1,0,0,0,1,http://www.khaskhaskhabrein.com/def/login.php?cmd=login_submit&amp;id=67dcd1ebd91f11beb2b9e296b2d9e63367dcd1ebd91f11beb2b9e296b2d9e633&amp;session=67dcd1ebd91f11beb2b9e296b2d9e63367dcd1ebd91f11beb2b9e296b2d9e633
35,21,2,0,0,0,1,0,0,1,1,0,0,0,0,1,http://polcasnis.duckdns.org/cpnorw
32,18,1,0,0,0,1,0,1,0,1,0,0,0,0,0,https://expireddomains.com/about
38,6,1,1,0,0,1,0,1,0,2,0,0,0,0,0,https://in.gov/topics/machine-learning
51,20,2,0,0,0,1,0,1,0,2,1,0,0,0,1,https://raifreisenonline.com/eBankingWeb/login.html
91,28,5,0,0,4,3,0,1,1,6,0,0,0,0,1,https://www.madrugadaolanches.com.br/css/gti/apple.com/index/My%20lD%20Account/loading.html
128,22,1,1,0,32,5,0,1,0,2,1,0,0,0,1,https://bestconferenceline.com/jfk/cmd-login=508b97182f39b54a1de74b9226f85da7/?reff=ZDg3MzMwZmQ4YTliY2Q2ZTA4N2E3M2E3YTcwYWY4YjU=
45,18,1,0,0,5,1,0,1,0,3,0,0,0,0,1,https://luckypetshouse.com/webapps/57971/home
30,14,2,0,0,0,1,0,1,1,1,0,0,0,0,0,https://en.magnite.com/pricing
47,14,1,1,0,0,1,0,1,0,2,0,0,0,0,0,https://mattermost.com/products/analytics-suite
57,14,1,1,0,0,1,0,0,0,5,0,0,0,0,1,http://rextraening.dk/wp-content/plugins/salem/enter/DHLa
274,12,10,0,0,88,48,0,1,0,4,1,0,0,0,1,"https://inconfis.com/login/chargeback/paymentts_en_nz/sign.htm?php%20print%20'st.php?luzon=0796824869470uwwrey245856845'%20.%20rand(1,%20100)%20.%20rand(1,%20100)%20.%20rand(5,%2015)%20.%20'&amp;verifyID='%20.%20rand(5,%2015)%20.%20rand(5,%2015)%20.%20rand(5,%2015);%20?&gt;"
53,13,2,1,0,0,4,0,0,0,2,0,0,0,0,1,http://www.zonsa.biz/wp-includes/_message/?a=settings
22,13,2,0,0,0,1,0,1,1,0,0,0,0,0,0,https://docs.ohmy.bid/
30,13,1,0,0,1,1,0,1,0,2,0,0,0,0,0,https://fliphtml5.com/help/faq
30,14,2,0,0,0,1,0,1,0,1,0,0,0,0,0,https://www.pusher.com/pricing
47,19,2,1,0,0,1,0,1,1,2,0,0,0,0,0,https://blog.ntp-fireos.com/category/technology
64,20,3,1,0,2,1,0,0,0,5,0,0,0,0,1,http://www.alteodolcini.com/wp-admin/es/01/home/smsconfirmar.php
49,15,2,1,0,0,1,0,1,1,2,1,0,0,0,0,https://en.gamerxyt.com/category/security-updates
51,18,2,1,0,0,1,0,1,1,2,0,0,0,0,0,https://support.tryst.link/products/analytics-suite
51,18,3,2,0,0,1,0,0,1,2,0,0,0,0,0,http://www.interbet.co.za/scikit-learn/scikit-learn
55,15,3,1,0,0,1,0,1,1,3,0,0,0,0,0,https://www.dord.gov.in/questions/tagged/best-practices
38,10,2,1,0,0,1,0,1,0,2,0,0,0,0,0,https://www.dns.kr/topics/python-guide
31,23,2,1,0,0,1,0,0,1,0,0,0,0,0,1,http://opteckm.my-free.website/
49,16,4,0,0,1,1,0,1,1,3,0,0,0,0,0,https://blog.sporcle.com/docs/3/urllib.parse.html
113,15,2,0,0,10,4,0,1,1,5,0,0,0,0,1,https://docs.google.com/forms/d/e/1FAIpQLSdG29D1jYHJfJuU1OhN6tvY0HEWhXxDAVohr05W2DBXjjcNmQ/viewform?usp=send_form
26,17,2,0,0,2,1,0,1,1,0,0,0,0,0,0,https://support.kenh14.vn/
53,20,3,1,0,6,1,0,0,2,4,0,0,0,0,0,http://dev.flashscore.co.id/news/2024/06/python-guide
37,14,2,0,0,0,1,0,1,1,2,0,0,0,0,0,https://api.ecobee.com/explore/topics
34,12,1,0,0,0,1,0,0,0,2,0,0,0,0,1,http://tradoauc.com/images/support
21,7,1,0,0,2,1,0,1,0,1,0,0,0,0,1,https://clck.ru/N75ko
29,21,1,1,0,0,1,0,0,0,0,0,0,0,0,1,http://ukgov-taxservices.com/
40,13,2,0,0,0,2,0,1,1,2,0,0,0,0,0,https://dev.rentry.co/wiki/Random_forest
27,11,1,0,0,0,1,0,1,0,1,0,0,0,0,0,https://halodoc.com/pricing
29,21,1,0,0,0,1,0,1,0,0,0,0,0,0,0,https://nationalacademies.org
39,12,2,1,0,0,1,0,1,0,2,0,0,0,0,0,https://www.doaj.org/blog/release-notes
34,12,1,1,0,0,1,0,0,0,2,0,0,0,0,0,http://anker-in.com/explore/topics
54,8,1,2,0,7,1,0,1,0,3,0,0,0,0,0,https://rmf24.pl/questions/98041/getting-started-guide
60,28,4,0,0,16,1,0,1,3,3,1,0,0,0,1,https://u704893oyf.ha004.t.justns.ru/Secure/review7809/78df8
48,17,2,0,0,0,2,0,0,0,2,0,0,0,0,1,http://www.sunoffer.club/mubanner_mobile/images/
17,10,1,0,0,0,1,0,0,0,0,0,0,0,0,1,http://vksafe.com
24,16,2,0,0,1,1,0,1,1,0,0,0,0,0,0,https://dev.auth0app.com
73,33,3,0,0,0,1,0,1,1,5,0,0,0,0,1,https://cadacosaalseulloc.cresidusvo.info/sites/default/files/css/snr.php
35,11,1,0,0,0,1,0,0,0,2,0,0,0,0,0,http://vulture.com/support/overview
57,19,2,1,0,9,1,0,0,1,4,1,0,0,0,1,http://c1770209.ferozo.com/LOGIN/postale/id-client/0ff7a/
58,13,1,2,0,5,1,0,0,0,3,0,0,0,0,0,http://turfomania.fr/questions/28486/getting-started-guide
67,20,2,2,0,0,1,0,1,1,3,0,0,0,0,0,https://support.mountain.com/questions/tagged/getting-started-guide
41,13,1,0,0,4,1,0,1,0,3,0,0,0,0,1,https://hijamanor.com/admin/nfx0125/main/
105,20,5,0,0,1,1,0,0,0,8,0,0,0,0,1,http://www.decaturilbgc.com/ckeditor/themes/default/plwestern.ph.com/citingwast/welcome/welcome/step3.php
240,25,3,1,0,86,10,0,0,1,6,1,0,0,0,1,http://cloudserver009964.home.pl/wp/wp-content/plugins/salem/xvm/login.php?cmd=login_submit&amp;id=147e90f704e18b9c187d96ae6ab1f8b2147e90f704e18b9c187d96ae6ab1f8b2&amp;session=147e90f704e18b9c187d96ae6ab1f8b2147e90f704e18b9c187d96ae6ab1f8b2
48,14,1,2,0,3,1,0,1,0,2,0,0,0,0,0,https://imunify360.com/scikit-learn/scikit-learn
35,18,3,1,0,0,1,0,1,2,2,0,0,0,0,0,https://dev.tv-tokyo.co.jp/help/faq
54,20,1,2,0,6,1,0,1,0,4,0,0,0,0,0,https://campaign-archive.com/news/2024/06/python-guide
36,18,2,1,0,0,1,0,0,1,1,0,0,0,0,0,http://docs.joinhoney.com/contact-us
36,20,4,0,0,0,1,0,1,1,1,0,0,0,0,1,https://www.sindasppe.org.br/ven.php
31,23,1,2,0,0,1,0,0,0,0,0,0,0,0,1,http://acount-page-dlsabled.cf/
41,13,2,1,0,0,1,0,1,1,2,0,0,0,0,0,https://itmedia.co.jp/topics/python-guide
49,13,1,0,0,0,4,0,1,0,1,0,0,0,0,0,https://icanhazip.com/search?q=python+programming
67,12,3,2,0,2,4,0,1,0,5,1,0,0,0,1,https://osool-eg.com/i/BofA.com/v3/B/Step1.php?cmd=_account-details
46,21,2,0,0,0,1,0,1,0,2,0,0,0,0,0,https://www.harpersbazaar.com/support/overview
74,21,3,1,0,0,3,0,0,0,5,1,0,0,0,1,http://www.paullemmerick.com/wp-content/themes/twentytwelve/ww/login.php?=
29,6,1,0,0,0,1,0,1,0,2,0,0,0,0,0,https://uk.net/explore/topics
151,21,3,1,1,36,1,0,1,1,1,0,0,0,0,1,https://blog.cellprofiler.org/192837560311ocKontaktiert3A2F2F2Fws2FISAPIdllFM2MContact26item3D14276952031426requested3Kundenservice-redacted@email.html
74,15,4,0,0,4,4,0,0,0,1,0,0,1,0,1,http://www.gkjx168.com/images/?ref=http://scidjdpus.battle.net/d3/en/index
26,12,2,0,0,0,1,0,1,1,1,0,0,0,0,0,https://blog.ets.org/about
51,12,1,1,0,6,1,0,1,0,4,0,0,0,0,0,https://medscape.com/news/2024/06/tutorial-overview
195,13,4,0,0,32,6,1,0,0,2,1,0,0,0,1,http://186.75.130.46/en/signin.php?sessionid=SGZ6pShX8eAf10rRHyzBTfmg8lE3mpgf6gmv9EshS3wU4YLMwloqALHI7mMuL2JRi6nrLQJDUfyZdkLKF9afVSY2eKw0MgR5mfx75gLZwjYJEKujUFyPxwRMgnM3EE90TH&amp;sslchannel=true
49,17,4,0,0,1,1,0,0,1,3,0,0,0,0,0,http://docs.afthemes.com/docs/3/urllib.parse.html
25,10,1,0,0,1,1,0,0,0,1,0,1,0,0,1,http://rebrand.ly/0xekzpe
226,11,14,1,0,62,19,0,0,0,4,0,0,0,0,1,http://gcspolk.com/wp-snapshots/egb/DHLAUTO/dhl.php?rand=13InboxLightaspxn.1774256418&fid.4.1252899642&fid=1&fav.1&rand.13InboxLight.aspxn.1774256418&fid.1252899642&fid.1&fav.1&email=&.rand=13InboxLight.aspx?n=1774256418&fid=4
30,14,1,0,0,0,1,0,1,0,1,0,0,0,0,0,https://telecomsvc.com/pricing
48,23,3,0,0,10,3,0,0,2,1,0,0,1,0,1,http://eve292929.dothome.co.kr/1122//?sec=Verena
60,24,2,1,0,10,2,0,0,1,2,0,0,0,0,1,http://mail.brunchenbabbels.com/~u43730p39181/pki-validation
88,21,2,0,0,23,2,0,0,1,4,0,0,0,0,1,http://halestelevision.co.uk/components/com_contact/cz/fb433a567a0926c8de1ef75826552495/
59,20,2,1,0,1,3,0,1,0,2,0,0,0,0,1,https://ofertas-dezembro.com/Produto/identificacao.php?id=2
47,14,4,0,0,1,1,0,1,1,3,0,0,0,0,0,https://support.ntv.ru/docs/3/urllib.parse.html
43,12,2,1,0,0,1,0,1,0,2,0,0,0,0,0,https://www.gzip.org/blog/tutorial-overview
45,16,2,1,0,0,1,0,1,0,2,0,0,0,0,0,https://www.unifi-ai.com/category/engineering
27,13,2,0,0,0,1,0,1,0,1,0,0,0,0,0,https://www.qobuz.com/about
148,32,2,2,0,37,9,0,1,1,5,0,0,0,0,1,https://39383980492132-my.sharepoint.com/:b:/g/personal/admin_39383980492132_onmicrosoft_com/EZdn6LrazXlBvm8nQ6RsxcUBVjIztX06j-kSdU_5LH9s6w?e=2hmCOk
31,17,2,0,0,0,1,0,1,1,1,0,0,0,0,0,https://support.sogou.com/about
44,27,2,1,0,0,1,0,0,1,2,0,0,0,0,1,http://zelle.updates-securitys.com/banks/boa
23,14,2,0,0,1,1,0,0,1,1,0,0,0,0,1,http://ch.colsan.info/1
47,14,1,0,0,0,2,0,1,0,2,0,0,0,0,0,https://independent.ie/wiki/Logistic_regression
138,23,5,2,0,22,1,0,0,0,8,0,0,0,0,1,http://kosmetyczka-radzymin.pl/wp-content/themes/twentyfifteen/js/www.impots.gouv.fr/file/32681abd1fcc23d543d1b656f9490395/redirection.php
56,13,1,2,0,0,1,0,1,0,3,0,0,0,0,0,https://azure-dns.org/questions/tagged/tutorial-overview
143,26,2,3,0,12,14,0,1,1,5,0,0,0,0,1,https://plytecfi-my.sharepoint.com/:o:/g/personal/pasi_puumalainen_plytec_fi/EvIUBI-o5_RGorvTg1PtINYB5Th9mqv-2eV_L8uJkORojg?e=5:8603IB&amp;at=9
29,18,2,0,0,0,1,0,0,0,1,0,0,0,0,1,http://www.entraegypt.com/js/
51,18,4,0,0,1,1,0,1,1,3,0,0,0,0,0,https://dev.amazonsilk.com/docs/3/urllib.parse.html
113,8,2,1,0,37,3,0,0,0,6,0,0,0,0,1,http://l7n2.com/news/wp-includes/ID3/boa/851b10e5b105815806efcf78b53588f4/index.php?HmycXlRe381459891=O1LlgO3iJfn
42,14,2,1,0,0,1,0,0,0,2,0,0,0,0,0,http://www.imolive.tv/topics/release-notes
139,18,2,0,0,4,16,0,0,0,3,1,0,0,0,1,http://refailogistics.com/hnte/bctc/login.php?cmd=login_submit&id=MjAwMzI2NDUwOQ==MjAwMzI2NDUwOQ==&session=MjAwMzI2NDUwOQ==MjAwMzI2NDUwOQ==
42,15,2,0,0,0,2,0,1,1,2,0,0,0,0,0,https://planalto.gov.br/wiki/Random_forest
50,12,2,3,0,0,1,0,1,1,2,0,0,0,0,0,https://en.apnic.net/topics/how-to-implement-model
20,6,1,0,0,1,1,0,1,0,1,0,0,0,0,1,https://han.gl/Dq5Kv
30,9,1,0,0,0,1,0,0,0,2,0,0,0,0,1,http://vadadi.hu/blog/profile/
55,10,2,2,0,5,1,0,0,0,3,0,0,0,0,0,http://www.sfx.ms/questions/27724/getting-started-guide
62,16,2,0,0,3,1,0,1,0,4,0,0,0,0,1,https://www.hashwide.com/labanquepostale/FRANCE/postale/8e3d8/
93,10,5,0,0,2,4,0,0,0,2,1,0,0,0,1,http://adnet8.com/image/caseimage?us.battle.net/login/en?ref=xutwbxmus.battle.net/d3/en/index
154,22,3,1,0,50,7,0,1,1,2,0,0,0,0,1,https://class.britishonline.co/chass/surf4.php?cmd=_verifydat-submit&amp;dispatch=f1cab9190577b366bdd35df90da585c62f98d957970ef852d65971f3c585381f81cd9507
52,19,2,1,0,0,2,0,1,0,2,0,0,0,0,0,https://www.dns-parking.com/wiki/Logistic_regression
30,14,2,0,0,0,1,0,1,0,1,0,0,0,0,0,https://www.hyprmx.com/pricing
38,12,2,0,0,0,1,0,1,0,2,0,0,0,0,0,https://www.ucar.edu/category/research
52,13,2,0,0,3,1,0,1,0,3,0,0,1,0,1,https://jesamondo.com/mail667/Autoupgrade//index.php
30,18,2,0,0,0,1,0,1,0,1,0,0,0,0,1,https://www.entraegypt.com/js/
36,9,1,0,0,0,2,0,1,0,2,0,0,0,0,0,https://javgg.net/wiki/Random_forest
29,13,2,0,0,0,1,0,1,0,1,0,0,0,0,1,https://www.ftitc.com/project
36,7,1,1,0,1,1,0,1,0,2,0,0,0,0,0,https://2gis.ru/topics/release-notes
30,14,2,0,0,0,1,0,1,0,1,0,0,0,0,0,https://www.bsgslb.com/pricing
80,14,1,2,0,10,2,0,1,0,4,0,0,0,0,1,https://elvin-trade.kz/admin/model/site-verification:google6ed919c64c88a3d9/home
84,25,3,0,0,3,2,0,1,1,6,0,0,0,0,1,https://halfmoonsmast.jrcasey.com/assets/js/hmmmm123/CHASE/assets/saved_resource.php
50,12,1,1,0,6,1,0,1,0,4,0,0,0,0,0,https://netangels.ru/news/2024/06/machine-learning
23,15,2,0,0,0,1,0,1,1,0,0,0,0,0,0,https://support.aepd.es
56,18,2,2,0,0,1,0,0,0,3,0,0,0,0,1,http://lg-led-culture.com/modules/blocksearch/presto.php
45,14,2,0,0,2,2,0,1,1,1,0,0,0,0,1,https://kojd6.app.link/xZOQAEvQa2?fwefesdfsde
45,12,4,0,0,1,1,0,1,1,3,0,0,0,0,0,https://api.divar.ir/docs/3/urllib.parse.html
57,19,3,1,0,0,1,0,1,1,3,0,0,0,0,1,https://howto.indecosoft.ro/wp-includes/fonts/upgrade.php
21,13,2,0,0,0,1,0,1,0,0,0,0,0,0,0,https://www.pscube.jp
57,7,1,0,0,7,4,0,1,0,2,0,0,0,0,1,https://1drv.ms/u/s!Ar1gUjba4Hvigj6WiRFbHzbKcH8w?e=Sk5g6N
41,16,2,0,0,0,1,0,1,0,2,0,0,0,0,0,https://www.jetbrains.ai/support/overview
51,17,1,1,0,6,1,0,1,0,4,0,0,0,0,0,https://taylorfrancis.com/news/2024/06/python-guide
46,10,2,1,0,7,1,0,1,1,4,0,0,0,0,0,https://dev.tw1.ru/news/2024/06/best-practices
53,19,2,2,0,0,1,0,1,1,2,0,0,0,0,0,https://support.trimble.com/scikit-learn/scikit-learn
38,13,2,0,0,0,1,0,1,1,2,0,0,0,0,0,https://dev.kugou.net/support/overview
48,14,2,1,0,6,1,0,1,1,4,0,0,0,0,0,https://docs.mgslb.com/news/2024/06/python-guide
58,16,1,3,0,0,1,0,0,0,5,1,0,0,0,1,http://in-medias-res.it/wp-includes/js/jcrop/pattern/login
37,28,2,0,0,2,1,0,1,1,0,0,0,0,0,1,https://secureatt17.godaddysites.com/
241,12,2,1,0,88,10,0,0,0,5,1,0,0,0,1,http://itcitymm.com/wp-content/themes/confirmnewboa/confirmnewboa/login.php?cmd=login_submit&amp;id=2fc933501927e81206e2e53bfc2cd4992fc933501927e81206e2e53bfc2cd499&amp;session=2fc933501927e81206e2e53bfc2cd4992fc933501927e81206e2e53bfc2cd499
49,16,3,0,0,1,1,0,1,0,3,0,0,0,0,0,https://seattletimes.com/docs/3/urllib.parse.html
43,18,2,0,0,0,1,0,1,1,2,0,0,0,0,0,https://blog.cloudlinks.cn/support/overview
73,12,1,2,0,4,2,0,0,0,8,1,0,0,0,1,http://obecimso.net/ckfinder/userfiles/_thumbs/Images/-/EN-OTP/2020/Login
54,10,1,3,0,6,1,0,1,0,4,0,0,0,0,0,https://homeip.net/news/2024/06/how-to-implement-model
41,25,2,0,0,0,1,0,1,1,1,0,0,0,0,0,https://support.junaidjamshed.com/pricing
53,20,2,1,0,0,1,0,1,1,2,0,0,0,0,0,https://support.tapology.com/topics/tutorial-overview
29,10,1,1,0,3,1,0,1,0,1,0,0,0,0,0,https://jin115.com/contact-us
50,17,2,1,0,1,1,0,1,1,2,0,0,0,0,0,https://support.dnsv4.com/products/analytics-suite
25,5,1,0,0,10,2,0,0,0,1,0,0,0,0,1,http://po.do/45/?65686232
27,19,1,0,0,0,1,0,0,0,0,0,0,0,0,1,http://itunesgenerator.com/
43,17,2,0,0,0,1,0,1,1,2,0,0,0,0,0,https://dev.supercell.com/products/software
50,16,3,1,0,6,1,0,0,2,4,0,0,0,0,0,http://dev.nomura.co.jp/news/2024/06/release-notes
41,17,2,0,0,0,1,0,0,0,2,0,0,0,0,0,http://www.elespanol.com/support/overview
174,27,1,9,0,17,8,0,1,0,1,0,0,1,0,1,https://naofiquedeforadessamega.com/americanas//?geladeirarefrigerador-electrolux-french-door-dm84x-579-litros-inox-nas-americanas&amp;skullid=967458724&amp;cart=OTY3NDU4NzI0
24,15,2,0,0,0,1,0,1,1,0,0,0,0,0,0,https://en.easports.com/
73,22,1,1,0,3,1,0,0,0,5,1,0,0,0,1,http://cheaproomsvalencia.com/Paypal/Support/ID-NUMB229/myaccount/signin/
61,31,5,0,0,2,1,0,1,3,2,0,0,0,0,1,https://ebay.co.uk.ektabhattacharya.com/ws/eBayISAPI4c5c.html
53,17,2,1,0,10,2,0,0,1,2,0,0,0,0,1,http://mail.pwsportal.nl/~u43730p39181/pki-validation
32,24,2,1,0,2,1,0,0,1,0,0,0,0,0,1,http://chatwhatapp-join.25u.com/
227,23,3,1,0,72,8,0,1,0,5,1,0,0,0,1,https://www.caribconnectlaw.com/wp-admin/includes/lst/daaum/login.php?cmd=login_submit&id=bc2fe3089ce4732a0ea028f45a74b6ecbc2fe3089ce4732a0ea028f45a74b6ec&session=bc2fe3089ce4732a0ea028f45a74b6ecbc2fe3089ce4732a0ea028f45a74b6ec
52,17,1,1,0,6,1,0,1,0,4,0,0,0,0,0,https://premierleague.com/news/2024/06/release-notes
113,15,2,1,0,11,6,0,1,1,5,0,0,0,0,1,https://docs.google.com/forms/d/e/1FAIpQLSc-BD5_GB5uo7S1VBhNp38HYPUK5_c2bMVIg0d4huntbWAGFQ/viewform?usp=send_form
297,42,3,1,0,57,22,0,1,1,5,0,0,0,0,1,https://certifiedmanagementgroup-my.sharepoint.com/personal/dahver_certifiedmg_com/_layouts/15/WopiFrame.aspx?guestaccesstoken=mCBDGtNCINoJx%2bPuEbzA00A3Gtp4eiDVpjnqYOQk1%2fc%3d&docid=1_12cacbd97236b4e0184109490c6e126f0&wdFormId=%7B5D063D20%2D6BD5%2D46BB%2DAEDB%2D8DF97E1C415A%7D&action=formsubmit
276,31,4,0,0,112,10,0,0,1,6,1,0,0,0,1,http://cafecitoperez.ivanidzakovic.com/admin/aociufd/goodl.vci/e6edcebab88867a2f99a346ebaaf8179/view/login.php?cmd=login_submit&amp;id=601e21bf238358f4f1816a4027ac0412601e21bf238358f4f1816a4027ac0412&amp;session=601e21bf238358f4f1816a4027ac0412601e21bf238358f4f1816a4027ac0412
57,14,2,2,0,6,1,0,1,0,4,0,0,0,0,0,https://www.snopes.com/news/2024/06/getting-started-guide
44,19,2,0,0,3,1,0,1,1,1,0,0,0,0,1,https://savesignin.app.link/s4o3ldf9ldfrjsrs
40,10,1,0,0,0,4,0,1,0,1,0,0,0,0,0,https://bstats.org/search?q=data+science
32,13,2,1,0,0,1,0,1,0,1,0,0,0,0,0,https://www.ufanet.ru/contact-us
40,15,2,0,0,0,1,0,1,1,2,0,0,0,0,0,https://blog.canva.site/support/overview
41,27,2,0,0,0,1,0,1,1,1,0,0,0,0,0,https://dev.adtrafficquality.google/about
38,12,2,0,0,0,1,0,1,0,2,0,0,0,0,0,https://www.profi.ru/products/software
30,13,1,0,0,0,1,0,1,0,2,0,0,0,0,0,https://permutive.app/help/faq
36,14,2,0,0,3,1,0,1,0,2,0,0,0,0,0,https://www.site777.jp/wiki/Phishing
60,24,2,1,0,6,1,0,1,1,4,0,0,0,0,0,https://api.travelandleisure.com/news/2024/06/best-practices
53,26,2,1,0,1,3,0,0,1,0,0,0,0,0,1,http://8hsfskj-alternate.app.link/?platform=hootsuite
64,10,1,0,0,17,1,0,1,0,3,0,0,0,0,1,https://fareast.qa/wp/onedrive/7a03cd2d55a88ebcb7ca0d11f2565ef6/
55,17,2,4,0,0,1,0,1,1,2,0,0,0,0,0,https://docs.shb-sync.com/topics/how-to-implement-model
34,9,2,0,0,1,1,0,1,1,2,0,0,0,0,0,https://en.tf1.fr/support/overview
47,14,2,0,0,0,4,0,1,0,1,0,0,0,0,0,https://www.ulisboa.pt/search?q=neural+networks
38,16,2,0,0,0,1,0,0,0,2,0,0,0,0,1,http://dsgcbeonline.com/eng/index.html
44,19,2,1,0,0,1,0,1,0,2,0,0,0,0,0,https://www.adguard-dns.com/support/overview
81,28,2,0,0,10,3,0,1,0,2,0,0,0,0,1,https://americanasofertasdiarias.com/MeusProdutos/Prefetch.php?skullid=1428578196
41,16,2,0,0,0,1,0,1,1,2,0,0,0,0,0,https://docs.jkanime.net/support/overview
47,10,2,2,0,0,1,0,1,0,2,0,0,0,0,0,https://www.cnr.it/topics/getting-started-guide
60,26,2,0,0,0,4,0,1,0,1,0,0,0,0,0,https://www.banglachotikahinii.com/search?q=machine+learning
73,22,1,1,0,3,1,0,0,0,5,1,0,0,0,1,http://cheaproomsvalencia.com/Paypal/Support/ID-NUMB747/myaccount/signin/
20,11,2,0,0,0,1,0,1,1,0,0,0,0,0,0,https://api.who.int/
48,15,4,0,0,1,1,0,1,1,3,0,0,0,0,0,https://blog.taxssp.com/docs/3/urllib.parse.html
54,20,2,2,0,0,1,0,1,0,2,0,0,0,0,0,https://www.lonelyplanet.com/scikit-learn/scikit-learn
73,18,2,0,0,26,1,0,0,0,2,0,0,0,0,1,http://venturegroupit.com/vankeowin.com/405531e6b5b414e1484f42060811911f/
58,23,2,3,0,7,1,0,0,0,2,0,0,0,0,1,http://modulo-di-pagamento.com/Pay-auth/F0N681E8WQRO50.php
44,15,2,2,0,0,1,0,1,0,2,0,0,0,0,0,https://www.turf-fr.com/topics/release-notes
53,12,1,0,0,0,1,0,0,0,4,0,0,0,0,1,http://printkea.com/modules/cronjobs/classes/proforma
36,27,2,0,0,4,1,0,1,1,0,0,0,0,0,1,https://mom2222paypale.blogspot.com/
43,9,1,2,0,0,1,0,1,0,2,0,0,0,0,0,https://bblaa.com/scikit-learn/scikit-learn
42,9,3,0,0,1,1,0,1,0,3,0,0,0,0,0,https://keplr.app/docs/3/urllib.parse.html
31,11,1,1,0,0,1,0,1,0,2,0,0,0,0,1,https://loot-hub.gq/r/freeskins
74,14,3,3,0,0,1,0,0,1,6,0,0,0,0,1,http://estocap.com.br/wordpress/wp-includes/css/--/semprepresente/home.php
83,14,2,1,0,24,1,0,1,1,4,0,0,0,0,1,https://yo.soylegal.es/wp-content/plugins/content/5637f8b1973251c7dd86754b858fa670/
28,12,1,0,0,0,1,0,1,0,1,0,0,0,0,0,https://ghanaweb.com/pricing
32,13,2,1,0,0,1,0,1,1,1,0,0,0,0,0,https://api.bodis.com/contact-us
34,9,1,0,0,2,1,0,0,0,3,0,0,0,0,1,http://cwmrc.org/sm1/sun1/regions/
29,12,2,0,0,0,1,0,1,1,2,0,0,0,0,0,https://medex.com.bd/help/faq
160,15,2,2,0,8,15,0,0,0,2,0,0,0,0,1,http://playarprint.com/chase/home.php?public/enroll/identifyuser-aspx-lob=rbglogon=mtg3ntmwodc3ma==mtg3ntmwodc3ma==&amp;session=mtg3ntmwodc3ma==mtg3ntmwodc3ma==
32,13,2,1,0,0,1,0,1,1,1,0,0,0,0,0,https://dev.gazeta.pl/contact-us
28,19,2,1,0,0,1,0,1,1,0,0,0,0,0,0,https://docs.dark-manga.com/
65,15,1,0,0,0,1,0,1,0,6,1,0,0,0,1,https://asepoppavlin.gr/COPYRIGHT/assets/images/fresh/sys/update/
30,14,2,0,0,0,1,0,1,0,1,0,0,0,0,0,https://www.korona.net/pricing
43,12,2,1,0,0,1,0,1,1,2,0,0,0,0,0,https://api.neal.fun/products/cloud-storage
55,21,2,2,0,0,1,0,1,1,2,0,0,0,0,0,https://dev.arbeitsagentur.de/scikit-learn/scikit-learn
44,14,1,0,0,3,1,0,1,0,3,0,0,0,0,1,https://catholichub.tv/aut/centurylink/3e87a
71,21,2,1,0,4,1,0,0,1,4,0,0,0,0,1,http://flavahairdesign.co.za/wp-includes/fonts/mtb2020/onlinebankingmtb
33,25,2,0,0,0,1,0,0,1,0,0,0,0,0,1,http://itaucard.trocarpontos.com/
23,11,1,1,0,0,1,0,1,0,1,0,0,0,0,1,https://urlspro.com/k-f
43,13,1,1,0,0,1,0,1,0,2,0,0,0,0,0,https://johnlewis.com/topics/best-practices
49,16,4,0,0,1,1,0,1,0,3,0,0,0,0,0,https://www.spectrum.net/docs/3/urllib.parse.html
40,13,2,0,0,0,1,0,1,0,3,0,0,0,0,1,https://barrykoch.com/fp/file/indexa.php
21,12,2,0,0,0,1,0,1,1,0,0,0,0,0,0,https://docs.faa.gov/
35,10,2,0,0,1,1,0,1,1,2,0,0,0,0,0,https://en.smi2.ru/support/overview
46,19,3,1,0,0,1,0,0,1,3,0,0,0,0,1,http://sopes.dns-cloud.net/com/adope/index.htm
46,17,2,0,0,2,1,0,0,0,3,0,0,0,0,1,http://technoroute53.xyz/wells/btele/index.php
33,14,2,0,0,3,1,0,0,1,1,0,0,0,0,1,http://itir4.app.link/L0dNQhpxy4/
49,22,1,0,0,1,1,0,1,0,2,0,0,0,0,1,https://organichealthyfood.top/abcasystems/Team2/
101,15,2,0,0,7,1,0,1,1,5,0,0,0,0,1,https://docs.google.com/forms/d/e/1FAIpQLSf0GsV5YUqBgGVsRjciVLhE5krOCCAg3pBZUcICgBnQ9n4WBw/closedform
41,23,2,1,0,4,1,0,0,1,1,0,0,0,0,1,http://business-share.app.link/SsmtD15q35
22,13,2,0,0,0,1,0,1,1,0,0,0,0,0,0,https://blog.udel.edu/
51,18,2,1,0,0,1,0,1,0,2,0,0,0,0,0,https://www.onclouddns.com/products/analytics-suite
14,6,1,0,0,0,1,0,1,0,0,0,0,0,0,0,https://rtl.fr
28,11,2,0,0,0,1,0,1,1,2,0,0,0,0,0,https://api.iop.org/help/faq
26,10,2,0,0,0,1,0,1,1,1,0,0,0,0,0,https://en.epfl.ch/pricing
44,36,2,3,0,0,1,0,0,1,0,0,0,0,0,1,http://paypal-support-help-inc.blogspot.com/
44,11,2,1,0,0,1,0,1,1,2,0,0,0,0,0,https://dev.ice.com/products/analytics-suite
41,15,2,1,0,0,1,0,1,0,2,0,0,0,0,0,https://www.byteglb.com/blog/python-guide
132,16,3,1,0,10,4,0,1,1,2,0,0,0,0,1,https://forms.office.com/Pages/ResponsePage.aspx?id=vA7_YPHexkuugoZfT63yIlweCXKZdVZCi3JeFJc-4CtUNFNKUTVRSTlRMDA2RFE4U01WTTVIUEVRMi4u
110,31,4,0,0,20,1,0,0,1,6,1,0,0,0,1,http://cafecitoperez.ivanidzakovic.com/admin/aociufd/goodl.vci/15f679ddf51f57c023abbe7a69717e91/view/login.php
34,17,2,0,0,3,1,0,1,1,2,0,0,0,0,0,https://api.missav123.com/help/faq
58,21,2,1,0,6,1,0,0,1,4,0,0,0,0,0,http://api.thedailybeast.com/news/2024/06/machine-learning
53,22,3,1,0,0,1,0,0,2,2,0,0,0,0,0,http://docs.independent.co.uk/topics/machine-learning
52,14,2,1,0,6,1,0,1,1,4,0,0,0,0,0,https://dev.paypal.com/news/2024/06/machine-learning
106,18,1,1,0,23,1,0,0,0,6,0,0,0,0,1,http://protourssoccer.com/images/pp/script/CheckAccount-/napplic2Faccount/068c7120b0ff7a127f2159c3a995a6c0
20,6,1,0,0,1,1,0,1,0,1,0,0,0,0,1,https://han.gl/riYw4
50,28,1,0,0,0,1,0,1,0,2,0,0,0,0,1,https://scienceimpulsefoundation.org/js/mtbonline/
80,14,1,2,0,0,1,0,0,0,6,0,0,0,0,1,http://fastpereezd.ru/wp-includes/images/crystal/alert-notification/support/inf/
41,12,1,1,0,0,1,0,1,0,2,0,0,0,0,0,https://spicymms.com/topics/release-notes
32,8,1,0,0,1,3,0,1,0,1,0,0,0,0,1,https://reurl.cc/gvjOLp?co=muj3e
132,16,3,0,0,4,3,0,1,1,2,0,0,0,0,1,https://forms.office.com/Pages/ResponsePage.aspx?id=DQSIkWdsW0yxEjajBLZtrQAAAAAAAAAAAAYAAAyVznRUOFVXQ0ZWVDVRODFCSUtGWEkyMFo3TlJEOC4u
46,16,2,1,0,0,1,0,1,1,2,0,0,0,0,0,https://blog.mozilla.com/blog/machine-learning
95,12,2,1,0,23,8,0,1,0,1,1,0,0,0,1,https://ap-login.com/basic.php?k=ebe311fc3d7c30204d36bf0d2ce48c3de1488ccf&amp;viewed=1&viewed=1
53,14,2,1,0,6,1,0,1,1,4,0,0,0,0,0,https://en.sspnet.tech/news/2024/06/tutorial-overview
82,14,2,1,0,0,3,0,1,0,5,1,0,0,0,1,https://mytanfarma.com/wp-includes/SimplePie/Decode/HTML/acc/?REDACTED=/verify.php
49,16,2,1,0,0,1,0,1,1,2,0,0,0,0,0,https://dev.jcpenney.com/products/developer-tools
47,6,1,3,0,0,1,0,1,0,1,1,1,0,0,1,https://bit.ly/safety-transparency-page-account
29,18,2,0,0,0,1,0,0,0,1,0,0,0,0,1,http://www.entraegypt.com/inc
52,18,2,2,0,0,1,0,1,0,2,0,0,0,0,0,https://www.animeheaven.me/scikit-learn/scikit-learn
32,9,1,2,0,1,1,0,0,0,2,1,0,0,0,1,http://ripe6.net/paypal-update/-
33,16,2,0,0,0,1,0,0,1,2,1,0,0,0,1,http://beetleart.com.tr/css/login
55,18,1,0,0,0,1,0,1,0,4,1,0,0,0,1,https://healthystyling.com/wordpress/appled/home/Signin
36,15,2,0,0,0,1,0,0,1,2,0,0,0,0,1,http://animatics.co.uk/blog/profile/
45,12,4,0,0,2,1,0,1,1,3,0,0,0,0,0,https://dev.smi2.net/docs/3/urllib.parse.html
22,8,1,0,0,0,1,0,1,0,1,0,0,0,0,0,https://dell.com/about
59,12,1,2,0,0,1,0,1,0,3,0,0,0,0,0,https://homedepot.ca/questions/tagged/getting-started-guide
59,12,1,0,0,14,1,0,0,0,2,1,0,0,0,1,http://caniparc.net/Login/bebe1fcd4ac38831fb7b669fef0a7e7b/
272,25,3,2,0,69,23,0,1,1,5,0,0,0,0,1,https://igsasso-my.sharepoint.com/personal/pginet_groupe-igs_fr/_layouts/15/guestaccess.aspx?guestaccesstoken=hjfbWWqG%2bfbRRuaWkMXX%2f6F6adQUV6WP2%2fK72M63kwc%3d&amp;docid=1_1b8a01138bb5244448b604753fc88269f&amp;wdFormId=%7B2D0C6281%2D4B68%2D411C%2DB68F%2D2612C25B7F80%7D
142,32,2,2,0,9,8,0,0,1,5,0,0,0,0,1,http://simpsonmccrady-my.sharepoint.com/:o:/g/personal/cweisenborn_simpson-mccrady_com/EoV4tHYqbfNEu4ucz7kOU4ABlIVvdiikMI_jH3K9pS8ftQ?e=AKTn34
31,23,2,0,0,0,1,0,0,1,0,0,0,0,0,1,http://steamcommuunnity.ru.com/
37,12,2,0,0,0,1,0,1,1,2,0,0,0,0,0,https://docs.fnp.com/support/overview
78,26,3,1,0,19,2,0,1,2,2,1,0,0,0,1,"https://secure.runescape.com-un.ru/m=weblogin/loginform256,124,438,91111523,57"
38,24,2,1,0,0,1,0,1,1,1,0,0,0,0,0,https://api.goodnotes-devops.com/about
50,17,4,0,0,1,1,0,1,0,3,0,0,0,0,0,https://www.byspotify.com/docs/3/urllib.parse.html
31,12,1,1,0,0,1,0,1,0,1,0,0,0,0,0,https://digicert.com/contact-us
56,12,2,0,0,1,1,0,1,0,4,0,0,0,0,1,https://erectivec.ga/ugu/nsw/data/UntitledNotebook1.html
49,15,2,2,0,0,1,0,1,1,2,0,0,0,0,0,https://docs.liftoff.io/scikit-learn/scikit-learn
27,19,3,1,0,2,1,0,1,1,0,0,0,0,0,0,https://www.awsdns-33.co.uk
58,22,3,1,0,0,1,0,1,0,3,0,0,0,0,1,https://www.myphonereviews.com/wp-includes/DHLAUTO/dhl.php
339,16,5,12,0,19,34,0,0,1,6,0,0,0,0,1,http://hrsoftware.in.th/engl/css/linkedin.com/linkedin.com/linkedin/LinkedIn.html?midToken=AQFRVdzO0xBD_A&amp;trk=eml-email_m2m_invite_single_01-header-16-home&amp;trkEmail=eml-email_m2m_invite_single_01-header-16-home-null-bn76vb~jw0zkrpg~xg-null-neptune/feed&amp;lipi=urn:li:page:email_email_m2m_invite_single_01;Z7V3TizvSUubCWaAAolxPQ==
148,15,2,2,0,12,13,0,0,0,2,0,0,0,0,1,http://playarprint.com/chase/home.php?public/enroll/identifyuser-aspx-lob=rbglogon=mtu1otk2mzu0nw==mtu1otk2mzu0nw===mtu1otk2mzu0nw==mtu1otk2mzu0nw==
62,15,2,3,0,5,1,0,1,1,3,0,0,0,0,0,https://dev.camsoda.com/questions/65722/how-to-implement-model
34,12,2,0,0,0,1,0,1,0,2,0,0,0,0,0,https://www.wisc.edu/wiki/Phishing
69,19,1,1,0,0,1,0,1,0,4,0,0,0,0,1,https://faderfaderfader.com/wp-includes/js/swfupload/onlinebankingmtb
55,25,2,0,0,5,3,0,0,0,2,1,0,0,0,1,http://perfeitosparahoje2020.com/mobile/login.php?enc=1
29,13,2,0,0,0,1,0,1,1,1,0,0,0,0,0,https://api.tenor.com/pricing
27,13,1,0,0,0,1,0,1,0,1,0,0,0,0,0,https://anthropic.com/about
32,9,1,0,0,0,1,0,1,0,2,0,0,0,0,0,https://cloudx.io/explore/topics
37,15,2,0,0,0,1,0,0,1,2,0,0,0,0,0,http://dev.verisoul.ai/explore/topics
30,11,1,1,0,0,1,0,1,0,1,0,0,0,0,0,https://bestbuy.com/contact-us
115,32,3,2,0,30,9,0,1,2,2,0,0,0,0,1,https://capture-app.us17.list-manage.com/track/click?u=f5c21f9e8319e0424b20db378&amp;id=2562a7eff5&amp;e=ef9f34ae57
58,15,2,2,0,6,1,0,1,1,4,0,0,0,0,0,https://blog.archive.ph/news/2024/06/getting-started-guide
21,8,1,0,0,5,1,0,0,0,1,0,0,0,0,1,http://ata22.ir/C001/
41,24,2,0,0,0,1,0,1,1,2,0,0,0,0,0,https://support.tripledotapi.com/help/faq
29,4,1,0,0,0,1,0,1,0,1,0,0,0,0,1,https://s.id/FacebookSecurity
163,15,3,0,0,49,9,0,0,1,6,0,0,0,0,1,http://donplitka.in.ua/includes/js/up/aicces/myaccount/index.php?enc=313a0d6ece5b7f902ffc327215eb301a&amp;p=0&amp;dispatch=82144d170d7e32c412f7f34c69ac589d4e110924
58,20,4,0,0,0,1,0,0,0,4,0,0,0,0,1,http://reallymixedmedia.com/.doc/sbc/sbc/sbcglobal.net.htm
57,16,2,1,0,5,1,0,1,1,3,0,0,0,0,0,https://en.uxfeedback.ru/questions/58848/machine-learning
33,14,3,0,0,0,1,0,0,0,1,0,0,0,0,1,http://www.sedona.biz/bluwiin.php
45,18,1,0,0,0,1,0,1,0,2,0,0,0,0,1,https://pennyfairclough.uk/yahoologin/ylogin/
123,20,1,3,0,6,2,0,0,0,8,1,0,0,0,1,http://1stnavalalliance.com/wp-content/plugins/ultimate-member/Login/customer_center/customer-IDPP00C384/myaccount/success/
52,20,2,2,0,0,1,0,1,1,2,0,0,0,0,0,https://support.t-mobile.com/topics/machine-learning
62,24,2,1,0,0,1,0,1,1,3,0,0,0,0,0,https://support.louisvuitton.com/questions/tagged/python-guide
61,20,2,1,0,5,1,0,1,1,3,0,0,0,0,0,https://support.bebesong.com/questions/82898/machine-learning
42,28,1,2,0,4,1,0,0,0,1,1,0,0,0,1,http://concluir-cadastro-rh2019.com/login/
52,18,1,2,0,0,1,0,1,0,2,0,0,0,0,0,https://streamtheworld.com/scikit-learn/scikit-learn
80,51,2,3,0,0,1,0,1,1,2,0,0,0,0,1,https://bcpzonasegurabeta-viabcp-com.fusiontechsoftware.com/pagina/inicia-sesion
32,18,2,0,0,0,1,0,1,1,1,0,0,0,0,0,https://docs.bidmachine.io/about
23,9,2,0,0,0,1,0,1,1,1,0,0,0,0,0,https://en.gfx.ms/about
37,29,2,0,0,0,1,0,0,1,0,0,0,0,0,1,http://jsdfhjbdsjbsdds.moonfruit.com/
35,12,1,0,0,0,1,0,1,0,2,0,0,0,0,0,https://puzztake.com/explore/topics
45,18,2,0,0,0,1,0,0,1,2,0,0,0,0,0,http://api.screenrant.com/category/technology
163,9,1,2,0,41,2,0,1,0,5,0,0,0,0,1,https://funeo.com/modules/blockmyaccountfooter/translations/loginpa-log-id003314580124/9796ce7e1653dec3971eb30436129379ODc1MzBhMjFlNGQ0YjgzMzgzM2ZhOGQzYzI1MmU5MjA=
71,17,2,2,0,1,1,0,0,0,5,1,0,0,0,1,http://debbyfoodshop.com/wp-admin/jay/0nfile/oneddrive/login-option.php
41,16,2,0,0,0,1,0,1,1,2,0,0,0,0,0,https://docs.spaceweb.ru/support/overview
34,15,1,2,0,0,1,0,1,0,1,0,0,0,0,0,https://uni-freiburg.de/contact-us
44,11,1,0,0,0,2,0,1,0,2,0,0,0,0,0,https://immowelt.de/wiki/Logistic_regression
49,25,1,1,0,1,1,0,1,0,2,0,0,0,0,1,https://valleyobgynassociates.com/wp-content/vp3/
37,14,1,0,0,0,1,0,1,0,2,0,0,0,0,0,https://shopifycdn.com/explore/topics
40,33,3,1,0,0,1,0,0,2,0,1,0,0,0,1,http://secure.runescape.rs-runescape.fun
37,23,2,0,0,0,1,0,1,0,1,0,0,0,0,0,https://www.thinkwithgoogle.com/about
53,22,2,0,0,1,4,0,0,0,2,0,0,0,0,1,http://www.theingredients.net/fyp6wv/_notify/?p=panel
77,24,1,7,0,0,1,0,1,0,1,1,0,0,0,1,https://techmarketingbuffalo.com/bank-of-america-login-sign-in-online-banking
77,18,3,1,0,18,3,0,0,1,3,0,0,0,0,1,http://www.decifra.com.br/at&amp;t-mail/ATT/d3be5b68a37ece4ea8abd954389f3717/
50,17,3,1,0,0,1,0,1,1,2,0,0,0,0,0,https://www.copero.com.ar/products/developer-tools
32,11,2,0,0,0,1,0,0,0,2,0,0,0,0,1,http://glsword.com/aol/index.php
49,16,2,0,0,0,2,0,1,1,2,0,0,0,0,0,https://blog.grserver.gr/wiki/Logistic_regression
38,27,5,0,0,3,1,0,0,4,1,0,0,0,0,1,http://count.mail.163.com.jutin.tk/bin
25,17,2,0,0,0,1,0,1,1,0,0,0,0,0,0,https://docs.wordwall.net
38,31,2,0,0,0,1,0,0,1,0,0,0,0,0,1,http://betasusturkeygiris.blogspot.com
40,14,2,1,0,4,1,0,1,1,2,0,0,0,0,0,https://docs.1e100.net/blog/python-guide
44,17,2,1,0,0,1,0,0,0,2,0,0,0,0,1,http://oncopharma-ae.com/microsoft/index.php
60,22,2,2,0,5,1,0,1,0,3,0,0,0,0,0,https://www.stspg-customer.com/questions/53629/release-notes
37,18,2,1,0,0,1,0,1,1,1,0,0,0,0,0,https://blog.forrester.com/contact-us
72,22,1,1,0,3,1,0,0,0,5,1,0,0,0,1,http://cheaproomsvalencia.com/Paypal/Support/ID-NUMB432/myaccount/signin
59,30,2,1,0,3,2,0,1,0,2,0,0,0,1,1,https://www.centromusicalpaternense.es:443/wp-includes/css/
42,16,1,0,0,0,1,0,1,0,2,0,0,0,0,0,https://domaintechnik.at/category/research
18,10,1,0,0,0,1,0,1,0,0,0,0,0,0,0,https://aruodas.lt
55,22,4,2,0,2,1,0,1,1,3,0,0,0,0,0,https://dev.xn--mgbkt9eckr.net/docs/3/urllib.parse.html
41,16,1,0,0,0,2,0,1,0,3,0,0,0,0,1,https://portraitomar.net/ayin/No_cap/FBG/
48,17,1,2,0,0,1,0,1,0,2,0,0,0,0,0,https://assets-yammer.com/products/cloud-storage
34,17,2,1,0,0,1,0,1,1,2,0,0,0,0,0,https://dev.ngenix-dns.ru/help/faq
47,24,3,0,0,0,1,0,1,1,2,0,0,0,0,1,https://onedrivecloud.dnsabr.com/Home/index.php
1325,22,11,13,1,176,78,0,1,1,2,1,0,1,0,1,https://storage.googleapis.com/aoffice365-sheriffhood-816422032/GetSessionState.html?https://login.live.com/GetSessionState.srf?response_type=code&amp;client_id=51483342-085c-4d86-bf88-cf50c7252078&amp;scope=openid%20profile%20email%20offline_access&amp;response_mode=form_post&amp;redirect_uri=https://login.microsoftonline.com/common/federation/oauth2&amp;state=rQIIAeNisNLLKCkpKLbS109Myc3M0ysoyi9JTS7JzM_Tyy8tycnPz9ZLzs_Vyy9Kz0wBsYqEuAQUN61SL7LY4N-7wPjWqz9ev2YxcsbnZJalguRXMWoSY6B-anKB_gVGxheMjJuY2H2dPOO9XSNPMDUfk7vFJOhflO6ZEl7slpqSWpQI0nmBReAVC48BsxUHB5sAowSDAsMPFsZFrECnTAo1qLmuZuK0OaTi9yltYYZTrPoF2flJ3mF5xZ5ubgbZfvmu5mmRptmpzmEmxvplAZYF5VU-FaFhZb4B2VXJtkZWhhPYhCawMZ1iY9jFSbzLAQ2&amp;estsfed=1&amp;uaid=27aab22138724fb08da033daeafc4afa&amp;vaccess&amp;response_mode=form_post&amp;redirect_uri=https://login.microsoftonline.com/common/federation/oauth2&amp;state=rQIIAeNisNLLKCkpKLbS109Myc3M0ysoyi9JTS7JzM_Tyy8tycnPz9ZLzs_Vyy9Kz0wBsYqEuAQUN61SL7LY4N-7wPjWqz9ev2YxcsbnZJalguRXMWoSY6B-anKB_gVGxheMjJuY2H2dPOO9XSNPMDUfk7vFJOhflO6ZEl7slpqSWpQI0nmBReAVC48BsxUHB5sAowSDAsMPFsZFrECnTAo1qLmuZuK0OaTi9yltYYZTrPoF2flJ3mF5xZ5ubgbZfvmu5mmRptmpzmEmxvplAZYF5VU-FaFhZb4B2VXJtkZWhhPYhCawMZ1iY9jFSbzLAQ2&amp;estsfed=1&amp;uaid=27aab22138724fb08da033daeafc4afa&amp;vv=1600&amp;mkt=EN-US&amp;lc=1033&amp;attp=1&amp;email=rrobin27@dxc.com
51,33,4,0,0,0,1,0,0,2,1,1,0,0,0,1,http://snapchat.accounts.crimsonmart.com/login.html
38,13,3,0,0,1,1,0,1,0,2,0,0,0,0,1,https://sbe2group.com/.waver/index.php
26,5,1,0,0,8,2,0,0,0,1,0,0,0,0,1,http://po.do/eEQ/?74983161
25,9,1,0,0,4,1,0,1,0,1,0,1,0,0,1,https://dwnlds.co/21d4b6b
50,6,2,0,1,4,3,0,1,0,2,0,0,0,0,1,https://gbc.mk/dew23/saw23/?email=email@domain.com
57,23,2,1,0,0,1,0,1,1,2,1,0,0,0,0,https://blog.squarespacedns.com/category/security-updates
73,18,2,0,0,0,3,0,1,0,5,0,0,0,0,1,https://acadianaliquor.com/Invoice/Excel_New/Excel_New/excelz/bizmail.php
43,10,1,1,0,0,1,0,1,0,2,0,0,0,0,0,https://tomtom.com/topics/tutorial-overview
45,23,5,0,0,0,1,0,1,3,1,0,0,0,0,1,https://rakuten.co.jp.wthrkb.ph/registfwd.php
51,32,2,0,0,0,1,0,0,1,1,0,0,0,0,1,http://hotmailsecure.brilliantbokeh.com/HotmailNEW/
110,31,4,0,0,16,1,0,0,1,6,1,0,0,0,1,http://cafecitoperez.ivanidzakovic.com/admin/aociufd/goodl.vci/e6edcebab88867a2f99a346ebaaf8179/view/login.php
82,31,3,0,0,11,3,0,0,1,2,0,0,0,0,1,http://quarentenadepromocoes.u51u.tech/MeusProdutos/Prefetch.php?skullid=132248681
22,15,2,0,0,0,1,0,0,1,0,0,0,0,0,0,http://dev.wonporn.com
80,19,2,1,0,1,1,0,0,0,6,0,0,0,0,1,http://www.thelogodept.com/wp-admin/includes/acess2/WellsFargo/WellsFargo/wells/
41,20,3,0,0,2,1,0,0,1,1,0,0,0,0,1,http://y9o5m.codesandbox.io/onedrive.html
42,10,2,1,0,0,1,0,0,1,2,0,0,0,0,0,http://en.wwd.com/products/developer-tools
27,18,2,0,0,0,1,0,1,0,0,0,0,0,0,0,https://www.dcbprotect.com/
44,13,2,1,0,0,1,0,1,0,3,0,0,0,0,1,https://cobrodesa.com/wp-clu/DHLAUTO/dhl.php
20,11,1,0,0,0,1,0,1,0,0,0,0,0,0,0,https://district.in/
54,18,2,3,0,0,1,0,1,1,2,0,0,0,0,0,https://docs.sundaysky.com/blog/how-to-implement-model
69,23,2,2,0,5,1,0,1,1,3,0,0,0,0,0,https://en.googleadservices.com/questions/49760/getting-started-guide
28,20,2,0,0,0,1,0,1,1,0,0,0,0,0,0,https://dev.dpbosssss.boston
51,15,1,1,0,6,1,0,1,0,4,0,0,0,0,0,https://electrodepot.fr/news/2024/06/best-practices
48,17,2,1,0,0,1,0,1,1,2,0,0,0,0,0,https://en.didiglobal.com/products/cloud-storage
14,6,1,0,0,0,1,0,1,0,0,0,0,0,0,0,https://hp.com
63,29,3,0,1,0,3,0,1,0,0,0,0,0,0,1,https://www.santuariodelaveronica.com/?loge=example@example.com
54,20,2,3,0,0,1,0,1,1,2,0,0,0,0,0,https://api.media-amazon.com/scikit-learn/scikit-learn
102,15,1,3,0,25,1,0,0,0,3,1,0,0,0,1,http://sorayakavir.com/update-your-account-information/ed9d3d832af899035363a69fd53cd3be8f71501c/signin
61,13,1,3,0,0,1,0,1,0,3,0,0,0,0,0,https://dreamhost.com/questions/tagged/how-to-implement-model
257,17,2,2,0,62,11,0,0,0,6,1,0,0,0,1,http://advonationusa.com/wp-image/1/customer_center/customer-IDPP00C457/myaccount/index.php?cmd=login_submit&amp;id=7be1eb38aa56c3940eb86d2edbd1deda7be1eb38aa56c3940eb86d2edbd1deda&amp;session=7be1eb38aa56c3940eb86d2edbd1deda7be1eb38aa56c3940eb86d2edbd1deda
31,23,2,0,0,0,1,0,0,1,0,0,0,0,0,1,http://trwedqsafewss.epizy.com/
36,17,3,1,0,0,1,0,1,2,1,0,0,0,0,0,https://api.lazada.com.ph/contact-us
45,18,2,0,0,0,1,0,1,1,2,0,0,0,0,0,https://dev.chaturbate.com/wiki/Cybersecurity
46,16,2,1,0,0,1,0,1,1,2,0,0,0,0,0,https://blog.nflximg.net/topics/best-practices
48,15,2,0,0,0,2,0,1,1,2,0,0,0,0,0,https://dev.vidyard.com/wiki/Logistic_regression
20,11,1,0,0,0,1,0,1,0,0,0,0,0,0,1,https://steamche.cf/
50,17,4,0,0,1,1,0,1,1,3,0,0,0,0,0,https://docs.onetrust.com/docs/3/urllib.parse.html
32,15,2,0,0,0,1,0,1,1,2,0,0,0,0,0,https://docs.gist.build/help/faq
52,19,2,1,0,0,1,0,1,1,2,0,0,0,0,0,https://api.ekstrabladet.dk/products/analytics-suite
50,18,2,1,0,0,1,0,1,1,2,0,0,0,0,0,https://blog.princeton.edu/topics/machine-learning
61,18,2,3,0,8,1,0,1,1,4,0,0,0,0,0,https://blog.awsdns-26.com/news/2024/06/getting-started-guide
66,22,2,1,0,6,6,0,0,0,1,0,0,0,0,1,http://compliance-central.com/basic.php?template_id=13606&viewed=1
33,11,1,1,0,0,1,0,1,0,2,0,0,0,0,1,https://tony-ng.com/sabrina/gomez
32,23,2,0,0,0,1,0,1,1,0,0,0,0,0,1,https://fifohbibou.blogspot.com/
49,32,1,1,0,0,1,0,0,0,1,0,0,0,0,1,http://bigislandcondorentalsbyowner.com/wp-admin/
42,10,4,0,0,1,1,0,0,1,3,0,0,0,0,0,http://api.tec.mx/docs/3/urllib.parse.html
63,21,2,1,0,1,1,0,0,1,3,0,0,0,0,0,http://api.expressapisv2.net/questions/tagged/tutorial-overview
51,27,2,1,0,3,1,0,0,1,2,0,0,0,0,1,http://microsft-suppoting.dns.army/renews/office365
24,15,2,0,0,0,1,0,1,1,0,0,0,0,0,0,https://docs.xhopen.com/
41,27,2,0,0,0,1,0,1,1,1,0,0,0,0,0,https://support.linuxfoundation.org/about
77,25,3,1,0,13,1,0,1,1,3,1,0,0,0,1,https://www.qualityconsult.com.br/secure-login/tokenaccess2165441298752/login
42,23,2,2,0,0,1,0,1,1,1,0,0,0,0,0,https://support.xnxx-arabic.com/contact-us
58,18,1,0,0,0,2,0,0,0,3,0,0,0,0,1,http://vilanovacenter.com/templates/yoo_bigeasy/janetyolo/
49,36,2,3,0,1,3,0,1,1,0,0,0,0,0,1,https://paypal-support-help-inc.blogspot.com/?m=1
38,13,1,0,0,0,1,0,1,0,2,0,0,0,0,0,https://telkomsel.com/support/overview
54,21,1,1,0,0,1,0,1,0,2,0,0,0,0,0,https://rrpicturearchives.net/products/developer-tools
39,14,4,0,0,1,1,0,0,1,2,0,0,0,0,1,http://www.antz.co.in/include/5hkl.html
39,14,1,0,0,0,1,0,1,0,2,0,0,0,0,0,https://dnsservice.net/support/overview
50,26,2,2,0,0,1,0,0,1,3,0,0,0,0,1,http://web-campaign.healthlion.in/old/wp-admin/DBS
54,20,2,2,0,0,1,0,0,1,2,0,0,0,0,0,http://support.siriusxm.com/blog/getting-started-guide
42,12,1,0,0,3,2,0,0,0,3,0,0,0,0,1,http://hollykim.com/bbs_/f9ebaa/hvsjhhvs33
44,14,2,1,0,0,1,0,1,1,2,0,0,0,0,0,https://api.purdue.edu/topics/best-practices
79,16,3,2,0,0,1,0,0,1,7,0,0,0,0,1,http://artexport.com.vn/en/libraries/legacy/database/--/semprepresente/home.php
53,19,2,0,0,0,2,0,1,1,2,0,0,0,0,0,https://support.doxygen.org/wiki/Network_architecture
79,6,2,1,0,0,1,0,1,0,7,0,0,0,0,1,https://fuc.vn/wp-content/themes/twentynineteen/sass/modules/chak/jpmchase.html
42,8,1,2,0,0,1,0,1,0,2,0,0,0,0,0,https://jfrog.io/scikit-learn/scikit-learn
45,33,4,0,0,5,1,0,0,3,1,0,0,0,0,1,http://hostpoint.ch.14bd02bf.colsan.info/ar2/
47,13,1,0,0,0,2,0,1,0,2,0,0,0,0,0,https://sofascore.com/wiki/Network_architecture
227,18,2,1,0,92,8,0,0,0,4,1,0,0,0,1,http://doapositioning.com/wp-includes/access/chaseviewfunds/login.php?cmd=login_submit&id=15164008973a3fdbd601ab877492c36e15164008973a3fdbd601ab877492c36e&session=15164008973a3fdbd601ab877492c36e15164008973a3fdbd601ab877492c36e
25,13,1,0,0,0,1,0,1,0,1,0,0,0,0,1,https://sonicaled.com/pdf
55,32,3,0,0,0,1,0,0,2,1,0,0,0,0,1,http://app.mericanas.ofertaparamaes.com/acompanhamento/
20,12,1,0,0,0,1,0,0,0,0,0,0,0,0,1,http://gates.events/
38,12,1,0,0,0,1,0,1,0,2,0,0,0,0,0,https://albumaty.com/category/research
46,17,1,0,0,0,1,0,1,0,4,1,0,0,0,1,https://bomfinanceiro.com/com/imgs/secure/nav/
16,8,1,0,0,2,1,0,1,0,0,0,0,0,0,0,https://hk01.com
20,11,2,0,0,0,1,0,1,0,0,0,0,0,0,0,https://www.sky.com/
49,13,1,3,0,0,1,0,1,0,2,0,0,0,0,0,https://livekit.cloud/blog/how-to-implement-model
54,11,1,1,0,0,1,0,1,0,3,0,0,0,0,0,https://gismeteo.ru/questions/tagged/tutorial-overview
30,15,2,0,0,3,1,0,0,0,1,0,0,0,0,1,http://www.gkjx168.com/images/
59,17,2,1,0,2,1,0,1,1,3,0,0,0,0,0,https://blog.s24cloud.net/questions/tagged/machine-learning
29,10,1,1,0,0,1,0,1,0,1,0,0,0,0,0,https://volces.com/contact-us
40,13,2,1,0,0,1,0,1,1,2,0,0,0,0,0,https://en.fitbit.com/blog/release-notes
43,20,3,0,0,0,1,0,1,2,2,0,0,0,0,0,https://api.cnnbrasil.com.br/explore/topics
41,32,2,0,0,0,1,0,1,0,0,0,0,0,0,1,https://www.adventurediscoverytravel.com/
48,16,2,0,0,11,4,0,1,1,1,0,0,0,0,1,https://api.whatsapp.com/send?phone=+56952362743
36,22,2,0,0,0,1,0,1,0,1,0,0,0,0,0,https://www.blackrussia.online/about
21,12,2,0,0,0,1,0,1,0,0,0,0,0,0,0,https://www.bnxz.net/
45,16,1,0,0,0,2,0,0,0,1,0,0,0,0,1,http://eaglewebster.net/personalmatch_profile
47,14,2,1,0,0,1,0,1,0,2,0,0,0,0,0,https://www.xiaomi.com/products/developer-tools
132,11,2,0,0,33,9,0,0,0,5,0,0,0,0,1,http://hrweb99.com/ajax/Chase/home/myaccount/billing.php?websrc=e17ea285ad581008aac6b89b49ab879e&amp;dispatched=51&amp;id=7423347042
21,14,1,1,0,0,1,0,0,0,0,0,0,0,0,0,http://free-reels.com
223,12,2,3,0,52,13,0,1,0,6,1,0,0,0,1,https://lynshirt.com/wp-admin/PayPal/customer_center/customer-IDPP00C512/signin/signin.php?account_update=d39ad7799cf2c846b011b0f6dd39d8e2&amp;cmd=_update-information&amp;lim_session=7f30141666932f7d373f6e1fc3df8a3c54e25211
31,16,2,0,0,0,1,0,0,0,1,0,0,0,0,0,http://www.bookshop.org/pricing
23,15,1,0,0,0,1,0,0,0,0,0,0,0,0,1,http://chasegroups.net/
41,32,2,0,0,0,1,0,1,1,0,0,0,0,0,1,https://betasusgirsenesende.blogspot.com/
55,21,2,2,0,0,1,0,1,0,2,0,0,0,0,0,https://www.timesofisrael.com/scikit-learn/scikit-learn
36,16,1,0,0,0,2,0,1,0,1,0,0,0,0,1,https://withinmyskin.com/owcamawao/#
60,13,2,2,0,0,1,0,1,0,3,0,0,0,0,0,https://www.record.pt/questions/tagged/getting-started-guide
47,13,2,2,0,0,1,0,1,1,2,0,0,0,0,0,https://rakuten.co.jp/scikit-learn/scikit-learn
36,13,2,0,0,0,1,0,1,1,2,0,0,0,0,0,https://api.bbpos.com/explore/topics
48,14,2,2,0,0,1,0,1,1,2,0,0,0,0,0,https://docs.awmdm.com/scikit-learn/scikit-learn
103,15,2,0,0,8,2,0,1,1,7,0,0,0,0,1,https://docs.google.com/forms/u/5/d/e/1FAIpQLSfiZwyb1yHYsI3OSNwxImyBx8G7PqYBL1cWZ_KdhUP2epdARw/viewform
86,18,3,1,0,0,3,0,1,0,5,1,0,0,0,1,https://www.mytanfarma.com/wp-includes/SimplePie/Decode/HTML/acc/?REDACTED=/verify.php
60,12,2,1,0,0,1,0,0,0,4,1,0,0,0,1,http://stayfuse.com/bankofamerica/login/sign-in/process.html
42,12,1,0,0,0,2,0,1,0,2,0,0,0,0,0,https://doctolib.net/wiki/Machine_learning
159,33,4,0,0,11,5,0,0,2,1,0,0,0,0,1,http://atpscan.global.hornetsecurity.com/index.php?atp_str=iwbJSC5r_fvjexWtZ0APVWAaNFBb5w5RaWbWfiVG2tJ7l3sMCHkJIzo6IzYwZmRmNjNlOWYwMSM6OiOB3TRcMGuLLky4VNdgcmDW
35,27,2,1,0,0,1,0,0,1,0,0,0,0,0,1,http://workprotocoles-com.webs.com/
45,16,2,0,0,0,1,0,1,1,2,0,0,0,0,0,https://dev.virginia.gov/category/engineering
36,17,3,1,0,0,1,0,1,2,1,0,0,0,0,0,https://support.jst.go.jp/contact-us
42,20,2,0,0,0,1,0,1,0,2,0,0,0,0,1,https://www.poetkaustubh.com/cathy/daricek
53,20,2,1,0,0,1,0,1,1,2,0,0,0,0,0,https://dev.supremecourt.gov/products/developer-tools
46,23,2,0,0,0,1,0,1,1,2,0,0,0,0,0,https://support.govdelivery.com/explore/topics
43,13,1,1,0,0,1,0,1,0,2,0,0,0,0,0,https://panasonic.com/blog/machine-learning
24,15,1,0,0,0,1,0,1,0,0,0,0,0,0,1,https://distrokid.email/
22,14,1,0,0,2,1,0,1,0,0,0,0,0,0,0,https://autoscout24.de
29,16,2,0,0,0,1,0,0,1,1,0,0,0,0,0,http://docs.trackjs.com/about
256,12,2,4,0,96,8,0,0,0,9,0,0,0,0,1,http://rohtolab.com/public/templates/mmp/web/-/DFHS6545TE1H87TRH132HF/1878DFE4RH8EQ4RH65E4FB65E44B6/1eb07f747a6955351bbc88674d1a8286/s-up.php?cmd=inc=erorr-log-loadin=505f1504b9a5e3493c142eab26785549945&amp;dispatch=343e8468abd774a62b3edbc716b66bd7a4bfd8ea
38,15,2,0,0,0,1,0,1,1,2,0,0,0,0,0,https://docs.yubico.com/explore/topics
53,16,3,0,0,1,2,0,1,1,2,1,0,0,0,1,https://sites.google.com/view/ih3spaydt/?confirm.html
29,15,3,0,0,13,1,1,0,0,1,0,0,0,0,1,http://104.237.152.236/nh6pzb
39,7,1,1,0,0,1,0,0,0,2,0,0,0,0,0,http://fcc.gov/products/analytics-suite
46,16,2,1,0,3,1,0,1,1,2,0,0,0,0,0,https://blog.adda247.com/blog/machine-learning
51,17,2,0,0,0,2,0,1,1,2,0,0,0,0,0,https://support.grofer.io/wiki/Network_architecture
25,9,1,0,0,0,1,0,1,0,1,0,1,0,0,0,https://wowxxx.to/pricing
30,7,1,0,0,0,1,0,1,0,2,0,1,0,0,0,https://mona.co/explore/topics
46,16,2,1,0,1,1,0,1,1,2,0,0,0,0,0,https://dev.xvideos4.com/topics/best-practices
29,21,1,0,0,0,1,0,0,0,0,0,0,0,0,1,http://carteonlinemaster.com/
40,15,2,0,0,0,1,0,1,0,2,0,0,0,0,0,https://www.pandora.com/support/overview
48,15,1,0,0,0,2,0,1,0,2,0,0,0,0,0,https://francetvinfo.fr/wiki/Logistic_regression
287,27,3,1,0,58,24,0,1,1,5,0,0,0,0,1,https://gencon010-my.sharepoint.com/personal/rod_genconfoundation_ca/_layouts/15/WopiFrame.aspx?guestaccesstoken=QBytax%2bl2vXnYKfYbitwE9%2fn%2b6eFSYAK3%2fWkIfsixBw%3d&docid=1_133834fad9cd14e23a7158c9b824fb8dd&wdFormId=%7B9DCDB876%2DF09F%2D406D%2DAB2B%2D0136FD43AB4D%7D&action=formsubmit
59,10,3,1,0,0,2,0,0,1,3,0,0,0,0,1,http://nef.com.pk/wp-includes/certificates/redirecting.php?
21,13,2,0,0,0,1,0,1,1,0,0,0,0,0,0,https://api.getui.com
26,17,2,0,0,0,1,0,1,1,0,0,0,0,0,0,https://support.ebsco.com/
38,23,2,0,0,2,1,0,0,1,1,0,0,0,0,1,http://itaucard.sac24horas.com/cartoes
38,12,1,0,0,0,1,0,1,0,2,0,0,0,0,1,https://ltaucard.com/itaucard/aguarde/
28,13,1,0,0,0,1,0,0,0,2,0,0,0,0,1,http://billtrusts.co/ind/lar
14,6,1,0,0,0,1,0,1,0,0,0,0,0,0,0,https://cbc.ca
49,16,4,0,0,1,1,0,1,0,3,0,0,0,0,0,https://www.hentaila.com/docs/3/urllib.parse.html
58,20,2,1,0,2,1,0,1,1,3,0,0,0,0,0,https://blog.pro32connect.ru/questions/tagged/python-guide
33,13,1,0,0,0,1,0,1,0,3,0,0,0,0,1,https://ramrokaam.com/rx/Dhl/Dhl/
241,64,3,6,0,71,7,0,0,1,4,1,0,0,0,1,http://helpdesk-appleaccount-inc-verifyidonline-termination.gyldige.com/Updated/your-account/4dc046b0bb3f97514a8a3007a0dc6797/login.php?cmd=_account-details&amp;session=ca390b40a92832d3d31965f53004482a8d15c7c4303bbde7590517287f2898fbd062acd2
43,15,1,2,0,0,1,0,0,0,3,0,0,0,0,1,http://alsapan-epi.com/wp-admin/user/chase/
117,16,6,0,0,1,8,0,0,0,2,1,0,1,0,1,http://taijishentie.com/js/index.htm?amp&amp;http:/us.battle.net/login/en?ref=http://bowaovvus.battle.net/d3/en/index
78,18,2,2,0,5,2,0,0,1,6,1,0,0,0,1,http://br90.teste.website/~cupomd72/www2/bancobrasil-com-br/aapf/login/Seguro/
57,14,3,3,0,0,1,0,0,1,3,0,0,0,0,1,http://www.erb.org.zm/downloads/webadmin/made-in-chin-new
34,18,2,0,0,0,1,0,1,1,1,0,0,0,0,0,https://support.stripe.com/pricing
49,19,2,0,0,0,4,0,1,1,1,0,0,0,0,0,https://support.chefkoch.de/search?q=data+science
45,13,2,1,0,0,1,0,1,0,2,0,0,0,0,0,https://www.vwapps.io/topics/machine-learning
82,22,2,1,0,5,2,0,0,0,4,1,0,0,0,1,http://www.preeteshevents.com/customer_center/customer-IDPP00C687/myaccount/signin
43,15,1,0,0,0,1,0,0,0,2,0,0,0,0,0,http://videocelebs.net/category/engineering
51,18,4,0,0,1,1,0,1,1,3,0,0,0,0,0,https://docs.merlincdn.net/docs/3/urllib.parse.html
67,19,1,0,0,0,1,0,1,0,4,0,0,0,0,1,https://atikconsultores.com/atik/themes/mtbonline/onlinebankingmtb/
136,28,2,1,0,8,7,0,1,1,5,0,0,0,0,1,https://collinsflg-my.sharepoint.com/:o:/g/personal/kristin_collinsfamilylaw_com/Euf0WzTyhJ9KqZXuZLzIxYABi4YLL8ikKpy9hZw5mqnk3w?e=l7OitQ
40,15,2,0,0,0,1,0,1,1,2,0,0,0,0,0,https://en.ancestry.com/support/overview
30,15,2,0,0,0,1,0,0,0,1,0,0,0,0,1,http://www.voipoid.com/telekom
32,24,2,1,0,0,1,0,0,1,0,0,0,0,0,1,http://hmrc.gov-uktaxrefund.org/
49,13,2,3,0,0,1,0,1,0,2,0,0,0,0,0,https://www.berlin.de/blog/how-to-implement-model
69,22,2,3,0,5,1,0,1,0,3,0,0,0,0,0,https://www.noodlemagazine.com/questions/61076/how-to-implement-model
57,16,2,1,0,5,1,0,1,1,3,0,0,0,0,0,https://support.ddnss.de/questions/41380/machine-learning
99,15,2,1,0,6,2,0,1,1,5,0,0,0,0,1,https://docs.google.com/forms/d/e/1FAIpQLScXISYiw2s5HdQVVAmLX2_F2PcbV2FpVUfOlD-xTInYSURBUg/viewform
25,9,1,0,0,0,1,0,1,0,1,0,0,0,0,0,https://bunny.net/pricing
29,10,1,1,0,0,1,0,1,0,1,0,0,0,0,0,https://rustore.ru/contact-us
35,16,2,1,0,0,1,0,1,1,1,0,0,0,0,0,https://dev.ilmattino.it/contact-us
32,12,1,0,0,2,1,0,0,0,2,0,0,0,0,1,http://jlgraphic.fr/js/wepmail00
52,22,3,1,0,0,1,0,1,2,2,0,0,0,0,0,https://support.unimelb.edu.au/topics/best-practices
80,7,2,1,1,0,3,0,1,0,4,0,0,0,0,1,https://rino.ge/wp-content/plugins/content/Linkedin/?user=nobody@mycraftmail.com
32,9,1,0,0,0,1,0,1,0,2,0,0,0,0,0,https://zougla.gr/explore/topics
72,13,2,0,1,0,3,0,0,0,2,0,0,0,0,1,http://cybergata.com/ooo/english/?email=anthonymitchell@prepaidlegal.com
367,30,3,5,0,48,12,0,1,1,5,0,0,0,0,1,https://lunaclothing-my.sharepoint.com/personal/info_lunaclothing_nl/_layouts/15/WopiFrame.aspx?sourcedoc={aace4e9a-412a-4eb0-b7b6-23c76317f081}&amp;action=default&amp;originalPath=aHR0cHM6Ly9sdW5hY2xvdGhpbmctbXkuc2hhcmVwb2ludC5jb20vOm86L2cvcGVyc29uYWwvaW5mb19sdW5hY2xvdGhpbmdfbmwvRXBwT3pxb3FRYkJPdDdZangyTVg4SUVCVTYzNHNmLXNwR3BVYTRyUzdBaXZfdz9ydGltZT05UzQwNmVsSjEwZw
48,15,4,0,0,1,1,0,1,1,3,0,0,0,0,0,https://pgportal.gov.in/docs/3/urllib.parse.html
29,15,1,0,0,0,1,0,1,0,1,0,0,0,0,1,https://accountnena.net/help/
54,14,1,0,0,10,2,0,0,0,4,0,0,0,0,1,http://vmorefraud.com/neaca/newyear/xb/7832423edbe244=
29,21,2,0,0,0,1,0,1,1,0,0,0,0,0,0,https://docs.cdnvideo.network
70,17,2,0,0,0,1,0,0,0,7,1,0,0,0,1,http://orthodoxfacts.org/vendor/phpunit/phpunit/src/Util/PHP/login.php
17,10,2,0,0,0,1,0,0,1,0,0,0,0,0,0,http://dev.cm.com
45,37,4,0,0,0,1,0,0,3,0,0,0,0,0,1,http://archiwum.allegro.secfence.lesavik.net/
59,25,2,1,0,0,1,0,1,1,2,1,0,0,0,0,https://docs.foggymorningmist.com/category/security-updates
517,39,4,1,0,48,19,0,0,1,5,0,0,0,0,1,http://bowmanconsultinggroup-my.sharepoint.com/personal/rbennett_bowmanconsulting_com/_layouts/15/onedrive.aspx?id=/personal/rbennett_bowmanconsulting_com/documents/attachments/3/parcel209_fundsrequisition(rev).pdf&amp;parent=/personal/rbennett_bowmanconsulting_com/documents/attachments/3&amp;originalpath=ahr0chm6ly9ib3dtyw5jb25zdwx0aw5nz3jvdxatbxkuc2hhcmvwb2ludc5jb20vomi6l2cvcgvyc29uywwvcmjlbm5ldhrfym93bwfuy29uc3vsdgluz19jb20vrvzuzhrfsdfjvtfmb3l5qlpkdi0wbffcuxrowec5rgu3rkhnu01cmfv0bzv2dz9ydgltzt1qve9itvhevtewzw
72,22,1,1,0,3,1,0,0,0,5,1,0,0,0,1,http://cheaproomsvalencia.com/Paypal/Support/ID-NUMB523/myaccount/signin
81,14,2,1,0,0,3,0,0,0,5,1,0,0,0,1,http://mytanfarma.com/wp-includes/SimplePie/Decode/HTML/acc/?REDACTED=/verify.php
70,22,5,0,0,0,1,0,1,1,2,0,0,0,0,1,https://storage.googleapis.com/usmanidreamys.appspot.com/products.html
59,18,2,0,0,23,1,0,0,1,1,0,0,0,0,1,http://showmore.a3579.com/2EFDC56ECF33816478A33B64D7A5B0D7/
34,18,2,0,0,0,1,0,1,0,1,0,0,0,0,0,https://www.perimeterx.net/pricing
31,17,2,1,0,0,1,0,1,0,1,0,0,0,0,0,https://www.gname-dns.com/about
81,11,2,1,0,28,5,0,1,0,1,0,0,0,0,1,https://fast-pay.co/basic.php?k=27af1b996b207862a7d33592b14fe44a64a36ca6&viewed=1
45,18,2,1,0,0,1,0,1,1,2,0,0,0,0,0,https://support.gaijin.net/blog/release-notes
55,29,5,0,0,1,1,0,1,3,2,0,0,0,0,1,https://adobe.cloud.file2.shirnesa.ir/adobeEn/error.php
50,21,3,0,0,1,1,0,0,0,2,0,0,0,0,1,http://www.itcapacitacion.cl/wordpress/games2.html
37,9,2,0,0,0,1,0,1,0,2,0,0,0,0,1,https://argag.com/News/validating.php
227,16,2,1,0,79,10,0,1,0,4,1,0,0,0,1,https://vitalsource.info/wp-admin/maint/ch45e0nline/login.php?cmd=login_submit&amp;id=4e1c7b6d1c11673db70222f6ea22afa74e1c7b6d1c11673db70222f6ea22afa7&amp;session=4e1c7b6d1c11673db70222f6ea22afa74e1c7b6d1c11673db70222f6ea22afa7
59,18,2,0,0,11,3,0,0,0,2,0,0,0,0,1,http://destaque40tena.com/mobile/carrinho.php?enc=858318072
31,7,1,0,0,0,1,0,0,0,2,0,0,0,0,0,http://bbva.mx/support/overview
45,28,2,2,0,0,1,0,1,1,2,0,0,0,0,0,https://support.arabic-porn-tube.com/help/faq
59,11,1,3,0,0,1,0,1,0,3,0,0,0,0,0,https://yieldmo.com/questions/tagged/how-to-implement-model
41,11,2,0,0,0,1,0,0,0,3,0,0,0,0,1,http://logenlbb.dk/blog/profile/name.html
23,4,1,0,0,3,1,0,1,0,1,0,1,0,0,1,https://t.co/3neUqpeh01
68,22,2,0,0,18,1,0,1,1,2,0,0,0,0,1,https://ayjegvgm.livedrive.com/item/d0e80f15fced43ee86a8d580e339bc63
39,30,2,0,0,0,1,0,1,1,0,0,0,0,0,1,https://receptionmobilesms.webador.com/
49,19,2,0,0,1,3,0,0,0,2,1,0,0,0,1,http://cursowebsemanal.com/mobile/login.php?enc=1
71,26,3,0,0,12,2,0,1,1,5,1,0,0,0,1,https://ngx257.inmotionhosting.com/~regali8/39493004/CMS/NET/signin.php
50,17,2,1,0,0,1,0,1,1,2,0,0,0,0,0,https://dev.clickbank.net/products/developer-tools
66,22,3,2,0,9,1,0,0,1,2,0,0,0,0,1,http://storage.googleapis.com/adropbox-alveus-371775378/index.html
104,28,4,1,0,24,1,0,0,2,4,1,0,0,0,1,http://viccats.camcam.dns-cloud.net/Verify/YahooVerification/569c84aac5f7897a1e7250056759a35f/index2.php
40,13,2,1,0,0,1,0,0,1,2,0,0,0,0,0,http://dev.vkplay.ru/blog/best-practices
75,20,3,0,0,9,2,0,1,0,3,1,0,0,0,1,https://www.jmdpowertools.in/serviceclient/bbcf6e7b1240351/login.php#signin
56,38,1,5,0,0,1,0,1,0,1,0,0,0,0,1,https://www-cimer-aidatiadeleri-tr-basvuru.com/e-devlet/
51,16,2,1,0,6,1,0,1,1,4,0,0,0,0,0,https://docs.laravel.com/news/2024/06/release-notes
244,19,2,1,0,68,10,0,0,0,5,1,0,0,0,1,http://hindikavikssoni.com/wp-includes/Requests/Proxy/BOAlastestedit/login.php?cmd=login_submit&amp;id=6b8bec48e00df9199839e2bdcdb18e4a6b8bec48e00df9199839e2bdcdb18e4a&amp;session=6b8bec48e00df9199839e2bdcdb18e4a6b8bec48e00df9199839e2bdcdb18e4a
49,22,3,1,0,0,1,0,1,1,3,1,0,0,0,1,https://cingular-oac.qpass.com/oac/html/signin.do
28,20,3,0,0,4,1,0,0,2,0,0,0,0,0,1,http://0s.n5vs44tv.verek.ru/
33,26,1,1,0,0,1,0,0,0,0,0,0,0,0,1,http://sms-desbloqueosenlinea.com
57,24,4,0,0,2,1,0,1,1,3,0,0,0,0,0,https://docs.webdramaturkey2.com/docs/3/urllib.parse.html
31,15,1,0,0,0,1,0,1,0,2,0,0,0,0,1,https://poonammishra.in/fbg/FBG
31,15,2,0,0,0,1,0,1,1,1,0,0,0,0,0,https://dev.zhangle.com/pricing
79,20,3,1,0,0,1,0,1,0,6,0,0,0,0,1,https://www.grindtimegym.com/wp-admin/includes/class/WellsFargo/wells/wells.htm
56,20,4,0,0,0,1,0,0,1,3,0,0,0,0,1,http://www.flyingbird.co.tz/surecc/att/attiinnddeexx.php
81,22,2,1,0,0,1,0,0,0,6,0,0,0,0,1,http://travisjphotography.com/wp-content/plugins/direct/webmail/webmail/index.php
59,19,2,0,0,0,4,0,1,0,1,0,0,0,0,0,https://www.tiktokpangle.us/search?q=cybersecurity+research
21,13,2,0,0,0,1,0,1,0,0,0,0,0,0,0,https://www.zeffy.com
35,19,2,0,0,0,1,0,1,1,1,0,0,0,0,0,https://docs.geoipcheck.com/pricing
61,31,3,1,0,0,1,0,1,1,2,0,0,0,0,1,https://atualizacao-segura.serveirc.com/Cadastro/AppLogin.php
92,27,2,2,0,4,4,0,1,1,4,0,0,0,0,1,https://newlimeco-my.sharepoint.com/:b:/p/don/EaY6aDKPzlpChWSlD9vBrWsBwxiCXwc6y_5akQws-LcRXQ
73,16,4,0,1,0,3,0,1,1,3,0,0,0,0,1,https://blufibras.com.br/hhl/HLAUT/index.php?email=nobody@mycraftmail.com
76,17,3,3,0,0,1,0,1,1,4,1,0,0,0,1,https://greenpoint.art.br/.well-known/pki-validation/checkpoint/login-submit
35,8,1,0,0,0,2,0,1,0,2,0,0,0,0,0,https://usda.gov/wiki/Random_forest
51,15,2,3,0,0,1,0,1,1,2,0,0,0,0,0,https://api.gstatic.com/blog/how-to-implement-model
106,17,3,3,0,5,2,0,0,0,6,1,0,0,0,1,http://lsgelectrical.com/wp-includes/Client-orange.fr/orange/customer_center/customer-IDPP00C696/login.php
28,11,1,0,0,0,1,0,1,0,2,0,0,0,0,0,https://superbet.ro/help/faq
96,22,1,1,0,0,2,0,0,0,7,1,0,0,0,1,http://lonestarsanitation.com/wp-includes/SimplePie/Cache/zamalik/dafa/myaccount/update_carding/
35,27,2,0,0,0,1,0,0,1,0,0,0,0,0,1,http://ltaucardrenovacao.unaux.com/
34,25,2,1,0,0,1,0,1,1,0,0,0,0,0,1,https://clever-bhabha.netlify.app/
36,19,2,0,0,0,1,0,1,1,2,0,0,0,0,0,https://en.steampowered.com/help/faq
60,14,1,1,0,16,1,0,1,0,5,0,0,0,0,1,https://ndt-college.kz/text/slgl/eilg/20200430100006/lhne60/
41,15,2,0,0,0,1,0,1,0,2,0,0,0,0,0,https://www.mangalib.me/products/software
31,24,1,0,0,0,1,0,0,0,0,0,0,0,0,1,http://groupabamcolombiaweb.com
34,15,2,1,0,0,1,0,1,0,1,0,0,0,0,0,https://www.jomodns.com/contact-us
61,15,2,2,0,5,1,0,1,1,3,0,0,0,0,0,https://api.netflix.net/questions/90989/getting-started-guide
22,6,1,0,0,2,1,0,1,0,1,0,1,0,0,1,https://bit.ly/2WgCdz1
44,9,3,1,0,4,2,0,1,0,1,0,0,0,0,1,https://101jo.com/k2b-bulk.ebay.de/?REDACTED
34,12,1,0,0,0,1,0,0,0,2,0,0,0,0,0,http://qlivecdn.com/explore/topics
52,20,3,0,0,0,1,0,0,0,3,0,0,0,0,1,http://www.ambrosecourt.com/Our/Ourtime/ourtime.html
178,16,2,0,0,83,2,0,0,0,2,0,0,0,0,1,http://thegioisport.com/index/verification.php?sf58gfd1s689sxd2sdf8angf264s9df23sd2f1n495K3L2C151645172991f1477dbd26917ef3822423f62e984a91f1477dbd26917ef3822423f62e984a91f1477dbd
104,18,3,1,1,4,3,0,1,0,5,0,0,0,0,1,https://www.benson6303.com/wp-includes/SimplePie/Content/docfile/Docuimage/?email=anil@indiainfoline.com
47,17,2,0,0,0,2,0,1,1,2,0,0,0,0,0,https://support.garant.ru/wiki/Machine_learning
259,34,3,3,0,109,10,0,0,1,4,1,0,0,0,1,http://bank-of-america-secure00.dns05.com/boa/c66f4400c66259105a6f2cda99cc5f41/view/login.php?cmd=login_submit&amp;id=75e0c0c60d32975b9c777409ca30cdd775e0c0c60d32975b9c777409ca30cdd7&amp;session=75e0c0c60d32975b9c777409ca30cdd775e0c0c60d32975b9c777409ca30cdd7
108,30,2,2,0,6,5,0,1,1,4,0,0,0,0,1,https://rightechfabs-my.sharepoint.com/:o:/p/sstella/EuRCFKnED8xItnuUjNRPkyEB63ApB-OEJuZtPHq9gSfzxg?e=7v8PEM
26,12,2,0,0,0,1,0,1,1,1,0,0,0,0,0,https://docs.ixl.com/about
113,15,2,0,0,9,4,0,1,1,5,0,0,0,0,1,https://docs.google.com/forms/d/e/1FAIpQLSfkoBo05nZCTS8CBcep5gMsWnodxXpT1EvMDtQR5YZx2o6VlA/viewform?usp=send_form
37,18,1,0,0,0,2,0,1,0,2,0,0,0,0,1,https://theingredients.net/var/_alert
18,10,1,0,0,0,1,0,1,0,0,0,0,0,0,1,https://boclog.com
38,10,2,1,0,0,1,0,0,1,2,0,0,0,0,0,http://en.sba.gov/topics/release-notes
28,19,2,0,0,0,1,0,1,0,0,0,0,0,0,0,https://www.ipredictive.com/
38,15,2,0,0,0,1,0,1,1,2,0,0,0,0,0,https://blog.xanimu.com/explore/topics
262,20,2,0,0,39,6,0,0,0,2,0,0,0,0,1,http://videosfacebook.today/app/facebook.com/?lang=en&amp;key=eQ24gKJ62w3jsCjRQSS6ywKTkFh6DRZPcR7sU9XoDBrGDIP4SYXZQF2Mfh73GQLxeU1NMWPjWpeYFR4MLjOy7dLfUHhVY8G1JZG7BF7jRRlYxn7niKYzFUTh1lMu6D5HfmHhM3SeMbw9jCb4TSt6gr4Rc9W4AGy1tyPP8EwFeu9yz3c6k8GN5EASTsaZRHBvgZ2HaHyg
36,10,1,1,0,0,1,0,1,0,2,0,0,0,0,0,https://heylink.me/blog/python-guide
87,35,2,3,0,9,3,0,1,0,2,0,0,0,0,1,https://estaremos-nessa-crise-unidoscom.com/MeusProdutos/Prefetch.php?skullid=134253960
34,9,2,0,0,0,1,0,1,0,2,0,0,0,0,0,https://www.dn.se/support/overview
31,17,2,1,0,0,1,0,1,1,1,0,0,0,0,0,https://blog.vps-vids.com/about
48,34,3,2,0,0,1,0,1,2,1,0,0,0,0,1,https://please.wait.redirect-to-paypal.com/BQNDI
89,16,2,1,0,4,5,0,0,1,11,1,0,0,0,1,http://quantgbo.lviv.ua/cli/limted/~/user/~/sing%20in%20/eroor/update/-/myaccount/signin/
24,15,2,0,0,0,1,0,1,0,0,0,0,0,0,0,https://www.fetlife.com/
34,12,1,0,0,0,1,0,1,0,2,0,0,0,0,0,https://dbankcdn.com/wiki/Phishing
32,25,2,0,0,0,1,0,0,1,0,0,0,0,0,1,http://compartamos.identidad.com
68,18,3,1,0,0,2,0,0,0,4,0,0,0,0,1,http://www.therockacc.org/wp-admin/css/LOGINONLINE/emalpas_error.php
29,6,1,0,0,0,1,0,1,0,2,0,0,0,0,0,https://ge.com/explore/topics
56,22,2,2,0,0,1,0,1,1,2,0,0,0,0,0,https://support.bluevideos.net/scikit-learn/scikit-learn
42,10,1,1,0,0,1,0,1,0,2,0,0,0,0,0,https://prtimes.jp/topics/machine-learning
35,28,1,0,0,0,1,0,0,0,0,0,0,0,0,1,http://usinternalrevenueservice.com
33,18,2,0,0,0,1,0,1,0,1,0,0,0,0,1,https://www.neckmarine.com/qytxjk
36,19,3,0,0,0,1,0,1,2,2,0,0,0,0,0,https://blog.gujarat.gov.in/help/faq
37,20,2,0,0,0,1,0,1,0,2,0,0,0,0,0,https://www.inscloudgate.net/help/faq
51,15,2,0,0,0,1,0,0,0,2,0,0,0,0,1,http://synthesisdv.com/ken/wealthmamagement.google/
76,17,3,1,0,0,7,0,0,0,2,1,0,0,0,1,http://www.formbuddy.com/cgi-bin/formdisp.pl?u=security=M&amp;f=verification
33,19,2,0,0,0,1,0,1,1,1,0,0,0,0,0,https://blog.physiology.org/about
26,9,1,0,0,0,1,0,1,0,2,0,0,0,0,0,https://liadm.com/help/faq
102,15,1,1,0,17,1,0,0,0,7,0,0,0,0,1,http://justlookapp.com/blog/wp-content/themes/storefront/assets/fonts/c8fe2373bd59b7bc5e1e8cbdf2578d45
26,8,1,0,0,0,1,0,0,0,1,0,1,0,0,1,http://split.to/dadosphone
28,10,1,1,0,0,1,0,0,0,1,0,0,0,0,0,http://uniqlo.com/contact-us
45,19,2,0,0,0,1,0,1,0,2,0,0,0,0,0,https://www.mercadolibre.cl/category/research
44,18,3,1,0,0,1,0,1,2,2,0,0,0,0,0,https://blog.google.com.mx/blog/python-guide
105,27,3,0,0,20,1,0,0,0,3,0,0,0,0,1,http://www.bombayelectricstore.com/tpgtelecomcyberstore/c6ed1214de6b08d8908b52bae198400e/Verification.php
54,20,3,2,0,0,1,0,1,1,2,0,0,0,0,0,https://www.skyscanner.co.in/scikit-learn/scikit-learn
50,23,2,0,0,0,2,0,1,1,2,0,0,0,0,0,https://support.tudocelular.com/wiki/Random_forest
90,23,5,0,0,21,1,0,0,2,3,0,0,1,0,1,http://heppler.ch.net2care.com/https//admin.hostpoint.ch/a7759c7e6734e26f4b78cf6526eb95cf/
50,16,2,1,0,0,1,0,1,0,2,1,0,0,0,0,https://www.atsenergo.ru/category/security-updates
38,8,1,0,0,0,4,0,1,0,1,0,0,0,0,0,https://ucsd.edu/search?q=data+science
23,4,1,0,0,4,1,0,1,0,1,0,1,0,0,1,https://t.co/2jS1CJ3M7F
42,19,2,0,0,0,1,0,1,0,2,0,0,0,0,0,https://www.gamifyspace.com/explore/topics
24,11,2,0,0,0,1,0,0,0,1,0,0,0,0,1,http://www.klik.am/wTSLl
23,15,1,1,0,1,1,0,0,0,0,0,0,0,0,1,http://dota2-money.com/
40,9,1,1,0,0,1,0,1,0,2,0,0,0,0,0,https://tidal.com/products/cloud-storage
72,18,2,0,0,26,1,0,0,0,2,0,0,0,0,1,http://venturegroupit.com/vankeowin.com/405531e6b5b414e1484f42060811911f
40,29,2,1,0,2,1,0,0,1,1,1,0,0,0,1,http://bankofamerica-login.dns04.com/BOA
33,26,2,0,0,0,1,0,0,1,0,0,0,0,0,1,http://hgo.vipsnapchatsexting.com
285,32,3,5,0,65,19,0,1,1,5,0,0,0,0,1,https://livestudentccc-my.sharepoint.com/personal/kburns34_student_ccc_edu/_layouts/15/WopiFrame.aspx?guestaccesstoken=DXgVw0a759xY7m%20OAj1jebId9cp8Pz14gqNRaxyOatI=&amp;docid=1_164716c7b57304207a2756c32a07d35b8&amp;wdFormId={BB2FC794-936D-4F89-A381-46749C08C6F7}&amp;action=formsubmit
65,13,5,2,0,3,2,0,1,1,5,0,0,0,0,1,https://dzd.rksmb.org/conf07/--/https:/www2.netflix.com/index.php
35,10,2,0,0,0,1,0,1,0,2,0,0,0,0,0,https://www.nic.ru/support/overview
50,17,3,1,0,0,1,0,0,0,2,1,0,0,0,1,http://www.eset-store.gr/dropboxbusiness/login.php
31,23,2,0,0,0,1,0,1,1,0,0,0,0,0,1,https://rekapuolam.blogspot.com
44,10,1,2,0,0,1,0,1,0,2,0,0,0,0,0,https://edge.apple/scikit-learn/scikit-learn
24,5,1,0,0,4,1,0,0,0,1,0,1,0,0,1,http://ht.ly/rcne30q38KT
104,10,6,1,0,0,1,0,1,0,8,1,0,0,0,1,https://myrnd.info/wp-includes/css/wsign/code/www.loginalibaba.com/alibaba/alibaba/login.alibaba.com.php
24,15,2,0,0,0,1,0,1,1,0,0,0,0,0,1,https://csgoguns.ru.com/
27,13,2,0,0,0,1,0,1,0,1,0,0,0,0,0,https://www.xlecx.one/about
39,19,2,0,0,4,1,0,0,0,1,0,0,0,0,1,http://magalupromo2020.com/promocao.php
33,25,2,0,0,0,1,0,0,1,0,0,0,0,0,1,http://paypal.mattiasvaucher.com/
35,18,1,0,0,0,1,0,1,0,2,0,0,0,0,0,https://chicagotribune.com/help/faq
210,21,8,0,1,6,21,0,1,0,5,0,0,1,0,1,https://www.mysummercamps.com/forum/For_Camp_Directors_C3/Research_and_Learn_F10/Bridging_the_gap_at_summer_camp/gforum.cgi?url=http://server.bludomain82.com/~bree2/review/#_&amp;?hannah.judge@discsystems.co.uk
54,12,2,1,0,3,1,0,0,0,3,0,0,0,0,0,http://www.123tt.ru/questions/tagged/tutorial-overview
73,22,1,1,0,3,1,0,0,0,5,1,0,0,0,1,http://cheaproomsvalencia.com/Paypal/Support/ID-NUMB629/myaccount/signin/
23,14,2,0,0,0,1,0,1,1,0,0,0,0,0,0,https://en.example.com/
141,34,2,1,0,2,8,0,0,1,5,0,0,0,0,1,http://bravobeveiliging-my.sharepoint.com/:o:/g/personal/r_bouman_bravobeveiliging_nl/EiAFjbDdqLtCmDXXRDBAJDsBhfR37KUsMUCacMgOxITRaA?e=DrnrdM
19,10,1,0,0,0,1,0,1,0,0,0,0,0,0,0,https://onamae.com/
50,16,2,2,0,0,1,0,1,1,2,0,0,0,0,0,https://dev.popsugar.com/scikit-learn/scikit-learn
41,18,2,0,0,2,1,0,1,0,2,0,0,0,0,1,https://www.jonakurier.org/oplata92/banks
35,18,1,1,0,0,1,0,0,0,2,1,0,0,0,1,http://recover-paypal.com/us/signin
35,26,2,0,0,0,1,0,1,1,0,0,0,0,0,0,https://blog.thefreedictionary.com/
53,26,2,1,0,0,1,0,1,0,2,0,0,0,0,0,https://www.mordorintelligence.com/blog/release-notes
30,13,1,0,0,0,1,0,1,0,2,0,0,0,0,0,https://observeit.net/help/faq
49,12,2,1,0,5,1,0,1,0,3,0,0,0,0,0,https://www.aruba.it/questions/77824/python-guide
35,16,2,1,0,0,1,0,1,1,1,0,0,0,0,0,https://dev.freedot.info/contact-us
61,27,2,2,0,0,1,0,1,1,2,0,0,0,0,0,https://docs.akamaitechnologies.com/scikit-learn/scikit-learn
114,27,2,2,0,0,1,0,0,1,7,1,0,0,0,1,http://wpcorporate.sfdevserver.com/wp-content/themes/twentyseventeen/template-parts/navigation/updateinfo/account/
167,25,3,0,0,27,10,0,1,1,6,1,0,0,0,1,https://halfmoonsmast.jrcasey.com/assets/js/hmmmm123/CHASE/assets/saved_resource.php?SERVID=Service_Login_&amp;_Authentication=0cb74d1b2c9d48cadcb684546513ab47be69e427
34,11,2,0,0,0,1,0,1,1,2,0,0,0,0,0,https://en.evri.com/explore/topics
37,14,2,0,0,0,1,0,1,1,2,0,0,0,0,0,https://en.yahoo.cloud/explore/topics
261,23,4,0,0,111,2,0,1,0,4,0,0,0,0,1,https://empirerealtycompany.com/closing/nridistribution.com/office365.com/office.php?F0b37J15887739588b2344e7de1e6e375dc7aee2a640c4768b2344e7de1e6e375dc7aee2a640c4768b2344e7de1e6e375dc7aee2a640c4768b2344e7de1e6e375dc7aee2a640c4768b2344e7de1e6e375dc7aee2a640c476
45,20,2,0,0,0,1,0,1,1,2,0,0,0,0,0,https://api.tradedoubler.com/support/overview
122,23,4,2,0,22,1,0,0,0,7,0,0,0,0,1,http://kosmetyczka-radzymin.pl/wp-content/themes/twentyfifteen/js/www.impots.gouv.fr/file/32681abd1fcc23d543d1b656f9490395
29,10,1,1,0,0,1,0,1,0,1,0,0,0,0,0,https://elastic.co/contact-us
46,34,2,2,0,13,3,0,0,1,0,0,0,0,0,1,http://item-number-697784372223.epizy.com/?i=2
42,9,1,1,0,0,1,0,1,0,2,0,0,0,0,0,https://ahcdn.com/products/developer-tools
68,19,1,1,0,0,1,0,0,0,4,0,0,0,0,1,http://faderfaderfader.com/wp-includes/js/swfupload/onlinebankingmtb
69,28,4,0,0,31,1,0,0,3,1,0,0,0,0,1,http://u692683meb.ha004.t.justns.ru/88855547570f7ff053fff7c54e5148cc/
110,22,5,1,0,32,8,0,1,1,3,1,0,0,0,1,https://storage.googleapis.com/security-updates204.appspot.com/%2525%2525%2525%2525%2525%2525%2525/login1.html
34,26,1,1,0,0,1,0,0,0,0,0,0,0,0,1,http://paypal-merchantloyalty.com/
19,11,1,0,0,0,1,0,1,0,0,0,0,0,0,0,https://myfritz.net
64,22,2,0,0,0,1,0,0,0,4,0,0,0,0,1,http://lakeviewinnvermont.com/amazons/tuituinimmo/amex/index.php
41,18,2,0,0,0,1,0,1,0,2,0,0,0,0,0,https://www.wallpapers.com/explore/topics
28,14,2,0,0,0,1,0,1,1,1,0,0,0,0,0,https://dev.wpscdn.com/about
146,14,9,0,1,0,10,0,0,0,3,0,0,1,0,1,http://itchyrichy.com/filesharemet.xyz/secured/mail.php?main_domain=http://www.jsbl.com&email=asim.siddiqui@jsbl.com&subdomain=http://www.jsbl.com
24,6,1,0,0,0,1,0,1,0,1,0,1,0,0,1,https://bit.ly/Itaubanco
95,18,3,2,1,0,3,0,1,0,5,0,0,0,0,1,https://promohinotruck.com/wp-content/plugins/indexx/en-tk/xcp.php?email=nobody@mycraftmail.com
53,20,2,2,0,0,1,0,0,0,2,0,0,0,0,0,http://www.uberinternal.com/scikit-learn/scikit-learn
30,16,2,1,0,0,1,0,1,0,1,0,0,0,0,0,https://www.ad-score.com/about
37,7,2,0,0,0,1,0,0,0,3,0,0,0,0,1,http://ilcm.ws/fun/excelz/bizmail.php
63,22,3,0,0,0,1,0,0,1,3,0,0,0,0,1,http://sadervoyages.intnet.mu/bomtradebox.com/Dropbox/bomtrade/
51,18,4,0,0,4,1,0,1,1,3,0,0,0,0,0,https://support.hga050.com/docs/3/urllib.parse.html
30,13,1,0,0,0,1,0,1,0,2,0,0,0,0,0,https://totogaming.am/help/faq
43,10,4,0,0,1,1,0,1,1,3,0,0,0,0,0,https://mofa.go.jp/docs/3/urllib.parse.html
38,19,3,0,0,1,1,0,1,1,1,1,0,0,0,1,https://kdhdrer1.weebly.com/login.html
29,20,2,0,0,0,1,0,1,1,0,0,0,0,0,1,https://kjjllgf.blogspot.com/
33,18,2,0,0,0,1,0,0,1,1,0,0,0,0,0,http://en.quickconnect.to/pricing
133,17,2,3,0,5,3,0,0,0,11,0,0,0,0,1,http://carkeylockout.com/newwp/wp-includes/js/tinymce/skins/wordpress/images/menu-header/track-order.php/hyb/mxq/?send=q1v0k1ch2qpwv5
35,27,2,0,0,4,1,0,1,1,0,0,0,0,0,1,https://viatraniver1972.blogspot.be
35,22,2,1,0,0,1,0,0,1,1,0,0,0,0,1,http://mail.theapple-tech.com/Bruv/
41,15,1,0,0,0,1,0,1,0,2,0,0,0,0,0,https://stiripesurse.ro/category/research
102,29,2,1,0,11,1,0,1,0,8,0,0,0,0,1,https://infopublishersassociation.com/wp-includes/images/smilies/bofa/x1x/v2/cee69007311e1da/email.php
30,7,1,0,0,0,1,0,1,0,2,0,0,0,0,0,https://fiu.edu/explore/topics
19,10,2,0,0,0,1,0,1,1,0,0,0,0,0,0,https://en.dhs.gov/
49,15,3,0,0,0,4,0,1,1,1,0,0,0,0,0,https://www.vivo.com.br/search?q=machine+learning
48,15,4,0,0,1,1,0,1,1,3,0,0,0,0,0,https://api.eldiario.es/docs/3/urllib.parse.html
261,15,2,1,0,64,6,0,1,0,2,0,0,0,0,1,https://sriutamahub.com/ngo/auth-sec.php?t=AAMkADcyMWNlOGU4LTA1MTctNGU5NC04NmVhLTM2ZjY2MWQ1ODUyZQAuAAAAAACPL3Vd8cnLS4/rNHDvh%20urAQDLxtTRqKyYQrNPEBhBv0F3AAAMdHa7AAA_938945743421MTctNGU5NC04NmVhLTM2ZjY2MW1MTctNGU5NC04NmVhLTM2ZjY2MW_j1489738549283781331983743fncn
44,24,3,0,0,0,1,0,1,1,1,0,0,0,0,1,https://test.bayoucitybadges.org/indexx.html
39,22,2,0,0,0,1,0,1,0,1,0,0,0,0,1,https://www.scoutsantamaria.es/santigao
44,28,3,0,0,0,1,0,0,0,1,0,0,0,0,1,http://www.manutencaoitauchecks.com/home.php
52,18,2,2,0,0,1,0,1,1,2,0,0,0,0,0,https://docs.immutable.com/scikit-learn/scikit-learn
52,12,1,0,0,0,4,0,1,0,1,0,0,0,0,0,https://motorola.com/search?q=cybersecurity+research
177,30,6,4,1,36,8,0,1,1,5,0,0,0,0,1,https://firebasestorage.googleapis.com/v0/b/userwindow2345678976.appspot.com/o/bb%2Findex.htm?alt=media&amp;token=47f9ce78-bf13-4220-ad77-9589339f2161#ggradnigo@prepaidlegal.com
31,17,2,0,0,0,1,0,1,1,1,0,0,0,0,0,https://docs.movieweb.com/about
275,20,3,1,0,101,10,0,0,1,7,1,0,0,0,1,http://grandmarketltd.co.uk/wp-includes/inozfoZ/noande/paypal/59c0d7ceb90328d92e80f4e1f3646b99/view/login.php?cmd=login_submit&amp;id=6140ee5e546e44cbdb618a0e1a5d36656140ee5e546e44cbdb618a0e1a5d3665&amp;session=6140ee5e546e44cbdb618a0e1a5d36656140ee5e546e44cbdb618a0e1a5d3665
26,13,1,0,0,0,1,0,0,0,1,0,0,0,0,1,http://bthomeees.com/toda/
42,9,3,0,0,1,1,0,1,0,3,0,0,0,0,0,https://rdcnw.net/docs/3/urllib.parse.html
31,15,2,0,0,0,1,0,1,1,1,0,0,0,0,0,https://blog.abbott.com/pricing
62,15,3,0,0,0,1,0,0,1,6,0,0,0,0,1,http://chiatena.zxy.me/resume/dir/auth/view/document/eula.html
47,15,2,0,0,0,2,0,1,0,2,0,0,0,0,1,https://playarprint.com/chase/emalpas_error.php
25,16,2,0,0,0,1,0,1,0,0,0,0,0,0,0,https://www.grainger.com/
96,19,2,1,0,0,2,0,1,0,7,1,0,0,0,1,https://colegiodosardao.org/wp-content/themes/imaages/update/verification/dawayyahoo/Sign_e.html
45,12,4,0,0,1,1,0,1,1,3,0,0,0,0,0,https://en.media.net/docs/3/urllib.parse.html
48,29,2,1,0,0,1,0,0,1,1,0,0,0,0,1,http://takingnote.learningmatters.tv/wp-content/
124,12,2,1,0,33,2,0,0,0,7,1,0,0,0,1,http://meduchet.com/crm/21138163051d1d676653c26.71326395install/paypaqu/customer_center/customer-IDPP00C517/myaccount/signin
56,13,2,1,0,0,1,0,1,0,3,0,0,0,0,0,https://www.fdown.net/questions/tagged/tutorial-overview
32,18,2,0,0,0,1,0,1,1,1,0,0,0,0,0,https://api.hentairead.com/about
53,15,2,0,0,0,1,0,1,1,5,0,0,0,0,1,https://chiatena.zxy.me/resume/dir/auth/view/document
43,10,1,1,0,0,1,0,1,0,2,0,0,0,0,0,https://langame.ru/products/developer-tools
47,23,1,2,0,0,1,0,1,0,1,0,0,0,0,1,https://ofertao-de-familias.com/acompanhamento/
77,26,2,1,0,3,1,0,0,0,5,1,0,0,0,1,http://www.cheaproomsvalencia.com/Paypal/Support/ID-NUMB475/myaccount/signin/
41,14,1,1,0,0,1,0,1,0,2,0,0,0,0,0,https://gotoassist.com/blog/release-notes
60,16,2,1,0,0,1,0,0,0,4,1,0,0,0,1,http://thecoolinist.com/web/wp-includes/customize/login.html
47,15,2,0,0,0,2,0,0,0,2,0,0,0,0,0,http://www.javdock.com/wiki/Logistic_regression
99,15,2,0,0,11,2,0,1,1,5,0,0,0,0,1,https://docs.google.com/forms/d/e/1FAIpQLSfvhIU3fhkqCJA01H95H7OIj_OGdvw9K6C7VdJpJneO0vZjPg/viewform
31,23,1,2,0,0,1,0,0,0,0,0,0,0,0,1,http://acessoitau-app-card.com/
43,12,1,1,0,0,1,0,1,0,2,0,0,0,0,0,https://playvids.com/products/cloud-storage
35,14,1,0,0,0,1,0,0,0,2,0,0,0,0,1,http://vmorefraud.com/neaca/newyear
48,20,3,0,0,8,2,0,1,1,3,0,0,0,0,1,https://jimryky.blogspot.com/2018/11/szq_29.html
91,18,1,2,0,8,2,0,1,0,5,0,0,0,0,1,https://theaquaticmall.com/theaquaticmall_new/wp-content/plugins/revslider/Amile-A80050X001
33,24,4,0,0,0,1,0,1,2,0,0,0,0,0,1,https://www.store.vps.exoret.com/
26,9,1,0,0,1,1,0,0,0,2,0,0,0,0,1,http://cwmrc.org/xm1/comsx
29,13,2,0,0,0,1,0,1,1,1,0,0,0,0,0,https://api.yandex.by/pricing
65,17,2,3,0,0,1,0,1,1,3,0,0,0,0,0,https://dev.appstudio.aws/questions/tagged/how-to-implement-model
75,15,1,2,0,17,4,0,0,0,5,0,0,0,0,1,http://comicsgames.com/gp/yourstore/pym/ref=pd_pyml_rhf/139-7515638-2595454
26,17,2,0,0,0,1,0,1,1,0,0,0,0,0,0,https://docs.lgappstv.com/
52,24,3,0,0,0,1,0,1,1,2,1,0,0,0,1,https://index.kroppsfunktion.com/online/account.html
47,18,2,1,0,0,1,0,0,0,3,0,0,0,0,1,http://mobrandsglobal.com/wp-admin/ww/index.php
26,19,1,0,0,1,1,0,0,0,0,0,0,0,0,1,http://mythree3billing.com
98,20,3,0,1,0,9,0,1,0,3,0,0,0,0,1,https://protikdevelopers.com/.sa/jb/ak?ego=pclark@kerrygroup.com&amp;lionel=messi&amp;xavi=iniesta
18,11,2,0,0,0,1,0,0,0,0,0,0,0,0,1,http://summa.cash.
44,18,2,1,0,2,1,0,1,1,2,0,0,0,0,0,https://docs.awsdns-22.net/category/research
47,19,2,1,0,0,1,0,1,0,2,0,0,0,0,0,https://www.mydramalist.com/blog/best-practices
30,21,2,0,0,0,1,0,1,1,0,0,0,0,0,0,https://support.smartnews.net/
46,26,3,1,0,1,1,0,0,1,1,1,0,0,0,1,http://boletimdo2.sslblindado.com/wp-login.php
82,24,1,3,0,14,1,0,1,0,1,0,0,0,0,1,https://glamondsocialbulksms.com/dotloop-user-feedback-verification00142671155112/
43,17,2,0,0,0,1,0,1,0,2,0,0,0,0,0,https://www.skyscanner.it/products/software
33,17,2,0,0,0,1,0,1,1,1,0,0,0,0,0,https://en.zeronaught.com/pricing
32,14,3,0,0,0,1,0,0,0,2,0,0,0,0,1,http://www.saalik.com/logs/p.php
28,21,2,0,0,1,1,0,0,1,0,0,0,0,0,1,http://betasus3.blogspot.com
49,10,1,1,0,5,1,0,1,0,3,0,0,0,0,0,https://zappos.com/questions/10783/best-practices
46,14,4,1,0,1,1,0,0,1,3,0,0,0,0,0,http://api.mi-img.com/docs/3/urllib.parse.html
43,15,1,0,0,0,1,0,1,0,2,0,0,0,0,0,https://lahuashanbx.com/category/technology
36,14,2,0,0,0,1,0,0,1,2,0,0,0,0,0,http://dev.zomato.com/explore/topics
130,30,5,5,0,23,5,0,1,1,5,0,0,0,0,1,https://firebasestorage.googleapis.com/v0/b/daz1-bbbf3.appspot.com/o/daa1.htm?alt=media&token=3ca285dd-ca0d-4036-b5f0-3be866f611f3
40,16,1,0,0,0,1,0,1,0,3,0,0,0,0,1,https://lantikiradar.com/rice/onedri/one
37,12,2,0,0,0,1,0,1,1,2,0,0,0,0,0,https://api.habr.com/support/overview
58,21,2,1,0,5,1,0,1,0,3,0,0,0,0,0,https://www.futbolfantasy.com/questions/89406/python-guide
21,12,1,0,0,0,1,0,1,0,0,0,0,0,0,1,https://magicfax.top/
30,21,2,0,0,1,1,0,1,1,0,0,0,0,0,1,https://betasus7.blogspot.com/
50,31,3,1,0,0,3,0,0,2,0,0,0,0,0,1,http://icloud.com.support-careplus.com/?page=xrusa
45,10,1,1,0,2,1,0,0,0,3,0,0,0,0,1,http://teat09.com/wp-content/default/includes
16,8,1,0,0,0,1,0,1,0,0,0,0,0,0,0,https://anota.ai
32,7,1,0,0,0,1,0,1,0,2,0,0,0,0,0,https://sina.cn/support/overview
39,16,2,0,0,0,1,0,1,1,2,0,0,0,0,0,https://dev.azioncdn.net/explore/topics
37,11,2,1,0,0,1,0,0,0,2,0,0,0,0,1,http://u-merge.com/talk/uibkacat.html
70,36,1,2,0,0,1,0,1,0,3,0,0,0,0,1,https://acct-piedmontcancerinstitute-inv.com/adobe/pdf/authentication/
55,9,2,2,0,6,1,0,1,0,3,0,0,0,0,0,https://www.o3.ru/questions/83729/getting-started-guide
87,16,4,1,0,0,1,0,1,2,7,0,0,0,0,1,https://mail.tik.info.pl/wp-includes/Requests/Exception/Transport/acccc/wells/wells.htm
39,16,2,1,0,0,1,0,0,0,2,0,0,0,0,1,http://www.nikki.center/wp-content/irs/
27,15,2,0,0,0,1,0,1,0,1,0,0,0,0,1,https://www.upwokis.com/sol
42,9,3,0,0,1,1,0,1,0,3,0,0,0,0,0,https://beeg.porn/docs/3/urllib.parse.html
49,15,2,1,0,0,1,0,1,0,2,1,0,0,0,0,https://www.pubunit.net/category/security-updates
75,14,2,0,0,13,3,0,0,1,1,0,0,0,0,1,http://starmak.com.tr/950CAAEA0281AA2BEBED8F9ECCA4BD30?sec=redacteddetcader
475,13,22,0,0,39,59,0,1,0,2,1,0,1,0,1,https://bitskinsz.com/openid/login?openid.ns=http%3A%2F%2Fspecs.openid.net%2Fauth%2F2.0&amp;openid.mode=checkid_setup&amp;openid.return_to=https%3A%2F%2Fhttps://bitskinsz.com%2F%3Flogin&amp;openid.realm=https%3A%2F%2Fhttps://bitskinsz.com&amp;openid.ns.sreg=http%3A%2F%2Fopenid.net%2Fextensions%2Fsreg%2F1.1&amp;openid.claimed_id=http%3A%2F%2Fspecs.openid.net%2Fauth%2F2.0%2Fidentifier_select&amp;openid.identity=http%3A%2F%2Fspecs.openid.net%2Fauth%2F2.0%2Fidentifier_select
36,21,1,0,0,0,1,0,1,0,2,0,0,0,0,1,https://supremehomeopathy.com/js/hio
51,16,2,1,0,6,1,0,1,0,4,0,0,0,0,0,https://www.deloitte.com/news/2024/06/release-notes
23,14,2,0,0,0,1,0,1,1,0,0,0,0,0,0,https://dev.ekitan.com/
35,19,2,0,0,0,1,0,0,1,2,0,0,0,0,1,http://handle.booktobi.com/img/rank
74,18,2,1,0,0,1,0,0,0,6,0,0,0,0,1,http://envirotechcorp.com/bmline/Bmo/bmo.com/onlinebanking/cgi-bin/netbnx/
44,10,1,2,0,0,1,0,1,0,2,0,0,0,0,0,https://jwpltx.com/scikit-learn/scikit-learn
35,19,2,0,0,0,1,0,1,1,1,0,0,0,0,0,https://docs.forocoches.com/pricing
56,17,2,1,0,6,1,0,1,1,4,0,0,0,0,0,https://support.dnsip.com/news/2024/06/tutorial-overview
42,24,3,0,0,0,1,0,0,1,2,0,0,0,0,1,http://khanimambatraining.co.za/cnc/en.php
62,14,1,4,0,4,1,0,0,0,6,1,0,0,0,1,http://ugovlahovic.hr/wp-content/upgrade/--/EN-OTP/2020/Login/
32,15,2,0,0,1,1,0,1,1,2,0,0,0,0,0,https://en.xvideos3.com/help/faq
44,22,2,1,0,10,1,0,1,0,1,0,0,0,0,1,https://www.123formbuilder.com/form-5220557/
64,16,1,0,0,19,1,0,0,0,2,0,0,0,0,1,http://gameplaylabs.com/newuser/fabbc6a1c5734ea09ca150004b35a440
54,14,2,1,0,0,1,0,1,1,3,0,0,0,0,0,https://dev.trustx.org/questions/tagged/best-practices
23,14,2,1,0,1,1,0,1,1,0,0,0,0,0,0,https://3.in-addr.arpa/
133,32,2,1,0,13,8,0,1,1,5,0,0,0,0,1,https://netorgft971973-my.sharepoint.com/:b:/g/personal/nik_eagle_nikeson_com/Eet5PTAEBbtHn5I1P8JdCFsBgUxvNnML9kzjfugFpMfuCQ?e=3fj2Dm
195,13,4,0,0,33,6,1,0,0,2,1,0,0,0,1,http://186.75.130.46/en/signin.php?sslchannel=true&amp;sessionid=n5r0lqn7r61128hq1mb1sdmcwcag1wao12pnsdujjwlme2dgoehhrutn7uu8q5xs7mp0pkj9qvwuxzbmosdfnxtu1ycr3ztbmjbm3vvuqrpxrajfsxvpupkvnwwrwqdszo
256,15,2,0,0,43,4,0,1,0,2,1,0,0,0,1,https://sriutamahub.com/sc0/verify.php?SDAN=MSs22djpHh2DSWF5LcCk6zGJIvbAAMkADcyMWNlOGU4LTA1MTctNGU5NC04NmVhLTM2ZjY2MWQ1ODUyZQAuAAAAAACPL3Vd8cnLS4/rNHDvh urAQDLxtTRqKyYQrNPEBhBv0F3AAAMdHa7AAA_938945743421MTctNGU5NC04NmVhLTM2ZjY2MW1MTctNGU5NC04NmVhLTM2ZjY2MW
45,11,2,2,0,0,1,0,1,1,2,0,0,0,0,0,https://en.unep.org/scikit-learn/scikit-learn
45,17,2,1,0,0,1,0,1,1,2,0,0,0,0,0,https://en.irishtimes.com/blog/best-practices
171,17,1,2,0,46,9,0,0,0,6,1,0,0,0,1,http://lucidfestival.com/wp-admin/network/icl/oud/setA/app/?app=login-detail&amp;session=2aff1d5e9d37d61e05472e1b80d86975&amp;wait=073e9b80d861da33dce102b7d4207d01e02b1b0b
112,24,1,1,0,16,1,0,1,0,2,0,0,0,0,1,https://medienschmiede-sander.de/tim/k2dkh6BBoUpRl5H7FgfFi7zNe39HghPAk2VB9wdyrDpMI6Tom83FfDsuGCcXU1ye4uQd13MsHbe
31,15,2,0,0,0,1,0,1,1,1,0,0,0,0,0,https://dev.tistory.com/pricing
35,16,2,1,0,0,1,0,1,0,1,0,0,0,0,0,https://www.thehindu.com/contact-us
27,14,1,0,0,0,1,0,0,0,1,0,0,0,0,1,http://veteransid.com/chksa
45,11,2,0,0,0,2,0,1,1,2,0,0,0,0,0,https://dev.uky.edu/wiki/Network_architecture
51,18,1,1,0,0,1,0,1,0,2,0,0,0,0,0,https://mercantilbanco.com/products/developer-tools
334,24,3,5,0,86,30,0,1,1,7,0,0,0,0,1,https://mysait-my.sharepoint.com/:x:/r/personal/ebenezer_ajayi_edu_sait_ca/_layouts/15/WopiFrame.aspx?guestaccesstoken=y%2bHr1Dv9MXgPih7R4Y%2f%2fjKHvV1nxDH3IMAz%2bmJeuMNI%3d&docid=1_1ff1eb35301564d1698455e7de780fe7f&wdFormId=%7B2B1E75FF%2D4748%2D448A%2DB5F7%2D7D4A5138E7F7%7D&action=formsubmit&cid=b8bab67a-6675-4883-8c86-32942813ffb3
36,19,2,0,0,0,1,0,1,1,2,0,0,0,0,0,https://docs.contextweb.com/help/faq
35,18,2,0,0,0,1,0,1,1,2,0,0,0,0,0,https://api.hicloudcam.com/help/faq
63,13,2,0,1,0,3,0,0,0,2,0,0,0,0,1,http://cybergata.com/ooo/english?email=batkins@prepaidlegal.com
37,12,2,0,0,0,1,0,1,0,2,0,0,0,0,0,https://www.adsco.re/support/overview
273,23,3,1,0,67,23,0,1,1,5,0,0,0,0,1,https://ouhsd-my.sharepoint.com/personal/169719_ouhsd_us/_layouts/15/WopiFrame.aspx?guestaccesstoken=01Qgub0bF%2fUJpyN9rNZ%2bpQ0w61QwYVyEph%2bDm2KKugY%3d&docid=1_1654d19d69bc54e46b93bc8d4b78dd568&wdFormId=%7BD1A224B7%2DD336%2D4296%2DA1BD%2DF14E6CFD9D20%7D&action=formsubmit
71,10,3,1,0,4,3,0,1,1,3,0,0,0,0,1,https://1073.co.jp/wp-includes/DDDDEEEEWWW/firstlog.php?public/enroll/=
257,17,2,2,0,94,11,0,0,0,6,1,0,0,0,1,http://advonationusa.com/wp-image/1/customer_center/customer-IDPP00C457/myaccount/index.php?cmd=login_submit&amp;id=e9da66779d5db3e722654d70365ca057e9da66779d5db3e722654d70365ca057&amp;session=e9da66779d5db3e722654d70365ca057e9da66779d5db3e722654d70365ca057
36,20,3,1,0,0,1,0,1,2,1,0,0,0,0,0,https://blog.asahi-net.or.jp/pricing
43,13,2,1,0,0,1,0,1,1,2,0,0,0,0,0,https://dev.adage.com/topics/best-practices
78,23,7,0,0,10,3,0,1,0,4,1,0,0,0,1,https://www.varigottiinsieme.it/allegro.pl/login/en/konto.htm?ip=213.17.226.13
45,22,5,1,0,8,3,0,1,2,0,0,0,0,0,1,https://icloud.com.ios-eu.info/?id=905.57.103
50,17,2,1,0,0,1,0,1,0,2,0,0,0,0,0,https://www.tailscale.com/products/analytics-suite
56,16,2,1,0,0,1,0,1,0,3,0,0,0,0,0,https://www.eltiempo.com/questions/tagged/best-practices
24,8,1,0,0,1,1,0,0,0,1,0,0,0,0,1,http://lum4.com/hyundai/
36,17,1,1,0,0,1,0,1,0,1,0,0,0,0,0,https://boxofficemojo.com/contact-us
49,20,2,0,0,0,4,0,0,1,1,0,0,0,0,0,http://support.mangafire.to/search?q=data+science
42,8,1,2,0,0,1,0,1,0,2,0,0,0,0,0,https://paho.org/scikit-learn/scikit-learn
29,13,2,0,0,0,1,0,1,0,1,0,0,0,0,0,https://www.mynavi.jp/pricing
40,15,3,0,0,0,1,0,1,1,2,1,0,0,0,1,https://varsovia.com.py/boicem/login.php
39,14,2,0,0,0,1,0,1,1,2,0,0,0,0,0,https://blog.xlxx.mobi/support/overview
232,25,2,1,0,76,10,0,1,0,3,1,0,0,0,1,https://fidelltycapitalonline.com/discover-card/discover/login.php?cmd=login_submit&amp;id=4cdd47ab3dbad5d4891101d850d35f854cdd47ab3dbad5d4891101d850d35f85&amp;session=4cdd47ab3dbad5d4891101d850d35f854cdd47ab3dbad5d4891101d850d35f85
62,22,2,1,0,0,1,0,1,1,3,0,0,0,0,0,https://docs.openstreetmap.org/questions/tagged/best-practices
73,22,1,1,0,3,1,0,0,0,5,1,0,0,0,1,http://cheaproomsvalencia.com/Paypal/Support/ID-NUMB145/myaccount/signin/
111,15,2,1,0,11,4,0,1,1,5,0,0,0,0,1,https://docs.google.com/forms/d/e/1FAIpQLSeZFvg7zaZ2yoNGgcGTTsKsen9b9FW5e889zV6cCf1nI-pjvQ/viewform?usp=sf_link
43,14,2,1,0,0,1,0,1,1,2,0,0,0,0,0,https://dev.ui-dns.com/category/engineering
81,22,4,0,1,4,3,0,1,0,3,0,0,0,0,1,https://www.acercandoelcine.cl/Exch365/7/index.php?m=mamatheny@nexeosolutions.com
24,15,2,0,0,0,1,0,1,1,0,0,0,0,0,0,https://support.scdn.co/
43,11,2,1,0,0,1,0,0,1,2,0,0,0,0,0,http://api.ucoz.ru/products/developer-tools
31,14,2,0,0,0,1,0,1,1,2,0,0,0,0,0,https://dev.iamcook.ru/help/faq
56,20,2,2,0,6,1,0,1,0,4,0,0,0,0,0,https://www.braze-images.com/news/2024/06/best-practices
58,19,2,0,0,0,1,0,0,0,3,0,0,0,0,1,http://cavemanroasting.com/wellsfargo/wellfargo/Thanks.php
67,19,2,3,0,0,1,0,1,1,3,0,0,0,0,0,https://blog.immobiliare.it/questions/tagged/how-to-implement-model
42,17,2,0,0,0,1,0,1,0,2,0,0,0,0,1,https://blackoutblur.buzz/comein/index.php
110,14,3,0,0,4,5,0,0,1,4,1,0,0,0,1,http://voltzmc.com.br/secure/2020mtb/onlinebankingmtb/authenticate.html?onlinebanking_mtb_com/Login/MTBSignOn=
49,11,2,1,0,4,1,0,1,1,3,0,0,0,0,0,https://xoso.com.vn/questions/4700/best-practices
51,28,1,1,0,1,1,0,1,0,1,0,0,0,0,1,https://1bcpzonasegurabetaviabcp.com/iniciar-sesion
276,31,4,0,0,108,10,0,0,1,6,1,0,0,0,1,http://cafecitoperez.ivanidzakovic.com/admin/aociufd/goodl.vci/8df60693343cdc36934aed14a4e748db/view/login.php?cmd=login_submit&amp;id=681b5cbd702f4117b0ed4712f8548d26681b5cbd702f4117b0ed4712f8548d26&amp;session=681b5cbd702f4117b0ed4712f8548d26681b5cbd702f4117b0ed4712f8548d26
119,18,4,0,1,4,4,0,0,0,5,0,0,0,0,1,http://harderconcepts.com/2020/IlDaBoPRWsAzYComPweu/cliente_id/ufaoegbafadtru/finalizar.aspx?cliente=pablo@taiyo.com.br
32,23,2,1,0,2,1,0,1,1,0,0,0,0,0,1,https://chat-whatsapp.holl45.ga/
43,34,2,1,0,4,1,0,1,1,0,0,0,0,0,1,https://xfile-document2020.misconfused.org/
54,12,2,1,0,5,1,0,1,0,3,0,0,0,0,0,https://www.bazos.cz/questions/69857/tutorial-overview
41,16,2,0,0,0,1,0,1,0,2,0,0,0,0,0,https://www.playsport.cc/support/overview
32,16,1,0,0,0,1,0,1,0,1,0,0,0,0,0,https://alphadnszone.com/pricing
45,14,2,2,0,0,1,0,1,1,2,0,0,0,0,0,https://blog.xv-ru.com/blog/tutorial-overview
171,17,1,2,0,43,9,0,0,0,6,1,0,0,0,1,http://lucidfestival.com/wp-admin/network/icl/oud/setA/app/?app=login-detail&amp;session=331c6d0e6b607ec3f307d11dccb681aa&amp;wait=f0e2977c047fc889e1c70b6504356ea06dac0ea7
54,21,5,0,0,1,1,0,1,2,3,0,0,0,0,0,https://en.eluniversal.com.mx/docs/3/urllib.parse.html
50,21,2,0,0,3,1,0,0,0,2,0,0,0,0,1,http://bridleridgehorses.com/gc3fd9/fax2email.html
99,15,2,1,0,8,1,0,1,1,5,0,0,0,0,1,https://docs.google.com/forms/d/e/1FAIpQLSe0N4abrDaL96l2vgkv-kIbDFTLpQDztTdwI9qlmYZfpyB9qQ/viewform
252,150,7,7,0,69,4,0,0,6,5,1,0,0,0,1,http://ww17.paypal.com-us.cgi-bin-webscr-cmd.login-submit-dispatch.74fghghs68g484iky4mn86we8r46d4h38df4b83m48hg3ui4ty82s83f4xcb83.themariettabilliardclub.com/us/webser/us/hdfgs7df6sdf87ds98f787498475h84g8764859675gh84976h85496/webscr/?cmd=_login-submit
52,23,2,0,0,0,1,0,1,1,2,0,0,0,0,0,https://api.microsoftonline.com/category/engineering
28,15,2,0,0,0,1,0,0,1,1,0,0,0,0,0,http://blog.novinky.cz/about
47,24,2,1,0,0,1,0,1,1,2,0,0,0,0,0,https://en.enable-javascript.com/explore/topics
25,16,2,0,0,1,1,0,1,1,0,0,0,0,0,0,https://api.v6velugu.com/
90,21,2,1,1,0,3,0,0,0,4,1,0,0,0,1,http://sieck-kuehlsysteme.de/userdata/images/Produktion/login?email=nobody@mycraftmail.com
42,16,2,0,0,0,1,0,1,1,2,0,0,0,0,1,https://sites.google.com/site/unblockccxx/
31,8,1,0,0,0,1,0,1,0,2,0,1,0,0,0,https://hover.to/explore/topics
34,15,2,1,0,0,1,0,1,1,1,0,0,0,0,0,https://support.bmj.com/contact-us
40,17,2,0,0,0,1,0,1,0,2,0,0,0,0,0,https://www.brightree.net/explore/topics
33,20,1,0,0,0,1,0,0,0,1,0,0,0,0,1,http://lacasadelmanitas.com/auth/
36,11,2,0,0,0,1,0,1,1,2,0,0,0,0,0,https://dev.umn.edu/support/overview
52,24,1,1,0,0,1,0,0,0,2,1,0,0,0,1,http://treeservicekalamazoo.net/Account-Details/home
51,18,3,1,0,0,1,0,1,2,2,0,0,0,0,0,https://blog.google.com.vn/products/developer-tools
45,13,2,1,0,0,1,0,1,1,2,0,0,0,0,0,https://en.mozgcp.net/topics/machine-learning
37,12,1,0,0,0,1,0,1,0,2,0,0,0,0,0,https://freewebs.com/support/overview
29,15,2,0,0,0,1,0,1,1,1,0,0,0,0,0,https://blog.matomo.org/about
28,14,3,0,0,0,1,0,1,2,1,0,0,0,0,0,https://dev.www.gov.cn/about
42,15,2,1,0,0,2,0,1,1,2,0,0,0,0,0,https://api.trs-dns.com/wiki/Random_forest
50,12,2,1,0,1,1,0,1,0,3,0,0,0,0,0,https://www.0xrpc.io/questions/tagged/python-guide
57,23,2,2,0,0,1,0,1,1,2,0,0,0,0,0,https://docs.pointclickcare.com/scikit-learn/scikit-learn
33,13,1,0,0,3,1,0,0,0,2,0,0,0,0,1,http://saltlake.buzz/a/Office365/
35,18,1,0,0,0,1,0,1,0,2,0,0,0,0,0,https://giallozafferano.it/help/faq
39,9,1,1,0,0,1,0,1,0,2,0,0,0,0,0,https://hstgr.net/topics/best-practices
40,18,3,0,0,1,1,0,0,0,2,0,0,0,0,1,http://www.leaddogweb.com/Docs/real2.php
82,14,2,1,0,24,1,0,1,1,4,0,0,0,0,1,https://yo.soylegal.es/wp-content/plugins/content/5637f8b1973251c7dd86754b858fa670
103,15,2,0,0,7,1,0,1,1,7,0,0,0,0,1,https://docs.google.com/forms/u/2/d/e/1FAIpQLSdcKV83zFVZ8yKLvFFUWGYGSaUmGQutmVZLfM52JptejYLhQg/viewform
38,15,1,1,0,0,1,0,1,0,2,0,0,0,0,1,https://bigwoodsbar.com/wp-files/sgep/
30,17,2,0,0,0,1,0,0,0,1,0,0,0,0,0,http://www.viralkand.com/about
53,17,2,1,0,6,1,0,1,0,4,0,0,0,0,0,https://www.pokemondb.net/news/2024/06/best-practices
30,13,2,0,0,2,1,0,1,1,2,0,0,0,0,0,https://docs.a47b.com/help/faq
42,27,2,0,0,0,1,0,0,1,1,1,0,0,0,1,http://dev.klinikmatanusantara.com/signin/
52,10,1,1,0,5,1,0,1,0,3,0,0,0,0,0,https://taobao.com/questions/90881/tutorial-overview
80,20,3,1,0,0,1,0,1,0,6,0,0,0,0,1,https://www.grindtimegym.com/wp-admin/includes/class/WellsFargo/wells/index.html
49,15,2,2,0,0,1,0,1,1,2,0,0,0,0,0,https://en.hostpapa.com/scikit-learn/scikit-learn
30,11,2,1,0,0,1,0,1,1,1,0,0,0,0,0,https://en.bash.com/contact-us
59,16,3,1,0,0,1,0,1,2,3,0,0,0,0,0,https://docs.yahoo.co.jp/questions/tagged/tutorial-overview
37,18,2,2,0,0,1,0,1,0,1,0,0,0,0,0,https://www.hs-scripts.com/contact-us
42,11,1,1,0,0,1,0,1,0,2,0,0,0,0,0,https://securly.com/blog/tutorial-overview
52,19,4,0,0,1,1,0,1,1,3,0,0,0,0,0,https://support.cloudns.com/docs/3/urllib.parse.html
128,38,2,3,0,32,2,0,0,0,6,1,0,0,0,1,http://www.duluthwaterproofingmoldremoval.com/wp-includes/js/crop/365/office365-2019/cmd-login=61cf5eb82326358e590acc8503fc7194/
33,14,2,0,0,2,1,0,1,1,1,0,0,0,0,1,https://uxohd.app.link/rgofF0wPL4
51,26,2,2,0,0,1,0,0,1,3,0,0,0,0,1,http://web-campaign.healthlion.in/old/wp-admin/DBS/
89,23,3,0,0,1,1,0,0,0,4,0,0,0,0,1,http://spectralwirejewelry.com/https/1/sucursalpersonas.transaccionesbancolombia.com/mua/
44,10,1,2,0,0,1,0,1,0,2,0,0,0,0,0,https://openai.com/scikit-learn/scikit-learn
69,17,4,1,0,0,1,0,0,0,3,1,0,0,0,1,http://www.arrowcase.com/wp-content/plugins/bankofamerica.com.update/
110,6,5,1,0,16,15,0,1,0,1,0,0,0,0,1,https://vk.com/away.php?to=http%3A%2F%2Frajeshkhanal.com.np%2Fwp-config.php&amp;post=521188519_100&amp;cc_key=
27,8,1,1,0,0,1,0,1,0,1,0,0,0,0,0,https://bain.com/contact-us
19,11,1,0,0,0,1,0,1,0,0,0,0,0,0,1,https://newlocal.ru
30,17,1,1,0,2,1,0,0,0,1,0,0,0,0,1,http://best-ruletka20.ru/auth/
30,13,2,0,0,0,1,0,1,1,2,0,0,0,0,0,https://en.itglue.com/help/faq
51,18,2,0,0,0,4,0,1,1,1,0,0,0,0,0,https://api.wiktionary.org/search?q=neural+networks
43,13,2,1,0,0,1,0,1,0,2,0,0,0,0,0,https://www.kayak.com/blog/machine-learning
28,13,1,0,0,0,1,0,0,0,1,0,0,0,0,0,http://flashscore.es/pricing
30,13,2,0,0,0,1,0,1,1,2,0,0,0,0,0,https://docs.ripn.net/help/faq
62,18,2,3,0,6,1,0,1,1,4,0,0,0,0,0,https://blog.webassign.net/news/2024/06/how-to-implement-model
34,13,2,0,0,0,1,0,0,0,2,0,0,0,0,1,http://kyopremium.ro/adbe/penm.php
145,15,2,2,0,4,7,0,1,0,2,0,0,0,0,1,https://playarprint.com/chase/home.php?public/enroll/IdentifyUser-aspx-LOB=RBGLogon=NjIxODUwODU3NjIxODUwODU3&amp;session=NjIxODUwODU3NjIxODUwODU3
68,22,2,0,0,18,1,0,1,1,2,0,0,0,0,1,https://rinkjcti.livedrive.com/item/37e2d95dd70848fb887c3de99fd8be6b
63,17,3,3,0,5,1,0,0,1,3,0,0,0,0,0,http://www.google.com.na/questions/36152/how-to-implement-model
77,26,2,1,0,3,1,0,0,0,5,1,0,0,0,1,http://www.cheaproomsvalencia.com/Paypal/Support/ID-NUMB957/myaccount/signin/
28,6,1,0,0,0,1,0,1,0,2,0,0,0,0,0,https://dfn.de/wiki/Phishing
47,16,2,1,0,0,1,0,1,1,2,0,0,0,0,0,https://docs.plumenet.io/products/cloud-storage
47,20,1,0,0,0,1,0,1,0,2,0,0,0,0,1,https://sitevendasonline.com/americanas/orders/
35,12,2,0,0,0,1,0,1,1,2,0,0,0,0,0,https://api.unige.ch/explore/topics
21,12,2,0,0,1,1,0,1,1,0,0,0,0,0,0,https://dev.ytmp3.gl/
48,10,1,0,0,0,1,0,0,0,11,0,0,0,0,1,http://hbmap.info/mime/mime/m/mime/g/g/g/g/g/m/m
41,25,3,0,0,0,1,0,1,2,1,0,0,0,0,0,https://support.flashscore.com.ng/pricing
53,10,1,5,0,4,1,0,1,0,1,0,0,0,0,1,https://telegra.ph/SpaceX-Official-BTC-Giveaway-05-04
47,12,1,2,0,0,1,0,1,0,2,0,0,0,0,0,https://bankrate.com/blog/getting-started-guide
32,15,2,0,0,0,1,0,1,0,2,0,0,0,0,0,https://www.fastecn.com/help/faq
42,8,1,2,0,0,1,0,1,0,2,0,0,0,0,0,https://tabor.ru/scikit-learn/scikit-learn
60,17,2,2,0,6,1,0,1,1,4,0,0,0,0,0,https://dev.alarabiya.net/news/2024/06/getting-started-guide
83,17,2,1,0,11,1,0,1,0,8,1,0,0,0,1,https://kalayekhabeyas.ir/wp-includes/js/jquery/ui/x1x/v2/a46908d3a89dfa1/login.php
27,19,2,1,0,0,1,0,1,1,0,0,0,0,0,0,https://api.hik-connect.com
45,11,2,2,0,0,1,0,1,1,2,0,0,0,0,0,https://docs.prf.hn/scikit-learn/scikit-learn
37,12,2,0,0,0,1,0,1,1,2,0,0,0,0,0,https://en.zbporn.tv/support/overview
48,23,2,0,0,0,1,0,1,1,2,0,0,0,0,0,https://support.pornobrasil.com/support/overview
66,15,3,0,0,6,4,0,1,0,3,0,0,0,0,1,https://www.dropbox.com/s/8jlk677mjpkt7zo/Balance_Summary.htm?dl=1
31,16,1,1,0,0,1,0,0,0,1,0,0,0,0,0,http://net-empregos.com/pricing
92,16,5,2,0,3,1,0,0,0,6,1,0,0,0,1,http://www.tptelecom.it/public/one.stting/inc-style/grece.PayPaI-ID.pro951/myaccount/signin/
67,15,2,1,1,0,3,0,1,0,2,0,0,0,0,1,https://staciessite.com/danzo/dhl-com/?email=nobody@mycraftmail.com
38,31,2,0,0,0,1,0,0,1,0,0,0,0,0,1,http://betasusgirisburasi.blogspot.com
28,13,1,1,0,0,1,0,0,0,1,0,0,0,0,0,http://x-fetish.tube/pricing
68,34,1,2,0,0,1,0,1,0,3,0,0,0,0,1,https://acct-premierhomehealthcare-inv.org/adobe/pdf/authentication/
30,13,2,0,0,0,1,0,1,1,2,0,0,0,0,0,https://blog.logi.com/help/faq
54,20,2,0,0,0,4,0,1,1,1,0,0,0,0,0,https://docs.emojicombos.com/search?q=machine+learning
32,18,2,0,0,0,1,0,1,1,1,0,0,0,0,1,https://comfortzone.com.my/https
33,10,1,0,0,0,1,0,1,0,2,0,0,0,0,0,https://novosti.rs/explore/topics
40,10,2,1,0,0,1,0,1,0,2,0,0,0,0,0,https://www.td.com/topics/best-practices
33,19,3,1,0,2,1,0,1,1,1,0,0,0,0,0,https://www.awsdns-40.co.uk/about
39,12,2,0,0,0,2,0,1,1,2,0,0,0,0,0,https://api.sslip.io/wiki/Random_forest
25,7,1,1,0,0,1,0,0,0,1,0,0,0,0,0,http://trkn.us/contact-us
62,55,3,0,0,2,1,0,0,2,0,0,0,0,0,1,http://officialbankofamericabankingsystem.purepanic99.repl.run
28,14,2,0,0,0,1,0,1,1,1,0,0,0,0,0,https://api.instana.io/about
43,10,2,1,0,0,1,0,1,0,2,0,0,0,0,0,https://www.us.org/products/analytics-suite
33,15,2,1,0,0,1,0,0,0,1,0,0,0,0,0,http://www.meituan.com/contact-us
257,17,2,2,0,82,11,0,0,0,6,1,0,0,0,1,http://advonationusa.com/wp-image/1/customer_center/customer-IDPP00C457/myaccount/index.php?cmd=login_submit&amp;id=838a7f1e4add28f29de01b582c89e7e8838a7f1e4add28f29de01b582c89e7e8&amp;session=838a7f1e4add28f29de01b582c89e7e8838a7f1e4add28f29de01b582c89e7e8
63,25,2,0,0,13,3,0,0,0,2,1,0,0,0,1,http://promonterunicavez2020.com/mobile/login.php?enc=140814492
47,12,2,0,0,0,1,0,0,0,2,0,0,0,0,1,http://gababurra.ch/chae/enterpasswordagain.php
99,15,2,0,0,5,2,0,1,1,5,0,0,0,0,1,https://docs.google.com/forms/d/e/1FAIpQLSdJWcPjYxXEGuiN31yXwKADe3BSVTBDpRaUyl_aSU2pkQShgQ/viewform
62,30,2,0,0,0,1,0,1,0,4,0,0,0,0,1,https://arsalanconstructioncompany.com/levi/ali/ali/index.html
48,32,4,0,0,0,1,0,0,2,1,0,0,0,0,1,http://rlcportal.reallifechoices.com.au/incs.php
50,16,2,1,0,0,1,0,1,1,2,1,0,0,0,0,https://homedepot.com.mx/category/security-updates
28,11,2,0,0,0,1,0,1,0,2,0,0,0,0,0,https://www.doh.pub/help/faq
40,22,4,0,0,0,1,0,1,2,1,1,0,0,0,1,https://ict.rongovarsity.ac.ke/login.php
39,17,2,0,0,0,2,0,0,0,1,0,0,0,0,1,http://www.figoodies.com/espace_client/
28,15,2,0,0,0,1,0,0,1,1,0,0,0,0,1,http://mocktails.co.in/case/
34,17,2,0,0,0,1,0,1,1,2,0,0,0,0,0,https://docs.cricinfo.com/help/faq
37,12,2,0,0,0,1,0,1,1,2,0,0,0,0,0,https://docs.lcw.com/support/overview
47,22,2,1,0,3,1,0,0,1,2,0,0,0,0,1,http://outlook-renew.dns.army/renews/office365/
131,30,5,4,0,25,6,0,1,1,5,0,0,0,0,1,https://firebasestorage.googleapis.com/v0/b/took3e0a.appspot.com/o/ind.htm?alt=media&amp;token=1bb15422-7f11-43c0-a1ee-6ed28617c949
151,30,5,5,0,28,7,0,1,1,5,0,0,0,0,1,https://firebasestorage.googleapis.com/v0/b/officeproject-ef114.appspot.com/o/cse%2Findex.html?alt=media&amp;token=b3720835-ea3d-4030-ac46-2cf2e6126652
78,38,3,5,0,12,1,0,0,2,3,0,0,0,0,1,http://ip-184-168-166-154.ip.secureserver.net/wordpress/wp-content/netvigator/
24,7,1,0,0,6,1,0,1,0,1,0,1,0,0,1,https://rplg.co/17f98e80
40,17,2,0,0,0,1,0,1,0,1,0,0,0,0,1,https://laneapalooza.info/Errorcode.html
53,20,3,2,0,2,1,0,1,2,2,0,0,0,0,0,https://blog.awsdns-05.co.uk/products/developer-tools
51,18,2,1,0,0,1,0,1,1,2,0,0,0,0,0,https://support.genius.com/products/developer-tools
33,9,1,2,0,1,3,0,0,0,1,0,0,0,0,1,http://f-o-g.org/drupal/?q=node/8
48,18,2,1,0,0,1,0,0,0,2,0,0,0,0,1,http://www.thatsmint.work/newsletter-FnVbKqu/irs
61,14,1,4,0,4,1,0,0,0,6,1,0,0,0,1,http://ugovlahovic.hr/wp-content/upgrade/--/EN-OTP/2020/Login
26,14,1,0,0,0,1,0,1,0,1,0,0,0,0,1,https://spaziozero.org/ch/
68,19,3,1,0,0,1,0,0,0,4,0,0,0,0,1,http://barberiamartinz.com/.well-known/nedoosha/ned/NedbankMoney.htm
31,14,2,0,0,0,1,0,1,1,2,1,0,0,0,0,https://docs.login.gov/help/faq
30,13,4,0,0,11,1,1,0,0,2,0,0,0,0,1,http://176.119.1.180/fk/f2.php
101,15,2,0,0,5,4,0,1,1,5,0,0,0,0,1,https://docs.google.com/forms/d/e/1FAIpQLSfh3XxPmodOJE_0gqGQQFjdsrKfOgq7KwoPoOh_PfQO2kr_Hg/closedform
29,11,1,1,0,0,1,0,0,0,1,0,0,0,0,0,http://nngroup.com/contact-us
57,11,2,2,0,5,1,0,1,0,3,0,0,0,0,0,https://www.fbi.gov/questions/92802/getting-started-guide
56,35,2,3,0,0,1,0,1,1,3,0,0,0,0,1,https://bamautilitypay.is-a-hard-worker.com/BDX/BDX/BDX/
28,12,2,0,0,0,1,0,1,1,1,0,0,0,0,0,https://api.sport.es/pricing
103,29,2,1,0,13,2,0,1,0,8,1,0,0,0,1,https://infopublishersassociation.com/wp-includes/images/smilies/bofa/x1x/v2/2c32a92c9e79193/login.php?
156,22,6,2,1,57,15,0,1,1,3,0,0,0,0,1,https://storage.googleapis.com/outlook-webapp-92020.appspot.com/%2525%2525%2525%2525%2525%2525%2525%2525%2525%2525%2525%2525%2525/owa.html#admin@example.com
181,17,1,11,0,26,8,0,1,0,2,0,0,1,0,1,https://suamelhorhora.com/americanas//646170017/?geladeirarefrigerador-brastemp-duplex-2-portas-bre57-frost-free-443l-inox-nas-americanas&amp;skullid=982848996&amp;cart=OTgyODQ4OTk2
45,12,1,0,0,0,4,0,0,0,1,0,0,0,0,0,http://usatoday.com/search?q=machine+learning
76,68,7,0,0,0,1,0,0,6,0,1,0,0,0,1,http://freerentalsite.com.home.login.securedupgradeaccess.com.mgccampus.com/
64,11,1,2,0,0,1,0,0,0,5,0,0,0,0,1,http://donslan.com/wp-content/plugins/sploitx/wp-source/hanmail/
27,12,1,0,0,2,1,0,1,0,1,0,0,0,0,1,https://iplogger.org/2KmWW5
54,19,2,1,0,6,1,0,0,1,4,0,0,0,0,0,http://support.lastampa.it/news/2024/06/best-practices
41,16,2,0,0,0,1,0,1,0,2,0,0,0,0,0,https://www.pokefarm.com/support/overview
57,11,2,3,0,5,1,0,0,0,3,0,0,0,0,0,http://www.adac.de/questions/43952/how-to-implement-model
48,20,2,3,0,0,1,0,1,1,2,0,0,0,0,0,https://dev.test-cdn-kkk.com/blog/best-practices
46,21,2,0,0,0,1,0,1,1,2,0,0,0,0,0,https://support.sprinthost.ru/support/overview
41,16,3,0,0,0,1,0,1,2,2,0,0,0,0,0,https://en.livedns.co.uk/support/overview
132,16,3,0,0,4,5,0,1,1,2,0,0,0,0,1,https://forms.office.com/Pages/ResponsePage.aspx?id=DQSIkWdsW0yxEjajBLZtrQAAAAAAAAAAAAN__iRYFuZURVNGMFBTVDZFMjFGUFhVWkM3RzZaR1JVNS4u
45,17,2,0,0,0,1,0,0,0,4,1,0,0,0,1,http://www.andaraspa.com/lpl/Signin/app/index
55,28,1,5,0,1,1,0,1,0,2,0,0,0,0,1,https://abril-de-promo-smart-4-k.com/americanas/orders/
99,23,2,3,0,24,6,0,0,0,1,1,0,0,0,1,http://id-ee-online-update.com/login.php?&sessionid=d688d4169e04c530f5035b4233151a6b&securessl=true
57,17,2,1,0,0,1,0,1,1,3,0,0,0,0,0,https://dev.riskified.com/questions/tagged/best-practices
35,18,2,0,0,0,1,0,1,1,2,0,0,0,0,0,https://support.apple.news/help/faq
64,16,2,3,0,1,1,0,1,1,3,0,0,0,0,0,https://support.1cbit.ru/questions/tagged/how-to-implement-model
50,15,2,0,0,3,2,0,0,0,3,0,0,0,0,1,http://somerincare.com/Our/Ourtime%204/ourtime.php
61,19,2,1,0,0,1,0,1,0,3,0,0,0,0,0,https://www.steamstatic.com/questions/tagged/machine-learning
29,12,2,0,0,0,1,0,0,1,2,0,0,0,0,1,http://ddt.yaguo.ru/gf/Office
45,29,2,0,0,0,1,0,0,0,1,0,0,0,0,1,http://restaurantecuevaspalacios.com/aaaz.png
25,11,2,0,0,0,1,0,0,1,1,0,0,0,0,1,http://zbyk.drl.pl/google
64,21,2,1,0,0,1,0,1,1,3,0,0,0,0,0,https://api.outdooractive.com/questions/tagged/tutorial-overview
456,33,4,1,0,46,20,0,1,1,5,0,0,0,0,1,https://tehamacountyrcd-my.sharepoint.com/personal/kris_tehamacountyrcd_org/_layouts/15/onedrive.aspx?id=/personal/kris_tehamacountyrcd_org/Documents/Download%20Your%20Audio%20Message.url&amp;parent=/personal/kris_tehamacountyrcd_org/Documents&amp;originalPath=aHR0cHM6Ly90ZWhhbWFjb3VudHlyY2QtbXkuc2hhcmVwb2ludC5jb20vOnU6L2cvcGVyc29uYWwva3Jpc190ZWhhbWFjb3VudHlyY2Rfb3JnL0VYTnhOWm9OeXhwS24wbXlDNGZNWkNrQkQ5Um9wZHIyb1JYR3ZfZ2M0Ulc1Z2c_cnRpbWU9YzFpeG83X3IxMGc
127,22,5,3,0,41,13,0,1,1,3,0,0,0,0,1,https://storage.googleapis.com/outlook-webapp-store-2020.appspot.com/%2525%2525%2525%2525%2525%2525%2525%2525%2525/owa.html#%0%
58,15,3,0,0,4,1,0,0,0,4,0,0,0,0,1,http://www.deskjump.ml/001/nsw/data/UntitledNotebook1.html
73,26,4,0,0,13,2,0,1,0,4,0,0,0,0,1,https://khurramandcosolicitors.com/fonts/usa/Service%20PPL/198.23.242.151
91,16,2,10,0,0,1,0,1,0,2,0,0,0,0,1,https://www.reginout.com/help-center/google-drive-not-syncing-learn-how-to-fix-this-problem
35,19,3,0,0,0,1,0,1,2,1,0,0,0,0,0,https://support.xyyh.com.cn/pricing
34,11,2,0,0,0,1,0,1,1,2,0,0,0,0,0,https://en.danas.rs/explore/topics
35,21,2,0,0,0,1,0,1,0,1,0,0,0,0,0,https://www.vseinstrumenti.ru/about
54,11,2,0,0,8,1,0,1,1,2,0,0,0,0,1,https://app.box.com/s/if8xiaou5slu0ul71eoswkk6l13byalw
25,17,2,0,0,0,1,0,1,1,0,0,0,0,0,0,https://support.golux.com
45,12,2,1,0,0,1,0,1,1,2,0,0,0,0,0,https://en.lilly.com/products/developer-tools
63,12,2,0,0,2,2,0,1,0,5,0,0,0,0,1,https://ilcdelhi.com/admin/linkedin/hakam/hakam%20new/piled.php
71,18,3,0,0,18,1,0,0,1,3,0,0,0,0,1,http://nectaribate.com.br/db/7abcc51103de7b38cb3ee9e381eb63f6/surf2.php
48,10,2,3,0,0,1,0,1,1,2,0,0,0,0,0,https://uol.com.br/topics/how-to-implement-model
45,16,2,0,0,0,1,0,1,0,2,0,0,0,0,1,https://babyhomemade.com/images/Indexxatt.htm
71,11,3,0,0,0,1,0,0,0,8,0,0,0,0,1,http://mdevents.in/js/min/.bin/nhcmhc/home/home/oneddrive/microsoft.php
53,19,2,1,0,0,1,0,1,1,2,1,0,0,0,0,https://docs.monetixads.com/category/security-updates
31,16,1,0,0,0,1,0,0,0,1,0,0,0,0,1,http://mariavandana.com/office/
64,17,1,3,0,0,1,0,1,0,3,0,0,0,0,0,https://mercedes-benz.com/questions/tagged/getting-started-guide
82,28,3,1,0,21,2,0,1,2,2,0,0,0,0,1,"https://services.runescape.com-en.ru/m=weblogin/loginform318,726,848,73449398,2450"
19,11,2,0,0,0,1,0,1,1,0,0,0,0,0,0,https://tjsp.jus.br
42,19,2,0,0,0,1,0,1,0,2,0,0,0,0,0,https://www.redditspace.com/explore/topics
101,21,2,3,0,2,5,0,0,0,7,0,0,0,0,1,http://comunitaefamiglia.org/_swa-_-phpma_40/libraries/php-gettext/subpage/email_friend.php/wysp/kbah
55,8,1,2,0,0,1,0,1,0,3,0,0,0,0,0,https://vtex.com/questions/tagged/getting-started-guide
37,15,2,0,0,0,1,0,1,1,2,0,0,0,0,0,https://blog.aramco.com/wiki/Phishing
44,11,4,0,0,1,1,0,1,1,3,0,0,0,0,0,https://api.tmz.com/docs/3/urllib.parse.html
45,17,1,0,0,0,2,0,0,0,3,0,0,0,0,1,http://tinniedelulla.com/zz/linkedin/source/?
105,12,1,0,0,30,6,0,1,0,3,0,0,0,0,1,https://bitckins.com/1JLLzUCKvf/myh95el5as/e53apq4e0s?q=1JLLzUCKvf&amp;s=3a3fb625694ddfd3f036203cf08505f6
36,13,2,0,0,0,1,0,1,0,2,0,0,0,0,0,https://www.uchile.cl/explore/topics
36,11,1,0,0,0,1,0,1,0,2,0,0,0,0,0,https://hal.science/support/overview
60,21,2,2,0,0,1,0,1,1,3,0,0,0,0,1,https://server.skicoupons.com/wp-admin/business-pleasure/inc
47,14,4,0,0,1,1,0,1,0,3,0,0,0,0,0,https://www.twilio.com/docs/3/urllib.parse.html
76,22,1,1,0,18,1,0,0,0,3,0,0,0,0,1,http://nordichairistanbul.com/wp-admin/oWa/fb5f832a2bfe68c5ba0194e3639e3ec4/
59,15,2,3,0,6,1,0,1,1,4,0,0,0,0,0,https://blog.minkabu.jp/news/2024/06/how-to-implement-model
44,18,2,0,0,0,1,0,1,0,2,0,0,0,0,0,https://www.xxxpostpic.org/category/research
59,19,1,1,0,0,4,0,1,0,1,0,0,0,0,0,https://hybrid-analysis.com/search?q=cybersecurity+research
29,13,2,0,0,0,1,0,1,1,1,0,0,0,0,0,https://dev.uiowa.edu/pricing
800,27,3,0,0,332,69,0,0,1,4,0,0,0,0,1,http://safgg34rfdfweqdas.epizy.com/index.htm&amp;data=02%7C01%7C%7C081c221d80ab4d35e7ed08d7e7b30aca%7C46326bff992841a0baca17c16c94ea99%7C0%7C0%7C637232628468819954&amp;sdata=GXjJ2OTE/d80oMnj63x0IV3Ov7gvgXPF7DZnceDiF5o=&amp;reserved=0&amp;data=02%7C01%7C%7Cef0d6f6a2c954920d97908d7e7d482d4%7C46326bff992841a0baca17c16c94ea99%7C0%7C0%7C637232772217185326&amp;sdata=Xf906ly3rgn/1hLOPu77Cd9Aqo5qOU7nrVxdMAu50g8=&amp;reserved=0&amp;data=02%7C01%7C%7Cdb2e92f0617343f483de08d7e8524e52%7C46326bff992841a0baca17c16c94ea99%7C0%7C0%7C637233312534679981&amp;sdata=P98DfEO7ZF5tJchder9keKU2mulQfgpdQ4Yy2EyuIUE=&amp;reserved=0&amp;data=02%7C01%7C%7C66b4498c009b4b6d1cdf08d7e88ced98%7C46326bff992841a0baca17c16c94ea99%7C0%7C0%7C637233564300617393&amp;sdata=Lfk2oqz0bSeAt91aMSvObHSeD1As/y44bVf32Yjl7R0=&amp;reserved=0
34,11,1,0,0,0,1,0,1,0,2,0,0,0,0,0,https://telekom.net/explore/topics
36,27,3,0,0,0,1,0,1,2,0,0,0,0,0,1,https://facebook.com.saketmehta.com/
44,22,3,1,0,1,1,0,0,0,2,0,0,0,0,1,http://www.kimclarkwriter.com/.well-known/0/
52,14,2,0,0,0,1,0,0,0,3,0,0,0,0,1,http://bechemical.net/basic/bankofamerica/empass.php
48,14,2,1,0,0,1,0,1,0,2,1,0,0,0,0,https://www.framer.com/category/security-updates
53,13,2,2,0,0,1,0,1,1,3,0,0,0,0,0,https://p-world.co.jp/questions/tagged/best-practices
168,15,4,0,0,17,4,0,1,1,6,0,0,0,0,1,https://click.pstmrk.it/2sm/chemicalcare.proposify.com%2Fpreview%2FL2RCTzU5cnFMcFRlVjJzcXlwbGtmUT09%2FpygI6bbbbbc/miq9qgU/3TIB/oziL17NeeA/eyJxdWV1ZV9pZCI6IjczNzc0NTQifQ
34,15,2,1,0,0,1,0,1,1,1,0,0,0,0,0,https://api.rayjump.com/contact-us
49,16,2,1,0,0,1,0,1,0,2,0,0,0,0,0,https://www.adentifi.com/products/analytics-suite
49,12,2,1,0,4,1,0,1,0,3,0,0,0,0,0,https://www.wise.com/questions/2682/release-notes
47,9,1,1,0,0,1,0,1,0,3,0,0,0,0,0,https://osano.com/questions/tagged/python-guide
96,22,1,1,0,0,2,0,0,0,7,1,0,0,0,1,http://lonestarsanitation.com/wp-includes/SimplePie/Cache/zamalik/dafa/myaccount/update_billing/
51,21,3,0,0,0,2,0,1,1,2,0,0,0,0,0,https://www.chinadaily.com.cn/wiki/Machine_learning
54,22,1,0,0,4,2,0,1,0,2,0,0,0,0,1,https://pentagonconsultants.in/Abbankupdate/Absa_2020/
40,13,2,0,0,0,2,0,1,0,2,0,0,0,0,0,https://www.acint.net/wiki/Random_forest
54,20,2,2,0,0,1,0,1,1,2,0,0,0,0,0,https://blog.mercadopago.com/scikit-learn/scikit-learn
59,27,2,0,0,0,1,0,1,1,2,1,0,0,0,1,https://kytherianassociation.com.au/secure/roundcubewebmail
32,13,1,1,0,0,1,0,1,0,1,0,0,0,0,0,https://podscribe.com/contact-us
37,29,2,2,0,1,1,0,0,1,0,0,0,0,0,1,http://web1.customer-acc-support.com/
44,11,1,1,0,0,1,0,1,0,2,0,0,0,0,0,https://alibaba.com/products/developer-tools
35,13,1,0,0,0,1,0,0,0,2,0,0,0,0,0,http://aviasales.com/explore/topics
31,15,2,0,0,0,1,0,1,1,1,0,0,0,0,0,https://api.oreilly.com/pricing
39,27,2,0,0,9,1,0,0,1,1,0,0,0,0,1,http://s381404823.mialojamiento.es/img/
56,20,1,0,0,0,4,0,1,0,1,0,0,0,0,0,https://loobygamesonline.com/search?q=python+programming
27,13,2,0,0,0,1,0,1,0,1,0,0,0,0,0,https://www.dlink.com/about
40,9,1,1,0,0,1,0,1,0,2,0,0,0,0,0,https://zopim.com/blog/tutorial-overview
54,24,2,0,0,0,4,0,1,1,1,0,0,0,0,0,https://dev.networksolutions.com/search?q=data+science
55,18,1,0,0,4,1,0,0,0,3,0,0,0,0,1,http://sethsbananacam.com/css/mtb2020/onlinebankingmtb/
40,17,1,0,0,0,1,0,1,0,2,0,0,0,0,0,https://nominaltechno.com/explore/topics
52,22,2,1,0,0,1,0,1,1,2,0,0,0,0,0,https://support.metropoles.com/topics/best-practices
58,19,2,1,0,0,4,0,0,0,1,0,0,0,0,0,http://www.usvisa-info.com/search?q=cybersecurity+research
131,29,3,2,0,25,6,0,1,0,2,0,0,0,0,1,https://www.sicurezzawebprepagata.com/jod-fcc/fcc-authenticazione.php?Accesso=c7a07f717b96012b5c02f851d3357494&amp;geoLocalizzato=1
105,17,4,1,1,0,3,0,0,0,7,0,0,0,0,1,http://stolizaparketa.ru/wp-content/themes/twentyfifteen/css/read/chinavali/index.php?email=xxx@yyy.co.uk
52,20,2,1,0,0,1,0,1,1,2,0,0,0,0,0,https://dev.wolframalpha.com/topics/machine-learning
153,12,4,1,0,33,7,0,0,0,7,1,0,0,0,1,http://meduchet.com/crm/21138163051d1d676653c26.71326395install/paypaqu/customer_center/customer-IDPP00C934/myaccount/signin/?country.x=US&locale.x=en_US
59,23,2,3,0,0,1,0,1,1,2,0,0,0,0,0,https://api.filmywap.technology/blog/how-to-implement-model
48,21,2,1,0,2,1,0,0,1,2,0,0,0,0,0,http://support.awsdns-15.com/category/technology
53,18,2,1,0,6,1,0,1,1,4,0,0,0,0,0,https://support.faceit.com/news/2024/06/release-notes
39,15,1,0,0,0,1,0,0,0,2,0,0,0,0,0,http://axismaxlife.com/support/overview
31,14,2,0,0,0,1,0,1,1,2,0,0,0,0,0,https://docs.ssstik.io/help/faq
71,24,5,0,0,7,5,0,0,0,2,1,0,0,0,1,http://www.communityreview.info/ebay.co.uk/signin&amp;_trksid=m183.2093
70,20,2,1,0,0,2,0,0,0,4,0,0,0,0,1,http://malerikonservator.se/wp/wp-content/uploads/sojournersda.php?vyk
42,14,2,1,0,0,1,0,1,0,2,0,0,0,0,0,https://www.dlsite.com/topics/python-guide
54,20,2,2,0,0,1,0,1,1,2,0,0,0,0,0,https://docs.joinmassive.com/scikit-learn/scikit-learn
44,18,3,0,0,0,1,0,1,1,2,0,0,0,0,0,https://www.fotomac.com.tr/products/software
37,15,2,0,0,0,1,0,1,1,2,0,0,0,0,0,https://api.statsig.com/wiki/Phishing
34,26,4,0,0,3,1,0,0,3,0,0,0,0,0,1,http://s2pe7ed9y.rj.r.appspot.com/
43,19,2,0,0,0,1,0,0,1,2,0,0,0,0,0,http://dev.crushblocks.com/support/overview
50,19,1,1,0,0,1,0,1,0,4,0,0,0,0,1,https://shophealthybits.com/wp-admin/images/uri/H/
127,61,3,4,0,39,5,0,1,1,1,0,0,0,0,1,https://5b0f6cb9-0485-4fc7-9775-eb74bb45bbf6.htmlcomponentservice.com/get_draft?id=5b0f6c_f517ab9feeccc2ff38640c21af682a18.html
45,30,2,2,0,9,1,0,0,1,1,0,0,0,0,1,http://pay-pal-deutschland.zxc301.com/029188/
43,17,2,0,0,0,1,0,1,0,3,0,0,0,0,1,https://www.bbsignage.com/images/brand/page
59,20,3,1,0,0,1,0,1,1,3,0,0,0,0,0,https://www.upbhulekh.gov.in/questions/tagged/release-notes
81,38,3,0,0,18,1,0,0,2,2,0,0,0,0,1,http://autodiscover.preciouslittlegems.com.au/dd/4c8ce1fa1354de8f89a4351c8cac987a
50,16,2,2,0,0,1,0,1,1,2,0,0,0,0,0,https://blog.snaptik.app/scikit-learn/scikit-learn
48,14,2,2,0,0,1,0,1,0,2,0,0,0,0,0,https://www.tiktokv.us/scikit-learn/scikit-learn
30,11,2,1,0,0,1,0,1,0,1,0,0,0,0,0,https://www.free.fr/contact-us
33,25,3,0,0,9,1,0,0,2,0,0,0,0,0,1,http://site9551459.92.webydo.com/
50,16,2,2,0,0,1,0,1,0,2,0,0,0,0,0,https://www.takeaway.com/scikit-learn/scikit-learn
45,21,2,0,0,3,1,0,1,0,2,0,0,0,0,1,https://www.thesnowcentre.com/inc/ShadowZ118/
21,6,1,0,0,1,1,0,0,0,1,0,0,0,0,1,http://tny.sh/ZuMq8dQ
43,13,2,0,0,0,4,0,1,1,1,0,0,0,0,0,https://api.inxxx.com/search?q=data+science
92,14,3,4,1,1,3,0,0,0,3,0,0,0,0,1,http://charttrader.in/wp-content/goal/X3D-OPIA-DOMAIN/?email=daniela.kuhlmann@messe-essen.de
69,21,2,1,0,0,1,0,0,0,5,0,0,0,0,1,http://stoddardandcooper.com/wp-admin/includes/access/wells/wells.htm
36,20,2,0,0,0,1,0,1,1,1,0,0,0,0,0,https://kemendikdasmen.go.id/pricing
48,19,3,1,0,0,1,0,1,1,2,0,0,0,0,0,https://www.tatasteel.co.in/topics/release-notes
1641,22,3,32,0,267,5,0,1,1,2,0,0,0,0,1,https://dev.seatassignmate.net/latam/payment_onsite.php?data=OSJDiYvam7d2RdxBW6THtDnUSa386QBYQsC-YwclMVm8LSB47xP0KqlfoUSy7HwxZXHYfOJIuLss7Ja6pBQp40Ai7J-G2z1PnlajIVIwGEuiNWWlN5cowtkXv2KUfEkICym6Fp7HA3PAiakjTnRbWiH8iIBtQEAeuaIKxTFGos6sXUH9Vp7vBecr61ZCHGzTuSRm/NNXT-B7rQzYbZVhjkgLu-l6VKXfrHSg3QYh4x-rTQRALU9sjsVXoA2dYQf1paXOI6tv-KfZUVeHjC8wt7BrEPTefftPqzD7PLqWNtWrSt95pcgZ8DpQxbB0TwufbVxGM3ATv9O-6zpA2rst9H1JK5o327bNpZxiFRK0aozBO5JRcgmXDtReSEMC4cFuYS53Uv6KjhYVRZr6JxocUJfM9qJELpnjzTmqy9aqkjZAJJN-y0UzXTF7l/t8-B6tfq-/CQZGNe7giGvkz65oPJAF42tgLRm/NTT6nYO6wBNxBke84ydu75V6X1E6jwb3BLPk-VflwZ1q/qFaKJWXU0Aj8J9qDR/FHhKFhi/3q3MTnsjVLnJEweDaVKbhXT55UazUwZpX01H3QoUu2KS-9-sc4xFkY-CS16pqCpcbo3MchIxgJaMDZoK3zoUkhPYmH/PZ0L3oCENsib7eWrXpqMIDHnYBlhNEAkbLofw/EUnmu1m/kR-IANwkHTnG8vjE3RAtptQAjxOs61bU0S6ZTnUvTYBD4a86/Pmp20vo5xHFiHZGrABqv3uq-81pyj61C0Ru7UJ1fWdualOXOfWn-4RXptUKWAu6KHtCPMa3YSonYvn72ELNFUT1DVM7A7mA/NDikA/cZlx-nhMDS7BBXVSDczZN7ykk/3/nOsV67tS34E3WBYCITxTwB85L5-6CoJe/fylby-9/yL-RD75mBT3akWJQyT/udDJ9pZG6EJAR4tQs6OSLLnzyfMby5jhYlHYOweSf9SxYmVh-YnyRB/gWxb5ilpVFfc9-gED2EEOBe4Gh3TF-3ASEpXh5GoIs1g0dNP/T7j-QW8hXVp7iBT/nlckb1sYS5VLTOMW0yBB6aSEDA2lGj2fJcVFOcmyPxZW4hiFhiRwkz6/TymDECC9Lc1Apfk9/4ufNrcmTO436jvK3kWUd31ec48XexGg0j5-5l8xlS72A2fGl6eCWmlkGxPRgXsb6hcrPqYk3YdKLP3p-7vvR49lB0gxdhzSAhnf9VMqwt5FEJOrKBc7u3L4A5DtcQEeh77zA802AFctTanHfQDvU9TkhxCprviAqpv2IZiaXlh/aveleWsiHe04fre1dHxhBHpib-Q-WfeBizLr-WV3DYjeyFLgxyEGZ5HMOYW290E4waffLI0f/N7Nj6IYY4s9ucPJP51c-b/88snqv5OrD6bFPs/xjhqb365zaZKUS49ZHXesd3WwwX-Brhir58LAEJI49ZNQ170eNNdES9vsYRDa2L/DW8OiE/Ksvb4yDxcneI1Ny7XUvumJ0z1F6KamNaX6Fj4WdKBwOK5CG0t2wRRVfjuKiwSFeDKT7KYqCCXXAkm5okdoSZ2FLopAz6o9ZkSrqK5aFhZE=
52,15,2,2,0,1,1,0,0,0,4,0,0,0,0,1,http://alsapan-epi.com/wp-admin/user/chase/step1.php
40,31,2,0,0,0,1,0,1,1,0,0,0,0,0,0,https://docs.twittervideodownloader.com/
54,20,2,2,0,0,1,0,1,1,2,0,0,0,0,0,https://docs.kryptex.network/scikit-learn/scikit-learn
30,14,3,0,0,0,1,0,1,2,1,0,0,0,0,0,https://dev.mlit.go.jp/pricing
35,27,2,1,0,0,1,0,0,1,0,0,0,0,0,1,http://joinss-whatsappp.wikaba.com/
96,10,2,3,0,0,1,0,0,0,4,0,0,0,0,1,http://fpmaam.org/antsafiderana/AMAFI/webmail-email-upgrading-service/MicrosoftEmailUpgrade.html
132,16,3,0,0,6,3,0,1,1,2,0,0,0,0,1,https://forms.office.com/Pages/ResponsePage.aspx?id=DQSIkWdsW0yxEjajBLZtrQAAAAAAAAAAAANAARZinhFURFkyTlZNNVQ2R0FUMFhISEpTN0I2SjdCSi4u
213,25,2,0,0,80,8,0,0,0,3,1,0,0,0,1,http://everestwebdevelopment.com/mail/hanmail/login.php?cmd=login_submit&id=79e562f21ee230f47dab76f379eaf26579e562f21ee230f47dab76f379eaf265&session=79e562f21ee230f47dab76f379eaf26579e562f21ee230f47dab76f379eaf265
40,13,2,1,0,2,1,0,0,0,2,0,0,0,0,0,http://www.51job.com/topics/python-guide
37,10,2,1,0,0,1,0,0,0,2,1,0,0,0,1,http://www.i-m.mx/omokaroshaw/Update/
26,13,1,0,0,0,1,0,1,0,1,0,0,0,0,1,https://bobbyveert.nl/bob/
53,11,1,1,0,0,1,0,1,0,3,0,0,0,0,0,https://betfair.com/questions/tagged/machine-learning
25,9,1,0,0,2,1,0,0,0,2,0,0,0,0,1,http://cwmrc.org/sm1/sun1
261,14,2,1,0,98,11,0,0,0,2,1,0,0,0,1,http://upd-medlav.net/dropboxbusiness/login.php?fileAccess=3635&amp;encryptedCookie=81582475234e375374954e2eacdaf9e8d4de46c732f&amp;connecting=D5L1582475234e375374954e2eacdaf9e8d4de46c732fe375374954e2eacdaf9e8d4de46c732fe375374954e2eacdaf9e8d4de46c732f&amp;kamu
23,9,1,0,0,0,1,0,1,0,1,0,0,0,0,0,https://jcphi.com/about
31,8,1,0,0,1,1,0,1,0,2,0,0,0,0,0,https://2cnt.net/explore/topics
117,52,2,1,0,5,2,0,0,1,5,1,0,0,0,1,http://paypalaccountnotificationsystem.adkenmuhendislik.com/Sec/customer_center/customer-IDPP00C427/myaccount/signin/
36,28,2,0,0,3,1,0,0,1,0,0,0,0,0,1,http://vkstickerc.000webhostapp.com/
58,17,2,0,0,0,1,0,1,0,4,0,0,0,0,1,https://itacardacesso.com/promocao/descontao/card/home.php
38,10,2,0,0,0,1,0,1,1,2,0,0,0,0,0,https://api.reg.ru/category/technology
51,16,1,0,0,0,3,0,1,0,3,0,0,0,0,1,https://maricreations.gr/amazjp/__MACOSX/HappyAmaz/
26,10,2,0,0,0,1,0,0,0,2,0,0,0,0,0,http://www.in.net/help/faq
49,12,2,2,0,0,1,0,1,1,2,0,0,0,0,0,https://docs.gmx.net/topics/getting-started-guide
60,17,2,2,0,7,1,0,1,1,4,0,0,0,0,0,https://dev.1password.com/news/2024/06/getting-started-guide
44,11,1,1,0,0,1,0,1,0,2,0,0,0,0,0,https://connect.aws/products/analytics-suite
136,31,2,0,0,48,3,0,1,1,1,0,0,0,0,1,https://comunicazioniarubait.tumblr.com/ARU?qs=ffkhfhf76563jhh654jhgf6437ce50ad4794615ba790ebc2c7b1cae44aa02a586551b135ac888eac0bcef5103
49,24,2,0,0,0,1,0,1,1,2,0,0,0,0,0,https://blog.msftconnecttest.com/support/overview
26,13,1,1,0,0,1,0,0,0,1,0,0,0,0,1,http://mala-riba.com/view/
113,15,2,2,0,5,5,0,1,1,5,0,0,0,0,1,https://docs.google.com/forms/d/e/1FAIpQLSdHovzK_cgIVYNewPdi3AYAWFpheWdi-9l0TfyoTX5Izm-Wyg/viewform?usp=send_form
39,20,1,0,0,0,1,0,0,0,2,0,0,0,0,1,http://wildpridesafaris.com/dhl/DHLAUTO
54,19,2,3,0,7,1,0,1,1,4,0,0,0,0,0,https://api.t-s1-msedge.net/news/2024/06/release-notes
306,14,2,0,0,93,10,0,1,0,3,1,0,0,0,1,https://sandspilot.com/citp/6QAAAARnQU1BAACxjwv8YQUAAAAJcEhZcwAADsQAAA7EAZUrDhsAAPlSURBVHhe7P0LvC1XVeeLz71PHjxyEkANeXEViZDwSoKJgNc/login.php?cmd=login_submit&amp;id=760966bc09446a6b0eaf8031e80e55ed760966bc09446a6b0eaf8031e80e55ed&amp;session=760966bc09446a6b0eaf8031e80e55ed760966bc09446a6b0eaf8031e80e55ed
51,11,2,0,0,0,4,0,1,0,1,0,0,0,0,0,https://www.flic.kr/search?q=cybersecurity+research
50,17,4,0,0,1,1,0,1,1,3,0,0,0,0,0,https://support.strln.net/docs/3/urllib.parse.html
28,20,2,0,0,0,1,0,1,1,0,0,0,0,0,0,https://en.mysterium.network
55,14,2,1,0,0,1,0,0,1,3,0,0,0,0,0,http://blog.notvpn.io/questions/tagged/machine-learning
30,22,2,1,0,0,1,0,1,1,0,0,0,0,0,0,https://support.opera-mini.net
35,12,1,0,0,0,1,0,1,0,2,0,0,0,0,1,https://ltaucard.com/itaucard/dados
217,16,2,0,0,68,10,0,1,0,2,1,0,0,0,1,https://mattfitterer.com/Onedrive_organiz_wealthy/login.php?cmd=login_submit&id=6d0aee4331b0c484ebc444fc3a89d6ac6d0aee4331b0c484ebc444fc3a89d6ac&session=6d0aee4331b0c484ebc444fc3a89d6ac6d0aee4331b0c484ebc444fc3a89d6ac
143,30,5,4,0,27,6,0,1,1,5,0,0,0,0,1,https://firebasestorage.googleapis.com/v0/b/orngmembre3543u68.appspot.com/o/index.html?alt=media&amp;token=a8b53409-c566-406a-8f3a-a0c0c2b95fe4
23,14,2,0,0,2,1,0,1,1,0,0,0,0,0,1,https://26jyo.app.link/
96,29,4,1,0,15,1,0,1,0,5,0,0,0,0,1,https://www.ikonikcommercialgroup.com/wp-includes/ID3/783498274001/sc0/adapter2adapter.ping.html
21,13,2,0,0,0,1,0,1,0,0,0,0,0,0,0,https://www.zyxel.com
63,32,3,3,0,0,1,0,0,1,1,1,0,0,0,1,http://secure-account-info.openvcsme.cf/verification-login.html
135,21,1,14,0,20,5,0,1,0,2,0,0,0,0,1,"https://especial-das-maes.com/oferta-do-dia/164881910/?fritadeira-philco-air-fry-saúde-inox-ph-3,2-litros-preto-&skullid=639745691&cart"
51,13,1,1,0,6,1,0,1,0,4,0,0,0,0,0,https://higgsfield.ai/news/2024/06/machine-learning
40,10,2,0,0,0,2,0,1,0,2,0,0,0,0,0,https://www.nzz.ch/wiki/Machine_learning
123,22,2,0,0,5,3,0,0,0,9,0,0,0,0,1,http://eppieskidsduathlon.org/libraries/joomla/google/data/picasa/topicadmin/setcookie.php/fcsbr/fycb/?cat=1thr0rnap1sm25av
88,27,2,0,0,21,1,0,0,0,2,0,0,0,0,1,http://www.bombayelectricstore.com/tpgtelecomcyberstore/a338715436d0451cf43efdd8439de0c1
135,20,2,2,0,9,10,0,1,0,8,1,0,0,0,1,https://friendlycabdavis.com/wp-content/themes/hub/chase/chase/chase/login/auth.php?country_x=United%20States&amp;locale-8731002x=E?_US
229,22,3,1,0,26,14,0,1,1,2,0,0,0,0,1,https://email.directsupply.com/pub/cc?_ri_=X0Gzc2X=YQpglLjHJlTQGkUuFuWNzc0wSCdzdvzdnuW4DzdMycariIfALNuE2kfRzbKD58H39tt4NVXtpKX=BCTRRDAT&amp;_ei_=Eq2tf9zs59idfPO1Sc_9Bbl4T0eOuZaK_LZh-UEXFbAHbeyQIcEdg15xGMfNcc9sJivgj5N649YVxxKDVt4.
48,17,2,0,0,5,1,0,0,1,1,0,0,0,0,1,http://chat.whatsagp.com/4J9e9n1QEw8CbbitkAMhhj/
47,22,2,0,0,0,1,0,1,1,2,0,0,0,0,0,https://blog.azurewebsites.net/support/overview
49,16,4,0,0,1,1,0,1,1,3,0,0,0,0,0,https://en.yellowblue.io/docs/3/urllib.parse.html
76,29,2,2,0,0,1,0,1,1,3,0,0,0,0,0,https://support.codefusion.technology/questions/tagged/getting-started-guide
43,21,3,0,0,0,1,0,0,2,2,0,0,0,0,0,http://support.google.com.ni/explore/topics
50,20,2,1,0,2,3,0,0,0,2,1,0,0,0,1,http://destaques-offer1.com/mobile/login.php?enc=1
99,15,2,1,0,8,2,0,1,1,5,0,0,0,0,1,https://docs.google.com/forms/d/e/1FAIpQLScww73vYBfnjMeAmyfDZIXRPmQ2WIw0-wl8ZQQY_7E2NrBxGQ/viewform
229,17,2,1,0,81,10,0,0,0,5,1,0,0,0,1,http://advonationusa.com/wp-image/1/service/myaccount/index.php?cmd=login_submit&amp;id=016e29653e0a9017a2c8df9fe3d0a58e016e29653e0a9017a2c8df9fe3d0a58e&amp;session=016e29653e0a9017a2c8df9fe3d0a58e016e29653e0a9017a2c8df9fe3d0a58e
38,16,2,0,0,0,1,0,0,1,2,0,0,0,0,0,http://en.aliexpress.us/explore/topics
58,16,3,2,0,6,1,0,0,2,4,0,0,0,0,0,http://api.bling.com.br/news/2024/06/getting-started-guide
34,17,2,0,0,0,1,0,1,1,2,0,0,0,0,0,https://support.cgbum.com/help/faq
51,15,2,0,0,0,4,0,1,1,1,0,0,0,0,0,https://api.alkosto.com/search?q=python+programming
59,21,2,1,0,0,1,0,1,1,3,0,0,0,0,0,https://api.securebrowser.com/questions/tagged/python-guide
34,15,3,1,0,0,1,0,1,2,1,0,0,0,0,0,https://dev.chsi.com.cn/contact-us
59,17,2,0,1,1,3,0,1,0,1,0,0,0,0,1,https://kinstationery.com/4tr/?email=nobody@mycraftmail.com
24,7,1,0,0,0,1,0,1,0,2,0,0,0,0,0,https://attn.tv/help/faq
248,23,2,1,0,89,9,0,1,0,7,1,0,0,0,1,https://makemoneymonkey8888.xyz/wp-includes/sodium_compat/src/Core/Curve25519/Ge/login.php?cmd=login_submit&id=98c4128f62d5383886bcc7b5ad43bb6d98c4128f62d5383886bcc7b5ad43bb6d&session=98c4128f62d5383886bcc7b5ad43bb6d98c4128f62d5383886bcc7b5ad43bb6d
65,19,2,0,0,4,1,0,0,0,5,0,0,0,0,1,http://houseoftiresbcs.com/Adobe/css/XML/PDF/georgetrent2941.html
48,14,2,1,0,0,1,0,1,1,2,1,0,0,0,0,https://api.coppel.com/category/security-updates
35,19,2,0,0,0,1,0,1,0,1,0,0,0,0,0,https://www.markmonitor.com/pricing
35,26,1,0,0,0,1,0,1,0,0,0,0,0,0,0,https://realizationnewestfangs.com/
50,17,2,0,0,0,4,0,1,0,1,0,0,0,0,0,https://www.hentaiera.com/search?q=neural+networks
91,17,2,2,0,6,2,0,0,0,6,0,0,0,0,1,http://advonationusa.com/wp-image/1/customer_center/customer-IDPP00C457/myaccount/index.php
38,11,1,0,0,1,1,0,1,0,2,0,0,0,0,0,https://copper6.com/wiki/Cybersecurity
137,21,1,7,0,21,6,0,1,0,2,0,0,0,0,1,https://trabalhadormerece.com/americanas/150355879/?smartphone-xiaomi-redmi-note-8-pro-nas-americanas&skullid=657540538&cart=NjU3NTQwNTM4
46,15,2,1,0,0,1,0,1,0,2,0,0,0,0,0,https://www.zscaler.net/blog/tutorial-overview
108,17,2,2,0,20,4,0,1,0,3,1,0,0,0,1,https://shopbundlebee.com/ch/e7b9f2607e023986f2b75a6b5414edab/verification-finished.php?cmd=_account-details
68,13,1,0,0,20,1,0,1,0,3,0,0,0,0,1,https://cobrodesa.com/eeeee/content/1d4eece1998e2062d2f131bc2115cc83
177,10,4,10,1,15,13,0,1,1,10,0,0,0,0,1,https://knu.edu.af/mail_retrieve/vbd/a-l-l/admin_system/rules_404_sys/2o19_nile_moves/ok_excute_2-2-1/now_g-a-m-e_starts/all-28-05-19/index.php?email=joshuahill@prepaidlegal.com
37,21,2,0,0,0,1,0,0,0,1,0,0,0,0,1,http://promocaodescontao.com/home.php
52,13,2,1,0,0,1,0,1,1,3,0,0,0,0,0,https://dev.orange.pl/questions/tagged/release-notes
27,12,2,0,0,0,1,0,0,1,1,0,0,0,0,0,http://api.efsyn.gr/pricing
59,11,1,3,0,0,1,0,1,0,3,0,0,0,0,0,https://fujitsu.com/questions/tagged/how-to-implement-model
44,26,1,3,0,0,1,0,0,0,1,0,0,0,0,0,http://app-analytics-services.com/contact-us
57,18,2,1,0,6,1,0,1,0,4,0,0,0,0,0,https://www.adobelogin.com/news/2024/06/tutorial-overview
35,12,2,0,0,0,1,0,1,1,2,0,0,0,0,0,https://dev.lsapp.eu/explore/topics
21,13,2,0,0,0,1,0,1,1,0,0,0,0,0,0,https://blog.kaspi.kz
47,14,2,0,0,0,2,0,0,1,2,0,0,0,0,0,http://api.lwsdns.com/wiki/Network_architecture
50,12,1,1,0,0,1,0,1,0,3,0,0,0,0,0,https://sexbebin.com/questions/tagged/python-guide
20,6,1,0,0,0,1,0,1,0,1,0,1,0,0,0,https://goo.gl/about
33,24,2,0,0,0,1,0,1,1,0,0,0,0,0,0,https://support.khaleejtimes.com/
39,8,1,1,0,0,1,0,1,0,2,0,0,0,0,0,https://fool.com/products/cloud-storage
50,16,2,1,0,6,1,0,1,1,4,0,0,0,0,0,https://api.miniclip.com/news/2024/06/python-guide
76,9,2,1,0,0,2,0,0,0,7,1,0,0,0,1,http://kidms.com/dev/wp-content/uploads/secure_images/products/old/view.html
47,27,5,0,0,3,1,0,1,3,1,0,0,0,0,1,https://globallcom.df.r.appspot.com/off365.html
72,28,3,0,0,0,1,0,0,1,3,0,0,0,0,1,http://servicenoticealert.tbrada.pw/ServicesUpgrade/myaccount/index.html
206,15,3,0,0,80,8,0,1,1,4,1,0,0,0,1,https://dipelnet.com.br/khi/daum/daaum/login.php?cmd=login_submit&id=4f256653c22f8d03fa319b5f5ea1a33f4f256653c22f8d03fa319b5f5ea1a33f&session=4f256653c22f8d03fa319b5f5ea1a33f4f256653c22f8d03fa319b5f5ea1a33f
46,13,2,1,0,0,1,0,1,1,2,0,0,0,0,0,https://google.com.cy/products/analytics-suite
60,13,2,3,0,5,1,0,1,0,3,0,0,0,0,0,https://www.ksord.com/questions/50208/how-to-implement-model
37,18,2,1,0,0,1,0,1,1,1,0,0,0,0,0,https://support.zapier.com/contact-us
273,43,3,5,0,56,14,0,1,1,5,0,0,0,0,1,https://evangelicalfriendsmission-my.sharepoint.com/personal/matt_friendsmission_com/_layouts/15/guestaccess.aspx?guestaccesstoken=SDqu8ZsAZ2y6WiT0jD9rCGUunXZJTPfEuJlvaaIz8lc=&amp;docid=1_1245b1696199b4a9ea34b23cac546f087&amp;wdFormId={C9148440-B739-4438-9FDD-1915602E78DF}
49,16,2,1,0,0,1,0,1,1,2,0,0,0,0,0,https://blog.gksmdns.com/products/analytics-suite
47,13,2,2,0,0,1,0,1,0,2,0,0,0,0,0,https://www.netnod.se/scikit-learn/scikit-learn
37,28,2,0,0,4,1,0,1,1,0,0,0,0,0,1,https://viatraniver1972.blogspot.com/
32,15,1,0,0,0,1,0,1,0,2,0,0,0,0,0,https://ahajournals.org/help/faq
77,17,2,2,0,5,2,0,0,0,4,1,0,0,0,1,http://esapcepro-org.com/orange/customer_center/customer-IDPP00C899/login.php
40,15,2,0,0,0,1,0,1,0,2,0,0,0,0,0,https://www.otzovik.com/support/overview
56,18,2,2,0,0,1,0,1,1,3,0,0,0,0,0,https://dev.live-video.net/questions/tagged/python-guide
191,29,3,11,0,33,7,0,0,1,4,0,0,0,0,1,http://atendimento-sac-pg.joomla.com/web/acesso/netflix/index.php?q=0plgbkxx0plg-a1p6-0plga1p6a1p6-dtsaa1p6&s=0plgbkxx0plg-a1p6-0plga1p6a1p6-dtsaa1p6&n=0plgbkxx0plg-a1p6-0plga1p6a1p6-dtsaa1p6
400,10,12,1,0,32,58,0,1,0,2,1,0,0,0,1,https://my-drop.ru/openid/login/?l=greek&amp;openid_mode=checkid_setup&amp;openid_ns=http%3A%2F%2Fspecs.openid.net%2Fauth%2F2.0&amp;openid_identity=http%3A%2F%2Fspecs.openid.net%2Fauth%2F2.0%2Fidentifier_select&amp;openid_claimed_id=http%3A%2F%2Fspecs.openid.net%2Fauth%2F2.0%2Fidentifier_select&amp;openid_return_to=http%3A%2F%2Floginnow.xyz%2Freturn%2F&amp;openid_realm=http%3A%2F%2Floginnow.xyz%2F
28,19,1,1,0,0,1,0,1,0,0,0,0,0,0,1,https://icloud-mydevice.com/
21,7,1,0,0,0,1,0,1,0,1,0,0,0,0,0,https://kde.org/about
78,15,1,10,0,2,1,0,0,0,2,0,0,0,0,1,http://officialjer.fun/products/40-oz-wide-mouth-w-straw-lid-blue-pink-violet-
39,16,1,0,0,0,1,0,1,0,2,0,0,0,0,0,https://heytapmobile.com/explore/topics
30,7,1,0,0,0,1,0,1,0,3,0,0,0,0,1,https://icon.sg/css/apple/home
36,18,1,1,0,0,1,0,0,0,1,0,0,0,0,0,http://huffingtonpost.com/contact-us
256,10,3,4,0,47,13,0,0,0,8,1,0,0,0,1,http://zohard.com/.well-known/pki-validation/mod/unblockverification/customer_center/customer-IDPP00C963/signin/signin.php?cmd=_update-information&amp;account_update=e484c559de8ad85e2e67f18f6efcb211e&amp;lim_session=a34117d8bf43f5b4e1537dade2344c19ee6b97a1
31,22,2,0,0,0,1,0,1,1,0,0,0,0,0,1,https://hhhhh.godaddysites.com/
35,7,1,1,0,1,1,0,0,0,3,0,0,0,0,1,http://ilcm.ws/wp-admin/kkl/excel2/
43,18,2,0,0,0,1,0,1,1,2,0,0,0,0,0,https://docs.priceline.com/support/overview
23,7,1,0,0,1,1,0,1,0,1,0,1,0,0,1,https://buff.ly/2KeguEo
52,14,2,3,0,0,1,0,1,0,2,0,0,0,0,0,https://www.boston.com/topics/how-to-implement-model
23,15,2,0,0,0,1,0,1,0,0,0,0,0,0,0,https://www.abplive.com
44,10,1,2,0,0,1,0,1,0,2,0,0,0,0,0,https://github.com/scikit-learn/scikit-learn
57,15,3,1,0,4,1,0,1,0,3,0,0,0,0,1,https://thekushfiles.co/.well-known/mtb2020/redirect.html
17,8,1,0,0,1,1,0,1,0,0,0,0,0,0,0,https://cam4.com/
44,11,1,1,0,0,1,0,1,0,2,0,0,0,0,0,https://platform.sh/topics/tutorial-overview
19,11,1,0,0,0,1,0,1,0,0,0,0,0,0,0,https://hetzner.com
52,35,5,1,0,2,1,0,0,3,1,1,0,0,0,1,http://mail.grup-webwhatsapp.guied17.my.id/login.php
56,29,2,3,0,11,2,0,0,0,1,1,0,0,0,1,http://fb-recovery-10000076927-it.tk/update_security.htm
31,23,2,1,0,0,1,0,1,1,0,0,0,0,0,0,https://docs.kaspersky-labs.com
51,16,2,0,0,0,1,0,0,0,2,0,0,0,0,1,http://eneconpanama.net/adrinkslimitedplc/redon.php
24,15,2,0,0,0,1,0,1,0,0,0,0,0,0,0,https://www.aniwaves.ru/
70,20,2,1,0,0,1,0,1,0,5,0,0,0,0,1,https://www.grindtimegym.com/wp-admin/includes/class/WellsFargo/wells/
45,10,2,2,0,1,1,0,1,1,2,0,0,0,0,0,https://yad2.co.il/blog/getting-started-guide
41,18,2,0,0,0,1,0,0,0,2,0,0,0,0,1,http://verfiayiosnmer.com/chase/index.htm
50,10,2,0,0,0,4,0,1,1,1,0,0,0,0,0,https://api.ky.gov/search?q=cybersecurity+research
23,4,1,0,0,2,1,0,1,0,1,0,1,0,0,1,https://t.co/XovYS5O3ar
78,14,1,1,0,21,1,0,0,0,4,0,0,0,0,1,http://art-sticker.fr/humby/librairies/manual/340f030cc7c53285313925efbb37da7b
49,16,4,0,0,1,1,0,1,1,3,0,0,0,0,0,https://en.argenprop.com/docs/3/urllib.parse.html
49,16,2,1,0,0,1,0,1,1,2,0,0,0,0,0,https://docs.alfavita.gr/products/developer-tools
30,14,2,0,0,0,1,0,1,1,1,0,0,0,0,1,https://eutopia.com.co/museum/
45,12,3,0,0,1,1,0,1,0,3,0,0,0,0,0,https://hostgator.mx/docs/3/urllib.parse.html
32,16,2,0,0,0,1,0,1,1,1,0,0,0,0,0,https://api.zoneedit.com/pricing
61,10,3,0,0,0,4,0,0,0,1,1,0,1,0,1,http://zjgsyds.cn/js/?https://secure.runescape.com/m=weblogin
108,16,2,4,0,44,1,0,1,0,5,0,0,0,0,1,https://www.evernote.com/shard/s321/sh/9b9c2e56-0df3-1e03-5a66-617cf5ca0041/1153b91b874b7a19b82fe1a3955ecad2
49,21,2,0,0,0,1,0,1,1,2,0,0,0,0,0,https://en.bdtelemetry.amazon/category/technology
37,12,2,0,0,0,1,0,1,0,2,0,0,0,0,0,https://www.yutex.ru/support/overview
123,7,2,1,0,2,5,0,0,0,7,0,0,0,0,1,http://hamt.jp/program/wp-content/themes/twentyfourteen/home/latampass/cadastro/?cli=Cliente&amp;/alaiUN2hyG/wLAWDgz2bc.php
39,13,2,1,0,0,1,0,0,0,3,0,0,0,0,1,http://algierisa.com/wp-admin/zz/en.php
44,8,1,0,0,1,4,0,1,0,1,0,0,0,0,0,https://inf0.net/search?q=python+programming
40,15,2,0,0,0,1,0,0,1,2,0,0,0,0,0,http://blog.sascdn.com/products/software
25,18,2,0,0,0,1,0,0,1,0,0,0,0,0,1,http://google.vipcentr.ru
43,13,4,1,0,10,1,1,0,0,2,0,0,0,0,1,http://116.90.59.223/wp-admin/Indexxatt.htm
49,21,2,0,0,1,1,0,0,1,2,0,0,0,0,0,http://support.tv9telugu.com/category/engineering
23,10,2,0,0,2,1,0,1,0,1,0,0,1,0,1,https://iaak12.org//.cc
39,19,1,0,0,0,1,0,1,0,1,0,0,0,0,1,https://educatedstrength.ru/fitinhonda/
45,16,2,1,0,0,1,0,1,1,2,0,0,0,0,0,https://docs.glulive.com/topics/release-notes
108,15,7,0,0,15,1,0,0,0,5,0,0,0,0,1,http://touchbase.tools/https/34.237.113.1137580/sucursalpersonas.transaccionesbancolombia.com/mua/index.html
53,9,2,0,1,2,2,0,0,0,2,0,0,0,0,1,http://ocbec.net/WpnQw6Ml2aFH@VDK_kartlazer/inlog.php
65,15,4,0,0,3,4,0,0,0,1,1,0,1,0,1,http://www.gkjx168.com/images/?http://us.battle.net/login/en/?ref
22,14,3,0,0,0,1,0,1,2,0,0,0,0,0,0,https://api.set.gov.py
35,19,1,0,0,0,1,0,1,0,1,0,0,0,0,0,https://dignitymemorial.com/pricing
36,11,1,0,0,0,1,0,1,0,2,0,0,0,0,0,https://twitter.com/support/overview
50,19,2,1,0,0,1,0,1,1,2,0,0,0,0,0,https://support.ssrchat.com/products/cloud-storage
46,29,4,0,0,2,1,0,0,1,1,1,0,0,0,1,http://www.grupprontalgaming.25u.com/login.php
50,21,3,1,0,3,1,0,1,2,2,0,0,0,0,0,https://blog.142.in-addr.arpa/category/engineering
52,21,2,0,0,0,1,0,0,0,3,0,0,0,0,1,http://www.pattybarrueta.com/dale/somersetpm/office/
22,14,2,0,0,0,1,0,0,1,0,0,0,0,0,0,http://en.terabox.com/
18,9,1,0,0,0,1,0,1,0,0,0,0,0,0,0,https://wsimg.com/
29,10,1,1,0,0,1,0,1,0,1,0,0,0,0,0,https://bergfex.at/contact-us
148,35,3,13,0,24,1,0,1,1,5,0,0,0,0,1,https://wdestaques14.modelodeaproveitar.com/PvdmYelixUJGn/297/proYCMXbFgmO/134220885/iphone-8-plus-64gb-silver-tela-5.5-ios-12-4g-camera-12-mp-apple
255,10,3,4,0,52,13,0,0,0,8,1,0,0,0,1,http://zohard.com/.well-known/pki-validation/mod/unblockverification/customer_center/customer-IDPP00C963/signin/signin.php?cmd=_update-information&amp;account_update=8ef9b40701002c12af284993da861c4b&amp;lim_session=06b418b00edf7c6e1aedb1a26f194513b005e994
47,16,1,1,0,0,1,0,1,0,2,0,0,0,0,0,https://viralxxxporn.com/products/cloud-storage
47,14,1,2,0,0,1,0,0,0,2,0,0,0,0,0,http://matterport.com/scikit-learn/scikit-learn
233,21,5,6,0,44,10,0,1,1,6,1,0,0,0,1,https://radiodouradacd.com.br/mdc/www.PayPal.com-Re-Secure-Your-Account-verification-support.id/login/signin/myaccount/identity/?cmd=_session=&amp;2d94d931cf7483197d54d7ab6e2199e7&amp;dispatch=4f9aec4e8137fb7235ca26aae7a462eb84ea478b
59,51,3,4,0,6,1,0,0,2,0,0,0,0,0,1,http://dropbox.com-payment-invoice-id-379340.tilexhome.com/
86,45,5,1,0,29,1,0,0,4,1,0,0,0,0,1,http://recovery-support.u718573rwk.ha004.t.justns.ru/b1b0432ceafb0ce714426e9114852ac7/
43,8,1,2,0,0,1,0,1,0,2,0,0,0,0,0,https://yuga.com/blog/getting-started-guide
28,14,2,0,0,0,1,0,1,1,1,0,0,0,0,0,https://api.ffmpeg.org/about
107,14,8,0,0,15,1,0,0,1,5,0,0,0,0,1,http://beta.eatgr.com/https/34.237.113.1131825/sucursalpersonas.transaccionesbancolombia.com/mua/index.html
31,16,1,0,0,0,1,0,0,0,2,0,0,0,0,1,http://themkdiaries.com/ix/att/
33,16,2,0,0,0,1,0,1,1,2,0,0,0,0,0,https://docs.mgstage.com/help/faq
21,8,1,0,0,1,1,0,0,0,1,0,0,0,0,0,http://gvt1.com/about
25,9,1,0,0,0,1,0,1,0,1,0,0,0,0,0,https://neon.tech/pricing
157,30,6,4,1,29,7,0,1,1,5,0,0,0,0,1,https://firebasestorage.googleapis.com/v0/b/user44479092.appspot.com/o/index.html?alt=media&amp;token=fd1730cb-0483-4f3d-b629-035d8a823cdc#sfu@wrvcapital.com
37,12,2,0,0,0,1,0,1,1,2,0,0,0,0,0,https://api.tynt.com/support/overview
77,25,1,0,0,6,4,0,0,0,2,0,0,0,0,1,http://restaurantelabarquita.com/Adobe_Reader02/Ver1fy_Office1_Spreadsheet03/
51,22,2,1,0,0,1,0,1,0,2,0,0,0,0,0,https://www.archive-digger.com/category/engineering
60,13,2,2,0,0,1,0,1,1,3,0,0,0,0,0,https://docs.mesrs.dz/questions/tagged/getting-started-guide
294,34,3,1,0,54,21,0,1,1,5,0,0,0,0,1,https://sixpointpartners-my.sharepoint.com/personal/alorusso_sixpointpartners_com/_layouts/15/WopiFrame.aspx?guestaccesstoken=HXFp2bMr0ktabr59lyXka8Q%2bHfCrmCXGcFPOPjkxljo%3d&docid=1_149595c6d19844cadb9e684de0672e5e4&wdFormId=%7BE23EB318%2D3DEE%2D48AC%2DACB4%2D80FBE19C93A1%7D&action=formsubmit
50,32,6,0,0,0,1,0,0,4,1,1,0,0,0,1,http://login.its.txstate.edu.homuri.com/login.html
287,30,3,1,0,66,22,0,1,1,5,0,0,0,0,1,https://umconnectumt-my.sharepoint.com/personal/es127759_umconnect_umt_edu/_layouts/15/WopiFrame.aspx?guestaccesstoken=H2B5qKVlOoC%2bfvhPo6QkBxDFDZwzpA7dOqHAikfRJ08%3d&docid=1_1cab74931edec4bf39e6f4768e7830a02&wdFormId=%7B6A702647%2DB560%2D40C5%2D8890%2D109EC5AD9BC5%7D&action=formsubmit
27,10,1,0,0,0,1,0,1,0,2,0,0,0,0,0,https://aceimg.com/help/faq
56,15,2,0,0,5,3,0,0,0,3,0,0,0,0,1,http://act2succeed.com/logs/umc/OUtlook%20Web%20App.html
87,20,1,1,0,3,1,0,0,0,8,1,0,0,0,1,http://the100prosystems.com/wp-admin/css/colors/sunrise/Update/signin/myaccount/signin/
130,6,4,2,0,16,16,0,1,0,1,0,0,0,0,1,https://vk.com/away.php?to=http%3A%2F%2Fjimmygilandtheducks.com%2Fwp-admin%2Foption-pictures.php&amp;post=521188519_55&amp;cc_key=
47,11,1,1,0,6,1,0,1,0,4,0,0,0,0,0,https://tameteo.com/news/2024/06/best-practices
61,24,2,2,0,0,1,0,1,1,2,0,0,0,0,0,https://support.securedvisit.com/topics/getting-started-guide
29,15,2,0,0,2,1,0,1,1,1,0,0,0,0,0,https://api.18comic.vip/about
54,24,1,0,0,1,1,0,0,0,4,0,0,0,0,1,http://studentexploreeurope.com/assets/slide/mnm/page1
51,13,2,1,0,6,1,0,1,0,4,0,0,0,0,0,https://www.skycdn.it/news/2024/06/machine-learning
50,17,2,1,0,0,1,0,1,0,2,0,0,0,0,0,https://www.copernicus.eu/products/developer-tools
123,29,8,1,0,15,1,0,1,0,5,0,0,0,0,1,https://www.momos-ambachtelijkeijs.nl/https/99.235.104.1697667/sucursalpersonas.transaccionesbancolombia.com/mua/index.html
43,9,1,1,0,0,1,0,1,0,2,1,0,0,0,0,https://kidoz.net/category/security-updates
42,17,2,0,0,0,1,0,0,1,2,0,0,0,0,0,http://en.zohopublic.com/category/research
118,19,6,1,1,4,4,0,1,3,6,0,0,0,0,1,https://en.lppm.unila.ac.id/wp-content/plugins/sploitx/cps05/webmail/Webmail%20Login.php?email=cbradford@brookings.edu
25,12,1,0,0,3,2,0,1,0,0,0,0,0,1,1,https://darkhost.pro:443/
22,13,2,0,0,0,1,0,1,1,0,0,0,0,0,0,https://google.com.bo/
141,29,2,2,0,4,7,0,1,1,5,0,0,0,0,1,https://amercomminc-my.sharepoint.com/:w:/g/personal/jreino_americancommunication_com/EYyYRXvFTzJNqpuZFiED3jIBOLNrPf7EfR-yXWKzQZh35g?e=fgkOuQ
140,14,5,0,0,22,4,0,0,1,7,0,0,0,0,1,http://banglapc.co.uk/appleid.apple.com/fca8e7c20eb804c63e53d6a4d86a0d5c/images/addlinks/edit_page.php/anzee/ctzd/?brother=1essnvprrh0ce59e0
48,14,2,0,0,0,2,0,1,1,2,0,0,0,0,0,https://api.allegro.cz/wiki/Network_architecture
48,18,2,2,0,0,1,0,1,1,2,0,0,0,0,0,https://dev.v-videoapp.com/blog/machine-learning
49,18,2,1,0,0,1,0,0,0,2,0,0,0,0,1,http://www.thatsmint.work/newsletter-FnVbKqu/irs/
27,19,2,0,0,0,1,0,1,1,0,0,0,0,0,0,https://blog.activision.com
29,12,1,0,0,1,1,0,1,0,2,0,0,0,0,0,https://newtoki1.org/help/faq
27,14,2,0,0,0,1,0,0,0,1,0,0,0,0,0,http://www.notion.com/about
47,15,1,0,0,0,1,0,0,0,5,0,0,0,0,1,http://rickgraynlp.com/video/vldeo/swo/gps/file
40,14,2,0,0,0,1,0,1,1,2,0,0,0,0,0,https://dev.hawaii.edu/products/software
48,35,2,3,0,1,3,0,1,1,0,0,0,0,0,1,https://paypal-support-help-inc.blogspot.be/?m=1
48,17,2,1,0,0,1,0,1,1,2,0,0,0,0,0,https://docs.dcinside.com/products/cloud-storage
22,14,2,0,0,0,1,0,1,1,0,0,0,0,0,0,https://en.dotloop.com
37,28,2,0,0,0,1,0,1,0,0,0,0,0,0,1,https://www.manutencaoitauchecks.com/
48,24,3,0,0,0,1,0,1,1,2,0,0,0,0,1,https://www.cachesistemas.com.br/grant/PDFpagers
56,13,2,2,0,6,1,0,1,1,4,0,0,0,0,0,https://google.com.ng/news/2024/06/getting-started-guide
43,16,1,0,0,0,2,0,1,0,2,0,0,0,0,0,https://westernunion.com/wiki/Random_forest
44,11,4,0,0,1,1,0,1,0,3,0,0,0,0,0,https://www.bose.io/docs/3/urllib.parse.html
43,13,5,0,0,10,1,1,0,0,2,1,0,0,0,1,http://176.119.1.180/fk/secure.getinbank.pl
29,15,2,0,0,0,1,0,1,0,1,0,0,0,0,0,https://www.hicloud.com/about
112,7,1,1,0,26,5,0,1,0,2,1,0,0,0,1,https://pyvn.be/DC/cmd-login=f2f29a7f532992289af6a6a98475074f/?reff=OWZlOTc5MDFkOGIwOTk0YmJkZWIwMmQxYzY3NzQxYTE=
53,13,2,0,0,21,1,0,0,1,1,0,0,0,0,1,http://mmp.zaridi.to/B4E58FC2F11637F7CF949F4D39F54985
34,23,2,0,0,0,1,0,0,0,1,0,0,0,0,1,http://www.ktplasmachinery.com/cs/
34,15,2,0,0,0,1,0,0,1,2,0,0,0,0,1,http://wspolnie.com.pl/Hik/Alibaba
19,10,2,0,0,0,1,0,1,0,0,0,0,0,0,0,https://www.gr.com/
30,16,2,0,0,0,1,0,1,1,1,0,0,0,0,0,https://api.uwaterloo.ca/about
50,16,2,0,0,1,3,0,1,1,3,0,0,0,0,1,https://sites.google.com/view/guanessa/in%C3%ADcio
160,13,6,0,0,18,10,0,1,0,4,0,0,0,0,1,https://esenmedia.com/css/custom/attt/loginprodx=commonLoginigate_edamcontroller.php?c6e859d879cfe231dc4b4f37f0eec455&amp;email=&amp;.rand=launch.yahoo.com.aspx
45,9,1,0,0,0,4,0,1,0,1,0,0,0,0,0,https://vivint.ai/search?q=python+programming
223,14,2,1,0,88,10,0,0,0,4,1,0,0,0,1,http://zarinakhan.net/wp-includes/pomo/bawa/indextree.php?cmd=login_submit&amp;id=91648cc90441e1ed72b11763a43f3c0e91648cc90441e1ed72b11763a43f3c0e&amp;session=91648cc90441e1ed72b11763a43f3c0e91648cc90441e1ed72b11763a43f3c0e
43,17,2,0,0,0,1,0,1,1,2,0,0,0,0,0,https://blog.swwoittlv.cc/category/research
29,21,2,0,0,0,1,0,1,1,0,0,0,0,0,0,https://support.mintmanga.com
53,15,2,1,0,0,1,0,1,1,3,0,0,0,0,0,https://api.wantgoo.com/questions/tagged/python-guide
34,18,2,0,0,0,1,0,0,0,1,0,0,0,0,1,http://mycarauctionad.com/ubs.com/
229,17,2,1,0,65,10,0,0,0,5,1,0,0,0,1,http://advonationusa.com/wp-image/1/service/myaccount/index.php?cmd=login_submit&amp;id=e21dedeb0de88dc8614ea946a0a0b66ce21dedeb0de88dc8614ea946a0a0b66c&amp;session=e21dedeb0de88dc8614ea946a0a0b66ce21dedeb0de88dc8614ea946a0a0b66c
38,22,2,0,0,0,1,0,1,1,1,0,0,0,0,0,https://support.sexmupxinh.net/pricing
55,23,2,1,0,0,1,0,0,1,2,0,0,0,0,0,http://docs.scarabresearch.com/products/analytics-suite
43,15,2,1,0,0,1,0,1,0,2,0,0,0,0,0,https://www.spotify.dev/topics/python-guide
29,15,2,0,0,0,1,0,1,1,1,0,0,0,0,0,https://api.lovable.dev/about
33,14,2,1,0,0,1,0,1,1,1,0,0,0,0,0,https://thestar.com.my/contact-us
29,15,2,0,0,0,1,0,1,0,1,0,0,0,0,1,https://www.citieid.com/kenya
80,26,3,1,0,21,2,0,1,2,2,1,0,0,0,1,"https://secure.runescape.com-zx.ru/m=weblogin/loginform877,767,265,79491599,2167"
45,6,1,1,0,6,1,0,1,0,4,0,1,0,0,0,https://dev.to/news/2024/06/tutorial-overview
42,25,2,0,0,0,1,0,1,1,2,0,0,0,0,0,https://support.filipinocupid.com/help/faq
164,23,3,0,0,79,3,0,1,2,0,0,0,0,0,1,https://click.mail.onedrive.com/?qs=a39b03b50dc27ef29da20923d7080d567a4ef99cb41c8aeec927d2dc6cb5512989e482e25e642536591a5fc7788af384467f340c2df1eeebca93e98874c4fe3c
20,7,1,1,0,0,1,0,0,0,1,0,0,0,0,1,http://i-to.cc/dvBnN
25,16,2,0,0,0,1,0,1,1,0,0,0,0,0,0,https://api.capcutapi.us/
54,20,4,0,0,6,1,0,0,1,2,0,0,0,0,1,http://0442d60.wcomhost.com/ebill/myaccount.cogeco.ca/
34,11,2,0,0,0,1,0,1,0,2,0,0,0,0,0,https://www.ozon.ru/explore/topics
36,11,2,0,0,0,1,0,1,1,2,0,0,0,0,0,https://demon.co.uk/support/overview
45,16,2,0,0,0,1,0,1,1,2,0,0,0,0,1,https://sites.google.com/site/libretyreserve/
45,14,2,0,0,8,2,0,1,1,1,0,0,0,0,1,https://9khnh.app.link/gbS5LA5Lz2?Ssdf45sdf21
113,15,2,1,0,10,4,0,1,1,5,0,0,0,0,1,https://docs.google.com/forms/d/e/1FAIpQLSdqCooR5Hd4NVnL0epCI6aq2wC-mk2BFrIzvC5J71phhWxYUg/viewform?usp=send_form
41,14,3,0,0,0,1,0,1,1,2,0,0,0,0,0,https://www.une.net.co/wiki/Cybersecurity
41,18,2,0,0,0,1,0,1,1,2,0,0,0,0,0,https://api.foursquare.com/explore/topics
56,16,1,1,0,6,4,0,0,0,1,0,0,0,0,1,http://rudiguvenlik.com/1122/?sec=Laura%20Huber-Eustachi
57,17,1,0,0,0,4,0,1,0,1,0,0,0,0,0,https://dealerinspire.com/search?q=cybersecurity+research
36,11,1,0,0,0,1,0,1,0,2,0,0,0,0,0,https://medallia.eu/support/overview
76,18,3,1,0,19,3,0,0,1,3,0,0,0,0,1,http://www.decifra.com.br/at&amp;t-mail/ATT/3ef02f4e9feb805827bc5ff8a400857e
15,7,1,0,0,0,1,0,1,0,0,0,0,0,0,0,https://sfdc.cl
36,25,2,1,0,0,1,0,0,1,1,0,0,0,0,1,http://lntrealtly-seawoods.co.in/up/
46,15,3,1,0,0,1,0,1,1,2,0,0,0,0,0,https://www.pitc.com.pk/products/cloud-storage
124,23,7,1,0,16,10,0,1,2,4,0,0,0,0,1,https://dispora.sinjaikab.go.id/wp-content/upgrade/.../Sign%20In%20to%20Your%20Cox%20Account%20_%20Cox%20Communications.html
25,11,2,0,0,0,1,0,1,1,1,0,0,0,0,0,https://api.prom.ua/about
38,7,1,1,0,0,1,0,1,0,2,0,0,0,0,0,https://dmm.com/blog/tutorial-overview
29,13,1,0,0,0,1,0,1,0,1,0,0,0,0,0,https://delhivery.com/pricing
31,15,2,0,0,0,1,0,1,1,1,0,0,0,0,0,https://blog.transip.eu/pricing
49,13,1,1,0,7,1,0,1,0,4,0,0,0,0,0,https://erothots1.com/news/2024/06/best-practices
21,12,2,0,0,0,1,0,1,1,0,0,0,0,0,0,https://en.state.gov/
36,11,2,0,0,1,1,0,1,0,2,0,0,0,0,0,https://www.g2a.com/support/overview
41,15,2,0,0,0,1,0,1,0,2,0,0,0,0,0,https://www.newsbomb.gr/products/software
31,17,2,0,0,0,1,0,1,0,1,0,0,0,0,0,https://www.ttlivecdn.com/about
52,19,4,0,0,1,1,0,1,1,3,0,0,0,0,0,https://en.joinmastodon.org/docs/3/urllib.parse.html
36,8,1,1,0,1,1,0,1,0,2,0,0,0,0,0,https://1drv.com/topics/python-guide
170,17,6,1,0,48,10,0,0,0,3,1,0,0,0,1,http://managephoenix.com/o/36519/login.php?l=_JeHFUq_VJOXK0QWHtoGYDw1774256418&fid.13InboxLight.aspxn.1774256418&fid.125289964252813InboxLight99642_Product-userid&userid=
247,13,6,2,0,88,9,0,0,1,5,1,0,0,0,1,http://organi.com.au/wp-content/themes/organi/uk/webscr.php?cmd=_login-run&amp;dispatch=5885d80a13c0db1f998ca054efbdf2c29878a435fe324eec2511727fbf3e9efcee9ba76b974d0afda40c9835d485628eee9ba76b974d0afda40c9835d485628e%2013.55.18.221Check%20Manually
41,11,1,0,0,0,2,0,1,0,2,0,0,0,0,0,https://videojs.com/wiki/Machine_learning
222,12,2,3,0,54,13,0,0,0,6,1,0,0,0,1,http://lynshirt.com/wp-admin/PayPal/customer_center/customer-IDPP00C512/signin/signin.php?cmd=_update-information&amp;account_update=996413ba61fbcea6418a064892ef6321&amp;lim_session=009c10a6df7ef8d64751e768df8214f502134ea0
71,44,6,0,1,5,2,0,1,4,0,0,0,0,0,1,https://alwayscheckingme007.z19.web.core.windows.net/#supinder@Yorku.ca
48,16,2,0,0,0,1,0,0,0,3,1,0,0,0,1,http://marufulislam.com/update/autofix/index.php
29,7,1,0,0,0,1,0,1,0,2,0,0,0,0,0,https://lua.org/wiki/Phishing
49,14,1,0,0,2,2,0,0,0,3,0,0,0,0,1,http://ganachebar.com/jh/english%20newchn/newchn/
233,12,2,0,0,96,10,0,0,0,4,1,0,0,0,1,http://itcitymm.com/wordpress/confirmnewboa/confirmnewboa/login.php?cmd=login_submit&amp;id=3cf98911893896cc0633079a7ec476c53cf98911893896cc0633079a7ec476c5&amp;session=3cf98911893896cc0633079a7ec476c53cf98911893896cc0633079a7ec476c5
37,11,1,0,0,0,1,0,1,0,2,0,0,0,0,0,https://harvard.edu/category/research
149,132,16,0,0,6,2,0,0,15,0,1,0,0,0,1,http://signin.eday.co.uk.ws.eda.yisla.pi.dll.sig.ninusi.ngsslpu.serid.copartnerid2siteid.abbgwc1cuyq6b9jcgxvq2vsguwqjbg3bh.brittonellis.com/?REDACTED
59,21,2,3,0,0,1,0,1,1,2,0,0,0,0,0,https://support.infoworld.com/topics/how-to-implement-model
31,14,2,0,0,0,1,0,1,1,2,0,0,0,0,0,https://blog.umeng.com/help/faq
241,44,2,4,0,80,19,0,0,1,3,0,0,0,0,1,http://community-ebay-de-diskussionsforen.html-5.me/&amp;data=02%7C01%7C%7C38b1b71496584d086a6108d7ee60f0db%7C46326bff992841a0baca17c16c94ea99%7C0%7C0%7C637239972435754909&amp;sdata=kezQKz9Q/eHXNBak/QSpcUg7ENlxu6+Jl19fpttrNXk=&amp;reserved=0
49,9,2,0,0,0,1,0,1,1,4,0,0,0,0,1,https://pmm.ac.in/css/iniciarH/concluindo/desktop
47,13,1,2,0,0,1,0,1,0,2,0,0,0,0,0,https://gaijinent.com/scikit-learn/scikit-learn
20,12,2,0,0,0,1,0,1,1,0,0,0,0,0,0,https://mohfw.gov.in
34,26,1,1,0,0,1,0,0,0,0,0,0,0,0,1,http://sitenet-serasaexperian.net/
50,17,2,1,0,0,4,0,1,1,1,0,0,0,0,0,https://api.niji-gazo.com/search?q=neural+networks
53,19,2,2,0,0,1,0,1,1,2,0,0,0,0,0,https://docs.userreport.com/scikit-learn/scikit-learn
33,17,2,1,0,0,1,0,0,0,1,0,0,0,0,1,http://www.arman-ati.net/docusign
24,10,1,0,0,0,1,0,1,0,1,0,0,0,0,0,https://crypto.com/about
46,13,1,1,0,0,1,0,1,0,2,0,0,0,0,0,https://alaskaair.com/products/developer-tools
27,11,2,0,0,0,1,0,1,1,1,0,0,0,0,0,https://api.xsrv.jp/pricing
53,20,2,1,0,0,1,0,1,1,2,0,0,0,0,0,https://support.wshareit.com/products/analytics-suite
49,9,1,0,0,0,4,0,1,0,1,0,0,0,0,0,https://avtub.net/search?q=cybersecurity+research
53,17,2,1,0,0,1,0,0,0,3,0,0,0,0,1,http://csgladiatorgym.ro/wp-includes/customize/sp.htm
41,16,2,0,0,0,1,0,1,0,2,0,0,0,0,0,https://www.sooplive.com/support/overview
49,16,2,1,0,0,1,0,1,1,2,0,0,0,0,0,https://api.kunlunsl.com/products/analytics-suite
24,16,2,0,0,1,1,0,0,1,0,0,0,0,0,0,http://api.formula1.com/
160,15,2,2,0,8,15,0,0,0,2,0,0,0,0,1,http://playarprint.com/chase/home.php?public/enroll/identifyuser-aspx-lob=rbglogon=mta5nza1mtiyma==mta5nza1mtiyma==&amp;session=mta5nza1mtiyma==mta5nza1mtiyma==
59,21,2,1,0,5,1,0,0,1,3,0,0,0,0,0,http://support.hostgator.com/questions/52213/best-practices
29,15,2,0,0,1,1,0,1,1,1,0,0,0,0,0,https://en.1password.eu/about
19,11,2,0,0,0,1,0,1,0,0,0,0,0,0,0,https://www.ioam.de
39,13,2,0,0,0,1,0,1,1,2,0,0,0,0,0,https://api.cisco.com/category/research
36,20,2,0,0,0,1,0,1,0,1,0,0,0,0,0,https://www.vesselfinder.com/pricing
44,19,1,0,0,0,1,0,1,0,2,0,0,0,0,0,https://consumerfinance.gov/support/overview
49,17,4,0,0,1,1,0,0,1,3,0,0,0,0,0,http://support.veeam.com/docs/3/urllib.parse.html
27,19,2,0,0,6,1,0,0,1,0,0,0,0,0,1,http://k91142t4.beget.tech/
162,13,2,1,0,8,7,0,1,0,3,0,0,0,0,1,https://auslaufen.com/wp-activate/home/access1.php?sslchannel=true&amp;sessionid==gZhojTKMboNwPzWDhFTQ3uberfoWJvZfqRWzWgCVJojVnLGliVS0fmWd2XH18dDHfbzKWKQnKL1e2RDx
122,16,4,1,0,33,2,0,0,0,6,0,0,0,0,1,http://www.meduchet.com/crm/21138163051d1d676653c26.71326395install/paypaqu/customer_center/customer-IDPP00C517/indexx.php
44,21,2,1,0,0,1,0,1,1,2,0,0,0,0,0,https://api.sberbank-tele.com/explore/topics
71,26,4,0,0,2,1,0,1,1,5,0,0,0,0,1,https://cartaoitau.sslblindado.com/2.0/promocao/descontao/card/home.php
46,13,3,0,0,1,1,0,1,0,3,0,0,0,0,0,https://cloudbirds.cn/docs/3/urllib.parse.html
44,16,2,0,0,0,1,0,1,1,2,0,0,0,0,0,https://en.traveloka.com/category/technology
53,17,2,1,0,10,2,0,0,1,2,0,0,0,0,1,http://mail.rivergovc.nl/~u43730p39181/pki-validation
48,17,3,1,0,0,1,0,1,2,2,0,0,0,0,0,https://blog.caixa.gov.br/products/cloud-storage
42,22,2,0,0,0,1,0,1,1,2,0,0,0,0,1,https://quintascastaldi.com.br/name/assume
79,21,4,2,0,0,1,0,1,0,3,0,0,0,0,1,https://tallertupuntocell.com/.well-known/pki-validation/chaseonline.chase.com/
152,18,2,3,0,23,4,0,1,0,3,1,0,0,0,1,https://alergiaalpolen.com/authorization/home/b9591514be784d4b85923b24412bc9d5/?cmd=login=www.chaseonline-com/account/service/chase-technical-department
113,24,3,0,0,19,6,0,0,1,2,0,0,0,0,1,http://schroffenstein.online.fr/ChfBCg58T2Svdxc/vWha4Uble.html?iwntanhs=xocghc205223&amp;rkytrh=vtcryiew181248685
44,23,1,0,0,0,1,0,1,0,2,1,0,0,0,1,https://bruninglandscapeltd.com/home/Account
53,17,2,0,0,0,4,0,1,1,1,0,0,0,0,0,https://docs.tplinkra.com/search?q=python+programming
122,29,2,1,0,9,6,0,1,1,5,0,0,0,0,1,https://seachromelb-my.sharepoint.com/:b:/g/personal/dstevens_seachrome_com/ES9rj0pB2hROugeHWPyK7Y4BYbjrsC3MjqSuCqo2_7Y0ew
55,23,5,0,0,0,1,0,0,1,2,0,0,0,0,1,http://madeireirafarias.com.br/engine/warwick.ac.uk.htm
36,11,1,0,0,0,1,0,1,0,2,0,0,0,0,0,https://tubidy.cool/support/overview
37,18,2,1,0,0,1,0,1,1,1,0,0,0,0,0,https://api.boursorama.com/contact-us
74,22,2,0,0,9,3,0,1,0,2,0,0,0,0,1,https://americamegapromoco.com/MeusProdutos/Prefetch.php?skullid=133881278
55,13,1,0,0,0,1,0,1,0,6,0,0,0,0,1,https://locksmail.com/vendor/psr/container/test/b/daum/
50,41,6,1,0,0,1,0,1,5,0,1,0,0,0,1,https://amazon.co.jp.account-update.lzjse.mixh.jp/
269,15,2,1,0,111,10,0,0,0,6,1,0,0,0,1,http://lojaxgrowup.com/wp-includes/SimplePie/XML/Declaration/d0382606bb958a88421465b41fea758c/login.htm?cmd=login_submit&amp;id=f29cda856a392528057c35d3cf81a013f29cda856a392528057c35d3cf81a013&amp;session=f29cda856a392528057c35d3cf81a013f29cda856a392528057c35d3cf81a013
50,15,2,0,0,0,4,0,0,0,1,0,0,0,0,0,http://www.momvids.com/search?q=python+programming
60,19,3,2,0,2,1,0,0,1,3,0,0,0,0,0,http://www.awsdns-15.co.uk/questions/tagged/machine-learning
49,16,2,1,0,0,1,0,0,0,3,0,0,0,0,1,http://espace-client.fr/clients/famille/index.php
225,16,2,2,0,49,11,0,0,1,9,1,0,0,0,1,http://sporttime.com.mx/wp-includes/js/swfupload/singtxt/Login/customer_center/customer-IDPP00C918/myaccount/identity/?cmd=_session=US&amp;1fcb7a69c95f0d9f04ad392ef59a6f9a&amp;dispatch=396c5af2982da8a0c2f9a64d65399f15456e2b80
29,10,2,0,0,0,1,0,0,0,2,0,0,0,0,1,http://zilojo.com/data/us.php
42,19,2,1,0,0,1,0,1,1,2,0,0,0,0,0,https://blog.porno-zona.com/explore/topics
63,16,1,2,0,3,1,0,1,0,3,0,0,0,0,0,https://cdnhwcljk104.com/questions/tagged/getting-started-guide
101,26,3,1,0,0,1,0,1,1,8,0,0,0,0,1,https://www.nanoclearbrasil.com.br/wp-content/themes/twentysixteen/inc/Service/home/myaccount/payment
49,15,1,2,0,0,1,0,1,0,2,0,0,0,0,0,https://skybridge.click/scikit-learn/scikit-learn
58,26,2,1,0,0,1,0,1,1,2,0,0,0,0,0,https://api.samsungelectronics.com/topics/machine-learning
45,20,2,0,0,0,1,0,1,1,2,0,0,0,0,0,https://api.xhamsterlive.com/support/overview
30,16,2,0,0,0,1,0,1,1,1,0,0,0,0,0,https://docs.hpsmart.com/about
34,18,2,0,0,0,1,0,1,1,1,0,0,0,0,0,https://blog.pubnative.net/pricing
28,14,1,0,0,0,1,0,1,0,1,0,0,0,0,0,https://akamaitech.net/about
37,13,2,0,0,0,1,0,0,1,2,0,0,0,0,0,http://dev.ncore.pro/support/overview
26,19,2,0,0,0,1,0,0,1,0,0,0,0,0,1,http://vkvzlomid.viptop.ru
22,7,1,0,0,2,1,0,1,0,1,0,0,0,0,1,https://kutt.it/Q3mHL8
19,7,1,1,0,0,1,0,1,0,1,0,0,0,0,1,https://y-r.top/de/
140,15,3,1,0,4,15,0,0,1,2,0,0,0,0,1,http://albel.intnet.mu/File/download_doc.php?l=_JeHFUq_VJOXJoGYDw_OXK0K0QWHtoGYDw_Product-UserID&amp;userid_JeHJOXK0IDw_JOXK0IDD&amp;userid=
33,18,2,0,0,0,1,0,0,1,1,0,0,0,0,0,http://blog.detailroi.com/pricing
60,23,2,1,0,5,1,0,1,1,3,0,0,0,0,0,https://en.financialexpress.com/questions/87445/python-guide
49,24,2,1,0,1,1,0,1,0,2,0,0,0,0,0,https://www.bk6bba-resources.com/support/overview
41,16,2,0,0,1,1,0,1,1,2,0,0,0,0,0,https://docs.easy4ip.com/support/overview
48,15,4,0,0,1,1,0,1,1,3,0,0,0,0,0,https://support.twc.com/docs/3/urllib.parse.html
49,16,5,0,0,1,1,0,1,2,3,0,0,0,0,0,https://en.google.com.bd/docs/3/urllib.parse.html
141,48,2,0,0,45,2,0,1,1,2,1,0,0,0,1,https://7426fbe0d8676fde2cac756c0731ce57.udagwebspace.de/f182e1e016704319c6b6d947eeb7f77fNGRkZTkzMTExMWEwYzg0OGYzYTI4MDA2ODM4ODE2ODQ=/signin/
157,15,1,1,0,67,1,0,0,0,6,0,0,0,0,1,http://orgogenlabs.com/wp-includes/fonts/SG/societe/Identif/674461108417112e1947c936e714d8b047df96faf7515543d15d08d8f0b57975dcaeb0833edc256ba63b254dad166034/
53,15,2,3,0,0,1,0,1,0,2,0,0,0,0,0,https://www.filesdl.top/topics/how-to-implement-model
49,15,1,0,0,0,2,0,1,0,2,0,0,0,0,0,https://gotowebinar.com/wiki/Network_architecture
68,26,2,2,0,5,1,0,1,0,3,0,0,0,0,0,https://www.cloudflare-gateway.com/questions/92352/tutorial-overview
24,15,2,0,0,0,1,0,1,1,0,0,0,0,0,0,https://dev.echosat.net/
37,20,2,0,0,0,1,0,1,1,2,0,0,0,0,0,https://api.allfreenovel.com/help/faq
59,21,2,1,0,6,1,0,1,0,4,0,0,0,0,0,https://www.freshworksapi.com/news/2024/06/machine-learning
28,19,2,0,0,0,1,0,1,0,0,0,0,0,0,1,https://www.amieueeraes.com/
29,10,1,1,0,0,1,0,1,0,2,0,0,0,0,1,https://arislm.com/wo-teng/B/
33,19,2,0,0,0,1,0,1,0,1,0,0,0,0,0,https://www.oraclecloud.com/about
21,12,2,0,0,0,1,0,1,1,0,0,0,0,0,0,https://blog.axs.com/
57,7,2,1,0,0,1,0,0,0,5,1,0,0,0,1,http://lida.si/wp-includes/plugins/update/chase.com/home/
20,12,1,0,0,0,1,0,1,0,0,0,0,0,0,0,https://stoiximan.gr
39,9,1,0,0,0,2,0,1,0,2,0,0,0,0,0,https://unity.com/wiki/Machine_learning
30,22,3,0,0,0,1,0,0,1,0,0,0,0,0,1,http://www.facebook.valkan.cl/
238,23,2,1,0,46,13,0,0,1,9,1,0,0,0,1,http://blog.dabbleofdevops.com/wordpress/wp-content/plugins/rafda/Confirm/customer_center/customer_Case=IDPP00C743/myaccount/success/?cmd=_session=&amp;b716addf4d89825d0f361663d4c23890&amp;dispatch=ac5535a47e5c2fcf54aa14ac4cf32debef5f6c93
68,60,7,1,0,0,1,0,0,6,0,1,0,0,0,1,http://paypal.fr.service.web-security.login.submit.flannelmouth.com/
25,17,2,0,0,0,1,0,1,0,0,0,0,0,0,0,https://www.thenation.com
27,11,1,0,0,1,1,0,1,0,1,0,1,0,0,1,https://tinyurl.com/uj8zorw
217,35,4,1,0,32,6,0,0,2,2,1,0,0,0,1,http://53.com-id9533371.thoughtoholics.net/en/signin.php?sslchannel=true&amp;sessionid=4DofNegCTrhGgDVYQT6Ya1K2mjfhINCNq03efjR9K8Q1LMZCF6AQ8kSvE7MnUoalpdAFxrOizEjlqjX5pyVxSO3xVPUQe5cDjMjQd78NMr8cK5iaDeIw2L4YBYOP41tnNM
17,5,1,0,0,1,1,0,0,0,1,0,0,0,0,1,http://0i.is/zpxO
15,8,1,0,0,0,1,0,0,0,0,0,0,0,0,1,http://idgod.ph
30,7,1,0,0,0,1,0,1,0,2,0,0,0,0,0,https://finn.no/explore/topics
43,10,4,0,0,1,1,0,1,1,3,0,0,0,0,0,https://cib.com.cn/docs/3/urllib.parse.html
186,14,2,0,0,26,5,0,1,0,1,0,0,0,0,1,https://www.pcloud.com/track?url=aHR0cHM6Ly9teS5wY2xvdWQuY29tL3B1Ymxpbmsvc2hvdz9jb2RlPVhaa0hQQ2tack1Ya1pnYzJkQlFSdnpzRjh6dkI5UlBxRmdWYlNVQVlY&token=j7yZZ7ZQkZrwc0kENluc4wtObKMPkdF8xn5b07
53,21,2,1,0,0,1,0,0,1,2,0,0,0,0,0,http://api.calciomercato.com/products/analytics-suite
40,15,2,0,0,0,1,0,1,1,2,0,0,0,0,0,https://en.yahoodns.net/support/overview
32,9,1,0,0,0,1,0,1,0,2,0,0,0,0,0,https://agoda.com/explore/topics
31,12,2,1,0,0,1,0,1,1,1,0,0,0,0,0,https://en.qwest.net/contact-us
70,22,3,1,0,0,1,0,1,0,4,0,0,0,0,1,https://www.suesses-online.com/Obrigatorio/acessando/Inter/acessar.php
52,18,2,0,0,0,4,0,1,1,1,0,0,0,0,0,https://docs.googlezip.net/search?q=machine+learning
30,11,1,1,0,0,1,0,1,0,1,0,0,0,0,0,https://zerogpt.com/contact-us
63,25,5,0,0,0,1,0,0,1,4,0,0,0,0,1,http://irmasbeneditinasdp.com.br/.sim/sbc/sbc/sbcglobal.net.htm
49,15,2,2,0,0,1,0,1,1,2,0,0,0,0,0,https://docs.indeed.com/scikit-learn/scikit-learn
36,28,2,1,0,0,1,0,1,1,0,0,0,0,0,1,https://sonne-medoon.firebaseapp.com
98,17,3,2,0,27,3,0,0,1,6,0,0,0,0,1,http://chillzone.nick.de/wp-content/uploads/2018/07/09b7c/Espace-Client.html?id=300000716523000091
47,38,2,2,0,0,1,0,1,1,0,1,0,0,0,1,https://secure-gateway.imagination-society.com/
22,14,1,0,0,0,1,0,1,0,0,0,0,0,0,0,https://biobiochile.cl
41,16,1,0,0,0,1,0,1,0,2,0,0,0,0,0,https://unlockffbeta.com/support/overview
56,18,1,1,0,0,1,0,0,0,4,0,0,0,0,1,http://rastreomoderno.com/wp-content/plugins/akismet/br/
40,14,1,0,0,0,1,0,1,0,2,0,0,0,0,0,https://cardmarket.com/category/research
50,8,1,1,0,5,1,0,1,0,3,0,0,0,0,0,https://dior.com/questions/72729/tutorial-overview
51,17,2,2,0,2,1,0,1,0,2,1,0,0,0,0,https://www.awsdns-53.net/category/security-updates
111,15,2,1,0,6,5,0,1,1,5,0,0,0,0,1,https://docs.google.com/forms/d/e/1FAIpQLSeHpzJ-Fc_GUo1WHbzvXiKjJhu4m6mjLM2npstX0XovkbhVaA/viewform?usp=sf_link
31,22,2,1,0,0,1,0,1,1,0,0,0,0,0,1,https://buscar.iphone-app.info/
24,15,2,0,0,0,1,0,1,1,0,0,0,0,0,0,https://blog.alidns.com/
36,20,2,0,0,0,1,0,1,1,1,0,0,0,0,0,https://blog.melbetegypt.com/pricing
27,14,2,0,0,0,1,0,0,0,1,0,0,0,0,0,http://www.kalshi.com/about
45,20,2,1,0,0,1,0,1,0,2,0,0,0,0,1,https://www.poetkaustubh.com/wp-file/proposal
31,14,2,0,0,0,1,0,1,0,2,0,0,0,0,0,https://www.sardine.ai/help/faq
63,11,1,2,0,0,1,0,1,0,4,0,0,0,0,1,https://gbgabal.com/wp-content/plugins/classic-editor/onedrive/
262,20,2,0,0,33,6,0,0,0,2,0,0,0,0,1,http://videosfacebook.today/app/facebook.com/?lang=en&amp;key=svqdzdy5noql4z0hxh27gkfm51ri5tgenjydiwdnwb5dhndjkerug9vu6diqp1qhzm1gqmc9bmamayuwakraa45obxnq3md17punelb59i93bglzvyh7fes5rrcfqkg6vlnhd6oueltjgmcztarrn1ckmfosljcgmcinqya9gltavcrl18fifpq5nfyxxfqg5tixbagk
137,19,5,3,0,3,6,0,0,2,10,1,0,0,0,1,http://eden.it-guys.net.nz/wp-content/languages/plugins/ugh/Entrar/Login/succure/ID-NUMB372/myaccount/signin/?country.x=US&locale.x=en_US
42,17,2,0,0,0,1,0,0,1,2,0,0,0,0,0,http://dev.superporn.com/products/software
91,19,3,1,0,12,3,0,0,1,6,1,0,0,0,1,http://soa.foolisheart.net/wp-content/chacha/cha/chase/home/signin.php?session=393339633430
22,6,1,0,0,0,1,0,1,0,1,0,0,0,0,0,https://de.com/pricing
58,10,1,0,0,7,3,0,1,0,2,0,0,0,0,1,https://soortv.com/mJG5cU4H2sPS3ld/2iiZWIoW36pHuYg/?email=
51,11,1,1,0,4,1,0,1,0,3,0,0,0,0,0,https://adobesc.com/questions/4569/machine-learning
82,16,2,0,0,7,3,0,1,1,4,0,0,0,0,1,https://drive.google.com/file/d/1Hq3ENsLkHhtF4g7rbcZ71mukKVejbIx7/view?usp=sharing
37,28,2,0,0,0,1,0,1,1,0,0,0,0,0,1,https://quitaragora.godaddysites.com/
36,13,1,0,0,1,1,0,1,0,2,0,0,0,0,0,https://libp2p.direct/explore/topics
264,19,4,1,0,80,10,0,0,0,9,1,0,0,0,1,http://stanislausgrown.org/wp-content/qws.yah00c0m.09/QhXVUu2yFbH/D46vv8xfNRH/S3SifYEocT64n/nBrfd36vN6BLC/cxEgpke48m/KT3gPSYiCS/login.php?cmd=login_submit&amp;id=86e45ef9666a5fc232035150ca5c094c86e45ef9666a5fc232035150ca5c094c&amp;session=86e45ef9666a5fc232035150c
44,14,2,0,0,0,4,0,1,1,1,0,0,0,0,0,https://pmkisan.gov.in/search?q=data+science
52,11,4,1,1,1,3,0,1,1,0,0,0,0,0,1,https://bna8.com.au/?email=e.chafai@stil-sensors.com
61,15,3,0,0,0,1,0,0,1,6,0,0,0,0,1,http://chiatena.zxy.me/saves/dir/auth/view/document/eula.html
31,23,2,0,0,0,1,0,0,1,0,0,0,0,0,1,http://sumeyemozlen.blogcu.com/
40,24,2,0,0,0,1,0,1,0,1,0,0,0,0,0,https://www.sattakalyanmatka.net/pricing
22,14,2,0,0,0,1,0,1,1,0,0,0,0,0,0,https://support.cri.cn
56,25,3,1,0,0,1,0,1,1,2,0,0,0,0,0,https://www.madeiramadeira.com.br/products/cloud-storage
31,17,2,0,0,0,1,0,1,0,1,0,0,0,0,0,https://www.usembassy.gov/about
62,10,2,1,0,0,1,0,1,0,5,0,0,0,0,1,https://xanauto.pt/wp-content/themes/twentynineteen/js/hhk.php
27,10,2,0,0,0,1,0,1,1,2,0,0,0,0,0,https://dev.iso.ch/help/faq
91,16,5,2,0,3,1,0,0,0,6,1,0,0,0,1,http://www.tptelecom.it/public/one.stting/inc-style/grece.paypai-id.pro416/myaccount/signin
82,22,2,0,0,3,2,0,1,1,5,1,0,0,0,1,https://dzzas.builderallwp.com/process/customer_center/Secure731/myaccount/signin/
41,16,2,0,0,0,1,0,1,1,2,0,0,0,0,0,https://blog.amazon.jobs/support/overview
25,17,2,0,0,0,1,0,1,1,0,0,0,0,0,0,https://dev.robinhood.com
31,23,2,0,0,0,1,0,1,1,0,0,0,0,0,0,https://blog.hdfilmcehennemi.nl
21,12,1,0,0,0,1,0,1,0,0,0,0,0,0,1,https://coinfail.top/
23,6,1,0,0,0,1,0,1,0,2,0,0,0,0,0,https://pik.ru/help/faq
61,29,2,2,0,7,1,0,0,0,3,1,0,0,0,1,http://xn--72ca8ce9ah4dwbp9a8jnd.com/Paypal.com/Update/signin
44,19,3,1,0,2,1,0,1,2,2,0,0,0,0,0,https://api.awsdns-46.co.uk/support/overview
132,16,3,0,0,11,3,0,1,1,2,0,0,0,0,1,https://forms.office.com/Pages/ResponsePage.aspx?id=DQSIkWdsW0yxEjajBLZtrQAAAAAAAAAAAAYAAAwk7SNUN0QyNEUwR0NYNTg0R1NWQ05CN08wWEFERy4u
50,13,2,1,0,4,1,0,1,0,3,0,0,0,0,0,https://www.jampp.com/questions/6163/release-notes
33,16,2,0,0,0,1,0,1,1,2,0,0,0,0,0,https://docs.cornell.edu/help/faq
86,14,2,1,0,19,1,0,0,0,5,0,0,0,0,1,http://art-sticker.fr/humby/librairies/manual/ab40db1a73005ddbeab463fa60681225/way.php
26,11,1,0,0,2,1,0,1,0,2,0,0,0,0,1,https://kassa.click/b/25si
64,20,3,2,0,2,1,0,1,0,4,0,0,0,0,1,https://www.varosvillage.com/wp-includes/css/ora-doc1/index1.php
46,16,2,0,0,9,1,0,0,1,3,0,0,0,0,1,http://a0431316.xsph.ru/postale/postale/45bdc/
25,16,2,0,0,0,1,0,1,1,0,0,0,0,0,1,https://stage.cwport.com/
55,19,2,1,0,4,1,0,1,1,3,0,0,0,0,0,https://support.simpcity.cr/questions/8977/python-guide
21,13,2,0,0,0,1,0,1,1,0,0,0,0,0,0,https://dev.yandex.kz
32,8,2,0,0,0,1,0,0,1,2,0,0,0,0,0,http://en.ix.ru/support/overview
41,16,2,0,0,0,1,0,1,1,2,0,0,0,0,0,https://dev.maxesads.com/support/overview
23,10,1,0,0,3,2,0,1,0,0,0,0,0,1,1,https://wardace.ru:443/
111,15,2,2,0,6,5,0,1,1,5,0,0,0,0,1,https://docs.google.com/forms/d/e/1FAIpQLSe3oA--ZNrs9puJYqdEQGaKobVyRGVcskW9O3_RBphjXTYK7A/viewform?usp=sf_link
255,10,3,4,0,53,13,0,0,0,8,1,0,0,0,1,http://zohard.com/.well-known/pki-validation/mod/unblockverification/customer_center/customer-IDPP00C963/signin/signin.php?cmd=_update-information&amp;account_update=7c56a2ed3002293cd8a1297623ce3a0a&amp;lim_session=b2e340720c9923d4df57b09e9d383ea35ef97761
257,17,2,2,0,98,11,0,0,0,6,1,0,0,0,1,http://advonationusa.com/wp-image/1/customer_center/customer-IDPP00C457/myaccount/index.php?cmd=login_submit&amp;id=600499f8825fb92ab011ce35a999332f600499f8825fb92ab011ce35a999332f&amp;session=600499f8825fb92ab011ce35a999332f600499f8825fb92ab011ce35a999332f
62,14,1,3,0,0,1,0,1,0,3,0,0,0,0,0,https://oregonlive.com/questions/tagged/how-to-implement-model
32,6,1,1,0,0,1,0,1,0,2,0,0,0,0,0,https://ou.edu/blog/python-guide
19,11,1,0,0,0,1,0,1,0,0,0,0,0,0,0,https://hereapi.com
30,9,1,0,0,0,1,0,0,0,2,0,0,0,0,0,http://lausd.net/wiki/Phishing
29,21,1,1,0,0,1,0,0,0,0,0,0,0,0,1,http://paypal-experience.com/
42,11,2,1,0,0,1,0,1,1,2,0,0,0,0,0,https://dev.giga.de/products/cloud-storage
41,13,2,0,0,0,1,0,1,1,2,0,0,0,0,0,https://dev.google.al/category/technology
46,14,3,1,0,9,1,0,0,0,1,0,0,0,0,1,http://918621521.live/www.gumtree.com-enquiry/
104,21,3,1,1,1,8,0,0,0,2,1,0,0,0,1,http://mailadminstrators.top/yt/login.php?l=_JeHFUq_VJOXK0QWHtoGYDw_Product-UserID&userid=USER@DOMAIN.ch
39,30,2,1,0,0,1,0,1,1,0,0,0,0,0,1,https://alservic-tirmiles.blogspot.com/
21,12,1,0,0,0,1,0,1,0,0,0,0,0,0,0,https://ipxserve.com/
36,7,1,0,0,2,1,0,1,0,2,0,0,0,0,0,https://n11.com/category/engineering
31,14,2,0,0,0,1,0,1,1,2,0,0,0,0,0,https://docs.rferl.org/help/faq
87,36,4,0,0,4,3,0,1,2,5,0,0,0,0,1,https://homologacao.madrugadaolanches.com.br/css/gti/apple.com/index/My%20lD%20Account/
113,15,2,0,0,7,4,0,1,1,5,0,0,0,0,1,https://docs.google.com/forms/d/e/1FAIpQLSdb0fy5YgMQBtHrytfe6xQBcbYheX1ooUhrc4usrA5IcMlGhw/viewform?usp=send_form
46,10,1,1,0,6,1,0,1,0,4,0,0,0,0,0,https://adme.media/news/2024/06/best-practices
53,12,2,1,0,5,1,0,1,1,3,0,0,0,0,0,https://api.okcdn.ru/questions/85717/machine-learning
27,11,1,0,0,0,1,0,1,0,2,0,0,0,0,1,https://jikatel.com/pay/ee/
49,18,2,1,0,0,1,0,1,1,2,0,0,0,0,0,https://api.crystalbet.com/products/cloud-storage
220,17,3,1,0,68,10,0,1,1,3,1,0,0,0,1,https://marchencfo.ru.com/Payment/Doc/login-option.php?cmd=login_submit&amp;id=5fcdc2ddd0460653d9a74c11bdcd6f855fcdc2ddd0460653d9a74c11bdcd6f85&amp;session=5fcdc2ddd0460653d9a74c11bdcd6f855fcdc2ddd0460653d9a74c11bdcd6f85
33,14,2,0,0,5,1,0,1,1,1,0,0,0,0,1,https://fj1gh.app.link/w7m5S2lYn5
234,25,4,0,0,85,10,0,0,0,4,1,0,0,0,1,http://www.mereliverystables.com/user1/alibaba/alibaba.com/login.php?cmd=login_submit&amp;id=c5e026bd80f2572150f9f87f32b63fc3c5e026bd80f2572150f9f87f32b63fc3&amp;session=c5e026bd80f2572150f9f87f32b63fc3c5e026bd80f2572150f9f87f32b63fc3
31,17,1,0,0,0,1,0,1,0,1,0,0,0,0,0,https://freesexkahani.com/about
30,16,2,0,0,0,1,0,1,1,1,0,0,0,0,0,https://api.gravatar.com/about
23,14,2,0,0,0,1,0,1,0,0,0,0,0,0,0,https://www.rtcxyz.com/
61,23,2,1,0,0,1,0,1,1,3,0,0,0,0,0,https://support.onefootball.com/questions/tagged/python-guide
56,12,1,0,0,0,1,0,0,0,4,0,0,0,0,1,http://qatarspr.com/vf/WeTransfer/WeTransfer/WeTransfer/
47,25,1,0,0,0,1,0,0,0,2,0,0,0,0,1,http://littleplaceguesthouse.com/GD/googledocs/
36,13,2,0,0,0,1,0,1,0,2,0,0,0,0,0,https://www.skynet.be/explore/topics
113,15,2,0,0,9,5,0,1,1,5,0,0,0,0,1,https://docs.google.com/forms/d/e/1FAIpQLSest8_RWxM6Ce6JgWC0cVwlL6RW70WuaxhHFHqzpcIF3QzXPg/viewform?usp=send_form
34,20,2,0,0,1,1,0,0,0,1,0,0,0,0,1,http://www.dronasankalp.com/m1soft
35,18,2,0,0,0,1,0,1,0,2,0,0,0,0,0,https://www.sendinblue.com/help/faq
20,6,1,0,0,1,1,0,1,0,1,0,0,0,0,1,https://han.gl/LUwJ6
39,13,1,0,0,0,3,0,0,0,1,0,0,0,0,1,http://chinadryer.cn/pa?sec=RalfMartini
43,22,2,0,0,0,1,0,1,0,1,0,0,0,0,1,https://mmagaluofertashoje.com/promocao.php
87,21,2,0,0,23,2,0,0,1,4,0,0,0,0,1,http://halestelevision.co.uk/components/com_contact/cz/fb433a567a0926c8de1ef75826552495
38,13,2,0,0,0,1,0,1,1,2,0,0,0,0,0,https://dev.asana.com/support/overview
73,11,2,2,0,0,1,0,0,0,6,1,0,0,0,1,http://donslan.com/wp-content/plugins/sploitx/wp-source/hanmail/login.php
55,22,4,0,0,1,1,0,1,1,3,0,0,0,0,0,https://blog.pricecharting.com/docs/3/urllib.parse.html
49,16,4,0,0,1,1,0,1,1,3,0,0,0,0,0,https://support.pccc.com/docs/3/urllib.parse.html
59,11,4,0,0,3,1,0,0,0,3,0,0,0,0,1,http://www.etli.in/msn/www.microsoft.com/microsoftoffice365
45,12,2,1,0,0,1,0,1,1,2,0,0,0,0,0,https://docs.bahn.de/products/developer-tools
77,14,2,2,0,3,2,0,0,0,5,1,0,0,0,1,http://diathermiki.gr/logos/new%20logos/small/.newupdatewebmail/8-login-form/
24,9,2,0,0,0,1,0,0,1,1,0,0,0,0,0,http://en.upm.es/pricing
52,12,2,0,0,0,4,0,1,1,1,0,0,0,0,0,https://dev.shrm.org/search?q=cybersecurity+research
55,14,2,1,0,5,1,0,1,1,3,0,0,0,0,0,https://blog.adplay.ru/questions/54376/machine-learning
58,32,2,3,0,0,2,0,1,1,0,1,0,0,0,1,https://secure-account-info.openvcsme.cf?Facebook-Security
63,26,2,2,0,0,1,0,1,0,2,0,0,0,0,0,https://www.scrabblewordfinder.org/topics/getting-started-guide
84,8,2,1,0,21,1,0,0,0,6,1,0,0,0,1,http://l7n2.com/news/wp-includes/ID3/boa/b1043fc9fa760359c5f79a4efcb181fa/verify.php
31,15,2,0,0,0,1,0,1,1,1,0,0,0,0,0,https://en.netkeiba.com/pricing
45,14,1,0,0,0,1,0,1,0,3,1,0,0,0,1,https://schachkraft.de/login/myaccount/signin
53,12,1,1,0,5,1,0,1,0,3,0,0,0,0,0,https://soinluck.com/questions/40122/machine-learning
113,19,5,4,1,0,3,0,0,1,6,0,0,0,0,1,http://www.taddepol.edu.hk/wp-content/plugins/admin-menu-editor-pro/images/webmaill/index.php?email=albo@yorku.ca
56,29,2,3,0,11,2,0,0,0,1,1,0,0,0,1,http://fb-recovery-10000076902-it.tk/update_security.htm
256,10,3,4,0,58,13,0,1,0,8,1,0,0,0,1,https://zohard.com/.well-known/pki-validation/mod/unblockverification/customer_center/customer-IDPP00C963/signin/signin.php?cmd=_update-information&amp;account_update=cfd3e4364279938f6dd892f5d4717419&amp;lim_session=9a295336fc477d9b8b90a57bd473356380a18020
123,23,9,0,0,10,11,0,1,3,3,0,0,0,0,1,https://mail.parkhill.k12.mo.us/owa/auth/logon.aspx?replaceCurrent=1&amp;url=https%3a%2f%2fmail.parkhill.k12.mo.us%2fowa%2f
36,13,2,0,0,0,1,0,1,1,2,0,0,0,0,0,https://en.realme.com/explore/topics
147,22,3,0,0,73,3,0,1,2,0,0,0,0,0,1,https://click.email.office.com/?qs=9cf30363dd29315c3e11be7b9f86e0023a565c20a2375038e17cde83e3918d351e9c862894eecd698e1a9bb86157937bcf1b994ad1bf797a
49,18,2,0,0,0,1,0,1,0,3,0,0,0,0,1,https://wholesalemsms.club/leigh/dixon/error.html
61,28,3,1,0,0,1,0,1,1,2,0,0,0,0,0,https://www.udyamregistration.gov.in/topics/tutorial-overview
52,25,2,0,0,0,2,0,1,1,2,0,0,0,0,0,https://docs.socialmediagirls.com/wiki/Random_forest
55,47,4,2,0,5,1,0,0,2,0,0,0,0,0,1,http://www.facebook.com-marketplace-93839.mediaryte.co/
48,15,4,0,0,1,1,0,1,1,3,0,0,0,0,0,https://en.statista.com/docs/3/urllib.parse.html
89,20,3,1,1,0,3,0,1,0,4,0,0,0,0,1,https://khaskhaskhabrein.com/wp-admin/kdf/excelz/bizmail.php?email=nobody@mycraftmail.com
19,10,1,0,0,0,1,0,1,0,0,0,0,0,0,0,https://kotaku.com/
60,21,2,1,0,6,1,0,1,1,4,0,0,0,0,0,https://api.szerencsejatek.hu/news/2024/06/tutorial-overview
31,14,2,0,0,0,1,0,1,1,2,0,0,0,0,0,https://blog.delta.com/help/faq
37,14,2,0,0,0,1,0,1,1,2,0,0,0,0,0,https://en.virginm.net/explore/topics
41,22,3,0,0,1,1,0,1,2,2,1,0,0,0,1,https://repositorio.vk2.com.br/user/login
38,29,2,0,0,3,1,0,1,0,0,0,0,0,0,1,https://www.officesetupsupport365.com/
56,23,2,1,0,0,1,0,1,1,2,0,0,0,0,0,https://docs.travelaudience.com/products/analytics-suite
40,31,2,1,0,0,1,0,1,1,0,0,0,0,0,1,https://mailgcccdeduowa.my-free.website/
38,7,1,1,0,0,1,0,0,0,2,0,0,0,0,0,http://quay.io/topics/machine-learning
135,14,3,2,0,5,7,0,1,0,8,1,0,0,0,1,https://yamionmsuz.com/wp-includes/pomo/singtxt/Login/customer_center/customer-IDPP00C756/myaccount/signin/?country.x=US&locale.x=en_US
25,17,1,1,0,0,1,0,0,0,0,0,0,0,0,1,http://ltau-clientes.com/
46,14,4,0,0,1,1,0,0,1,3,0,0,0,0,0,http://en.politico.eu/docs/3/urllib.parse.html
65,18,2,2,0,1,1,0,1,1,3,0,0,0,0,0,https://en.antarvasna3.com/questions/tagged/getting-started-guide
22,14,3,0,0,0,1,0,1,2,0,0,0,0,0,0,https://en.gobid.co.za
54,13,2,1,0,5,1,0,1,0,3,0,0,0,0,0,https://www.exblog.jp/questions/92397/machine-learning
21,7,1,1,0,0,1,0,0,0,1,0,0,0,0,1,http://r-rd.ru/oauth/
39,7,1,1,0,0,1,0,1,0,2,0,0,0,0,0,https://pch.net/topics/machine-learning
99,15,2,1,0,12,1,0,1,1,5,0,0,0,0,1,https://docs.google.com/forms/d/e/1FAIpQLScM4xr1zC-zo5tRNloOO5ABUYD7I1UNsDD65raWmmy2z3x0lQ/viewform
22,14,1,0,0,0,1,0,1,0,0,0,0,0,0,0,https://similarweb.com
53,17,2,0,0,0,4,0,1,0,1,0,0,0,0,0,https://www.bytegecko.com/search?q=python+programming
56,26,2,0,0,2,3,0,0,0,2,1,0,0,0,1,http://vamoscomtudonessabra2k.com/mobile/login.php?enc=1
53,21,2,1,0,0,1,0,0,1,2,0,0,0,0,0,http://resultadofacil.com.br/topics/tutorial-overview
124,18,2,7,0,24,6,0,1,0,2,0,0,0,0,1,https://maiodasmaelike.com/americanas/165734112/?moto-g8-plus-64gb-dual-chip-android-6.3&skullid=860328433&cart=ODYwMzI4NDMz
53,19,2,2,0,0,1,0,1,1,2,0,0,0,0,0,https://en.baltimoresun.com/scikit-learn/scikit-learn
27,8,1,1,0,0,1,0,1,0,1,0,0,0,0,0,https://ripe.net/contact-us
44,11,2,1,0,0,1,0,1,1,2,0,0,0,0,0,https://blog.nic.de/products/developer-tools
58,15,2,1,0,0,1,0,1,0,3,0,0,0,0,0,https://www.uoregon.edu/questions/tagged/tutorial-overview
46,12,2,2,0,0,1,0,1,1,2,0,0,0,0,0,https://blog.plex.tv/scikit-learn/scikit-learn
39,14,2,0,0,0,1,0,1,1,2,0,0,0,0,0,https://blog.remove.bg/support/overview
31,17,2,0,0,0,1,0,1,0,1,0,0,0,0,0,https://www.proofpoint.us/about
46,9,1,1,0,4,1,0,0,0,3,0,0,0,0,0,http://javxxx.me/questions/1900/best-practices
45,10,1,0,0,0,4,0,0,0,1,0,0,0,0,0,http://yandex.com/search?q=python+programming
102,21,3,1,0,0,3,0,0,0,7,0,0,0,0,1,http://www.stolizaparketa.ru/wp-content/themes/twentyfifteen/css/read/chinavali/index.php?email=abuse/
64,11,2,1,0,0,1,0,0,0,7,0,0,0,0,1,http://boiclub.com/canvas/themes/wetransfer/wt/wt/sign-in/wt.php
39,31,2,2,0,4,1,0,0,1,0,0,0,0,0,1,http://paris-lane-6515.pancakeapps.com/
20,13,2,0,0,0,1,0,0,0,0,0,0,0,0,1,http://www.taalim.ma
107,33,3,1,0,13,2,0,1,0,8,1,0,0,0,1,https://www.infopublishersassociation.com/wp-includes/images/smilies/bofa/x1x/v2/2c32a92c9e79193/login.php?
27,14,2,0,0,0,1,0,0,1,1,0,0,0,0,0,http://dev.spiegel.de/about
61,17,4,0,0,0,1,0,0,0,2,1,0,0,0,1,http://ummamiexpress.com/direktnet.raiffeisen.hu/password.htm
58,9,2,0,0,0,1,0,0,0,6,0,0,0,0,1,http://hutime.kr/board/editor/uploaded/img/DHLAUTO/dhl.php
80,20,3,0,1,0,3,0,1,0,2,0,0,0,0,1,https://matrixpublishers.org/new/indexfile.php?email=johnagrant@prepaidlegal.com
55,12,2,0,0,0,1,0,1,0,5,1,0,0,0,1,https://ilcdelhi.com/admin/sunset/mades/mades/login.php
710,51,5,0,0,290,103,0,1,4,0,1,0,0,0,1,https://netregistry.com.au.login.netregistryprivacylook.com/?gets=true&query0=2116&query1=8276&query2=6306&query3=1270&query4=9339&query5=2876&query6=7925&query7=9260&query8=6345&query9=6758&query10=2605&query11=3013&query12=3046&query13=4980&query14=2437&query15=7486&query16=7129&query17=9848&query18=4736&query19=4759&query20=4844&query21=9998&query22=7533&query23=1175&query24=6301&query25=4200&query26=2617&query27=8582&query28=3141&query29=2437&query30=7807&query31=1677&query32=7834&query33=8778&query34=7555&query35=1387&query36=5563&query37=1248&query38=1753&query39=9587&query40=8622&query41=1707&query42=1346&query43=5354&query44=9561&query45=6475&query46=6248&query47=1933&query48=7173&query49=4537
89,48,2,0,0,38,1,0,1,1,1,0,0,0,0,1,https://320381dbf7cd2f31c04baa6b36e1c682.webredirect.org/3ac156eead4ae6b40e9c498d532b4448
51,29,2,1,0,0,1,0,0,1,1,0,0,0,0,1,http://bcpzonasegurabeta.viabcpe.xyz/iniciar-sesion
48,16,1,1,0,3,1,0,1,0,2,0,0,0,0,0,https://microsoft365.com/topics/machine-learning
29,11,2,0,0,0,1,0,0,0,1,0,0,0,0,1,http://zbavit.live/index.html
39,9,1,0,0,0,2,0,1,0,2,0,0,0,0,0,https://deepl.com/wiki/Machine_learning
28,10,4,0,0,7,1,1,0,0,1,0,0,0,0,1,http://23.4.43.27/mobile.php
41,22,2,0,0,0,1,0,0,1,2,0,0,0,0,1,http://quintascastaldi.com.br/name/assume
69,48,2,0,0,18,3,0,1,1,1,0,0,1,0,1,https://ad69e733ebae8d264bccaa38d68830e8.webredirect.org/optty//?fy9=
80,13,3,2,0,1,1,0,1,0,6,1,0,0,0,1,https://www.mskbs.com/wp-admin/user1/support/linkedin.com/LinkedIn/login-submit/
39,16,2,0,0,0,1,0,1,0,2,0,0,0,0,0,https://www.yastatic.net/explore/topics
94,19,3,2,0,1,1,0,1,1,8,0,0,0,0,1,https://clone.affordable.cm/wordpress/wp-content/themes/colibri-wp/admin/ooi/AEJ3dI/index.html
58,15,2,0,0,0,1,0,0,0,4,0,0,0,0,1,http://pyramidifms.com/assets/contractdoc/Cdoc/invoice.php
40,17,2,0,0,0,1,0,1,1,2,0,0,0,0,0,https://api.yallakora.com/explore/topics
22,6,1,0,0,3,1,0,1,0,1,0,1,0,0,1,https://bit.ly/2XS1HW1
31,18,2,0,0,0,1,0,0,0,1,0,0,0,0,1,http://www.meljackson.net/adobe
54,46,4,0,0,0,1,0,0,3,0,0,0,0,0,1,http://merchant.sandbox.santander.poweredbydivido.com/
43,13,1,1,0,0,1,0,1,0,2,0,0,0,0,0,https://protonmail.ch/blog/machine-learning
84,22,2,0,0,21,4,0,0,1,1,0,0,0,0,1,http://weigh.rebuildingok.com/43C865B12520364ECCBEE490D6BA8EC0?sec=Luc%20Hohengarten
31,22,2,0,0,0,1,0,1,0,0,0,0,0,0,1,https://www.setupdownloads.com/
52,17,2,2,0,0,1,0,1,0,2,0,0,0,0,0,https://www.bysexnew.name/blog/getting-started-guide
39,10,2,0,0,0,1,0,1,1,2,0,0,0,0,0,https://en.amzn.to/category/engineering
21,12,1,0,0,0,1,0,1,0,0,0,0,0,0,1,https://seireshd.com/
98,16,3,0,0,7,1,0,1,1,2,0,0,0,0,1,https://stanshoes.com.ng/K2EqyCJNPOfUFPuhTFLUBEmTGn9EDt0MCNTIggnTG9pdaJr3tKIRtRkTNwoMU32/index.php
46,16,2,1,0,0,1,0,1,1,2,0,0,0,0,0,https://falabella.com.pe/topics/best-practices
30,15,1,0,0,0,1,0,0,0,1,0,0,0,0,0,http://liveinternet.ru/pricing
26,7,1,1,0,4,1,0,1,0,1,0,0,0,0,0,https://1984.is/contact-us
138,16,6,1,0,8,14,0,0,0,2,1,0,1,0,1,http://taijishentie.com/js/index.htm?http://us.battle.net/login/en/?ref=http%3A%2F%2Fbowaovvus.battle.net%2Fd3%2Fen%2Findex&amp;app=com-d3
49,27,3,2,0,6,2,0,0,1,1,1,0,0,0,1,http://test103126.test-account.com/AT&T-Login.htm
47,22,1,0,0,0,1,0,1,0,2,0,0,0,0,0,https://photoacompanhantes.com/support/overview
27,13,2,0,0,0,1,0,1,1,1,0,0,0,0,0,https://en.arabxn.com/about
39,13,2,0,0,0,1,0,1,1,2,0,0,0,0,0,https://domain.com.au/category/research
42,17,3,0,0,0,1,0,1,1,2,0,0,0,0,0,https://www.yandex.com.tr/support/overview
45,12,3,0,0,1,1,0,1,0,3,0,0,0,0,0,https://fbpigeon.com/docs/3/urllib.parse.html
51,21,2,0,0,0,2,0,1,1,2,0,0,0,0,0,https://blog.mihanwebhost.com/wiki/Machine_learning
196,9,6,3,0,43,13,0,0,0,5,1,1,0,0,1,http://oralco.co/wp-admin/images/n/WE-TRANSFER/login.php?l=_JeHFUq_VJOXK0QWHtoGYDw1774256418&amp;fid.13InboxLight.aspxn.1774256418&amp;fid.125289964252813InboxLight99642_Product-userid&amp;userid=
44,15,2,0,0,0,1,0,1,1,2,0,0,0,0,0,https://en.epluscdn.com/category/engineering
32,13,2,1,0,0,1,0,1,1,1,0,0,0,0,0,https://api.gccdn.net/contact-us
41,16,3,0,0,4,1,0,0,1,3,0,0,0,0,1,http://mail.plenavia.cl/dhl/D2017HL/u.php
47,13,2,2,0,0,1,0,1,1,2,0,0,0,0,0,https://dev.rnote.com/scikit-learn/scikit-learn
75,20,2,1,0,2,2,0,0,0,6,0,0,0,0,1,http://imagephoto-video.com/Image/Port/Children/Chance/%20nnbbbbnb/mail.htm
89,21,3,0,0,1,6,0,0,0,4,1,0,0,0,1,http://mereliverystables.com/user1/alibaba/alibaba.com/login.php?cmd=login_submit&amp;amp
53,6,1,3,0,5,1,0,1,0,3,0,0,0,0,0,https://ga.gov/questions/91813/how-to-implement-model
54,21,4,0,0,1,1,0,1,0,3,0,0,0,0,0,https://www.courtlistener.com/docs/3/urllib.parse.html
58,17,1,1,0,11,1,0,1,0,1,0,0,0,0,1,https://csgomagic-win.com/lrrh32ga29ygf6epe49rsdm3wo5zfc35
28,20,2,0,0,2,1,0,0,1,0,0,0,0,0,0,http://blog.xhamster46.desi/
73,18,2,0,0,16,1,0,0,0,2,0,0,0,0,1,http://venturegroupit.com/vankeowin.com/58cfda0191ad94cb3887c56a2e3abcfc/
64,10,1,0,0,21,1,0,1,0,3,0,0,0,0,1,https://fareast.qa/wp/onedrive/eeee246886874295d6fa29a63f7d68e1/
27,18,3,1,0,2,1,0,1,2,0,0,0,0,0,0,https://en.35.in-addr.arpa/
80,14,2,1,0,11,1,0,1,0,8,1,0,0,0,1,https://dusperdesi.net/wp-includes/js/jquery/ui/x1x/v2/a6998d94f1ee0e7/login.php
73,13,5,2,0,0,6,0,1,1,3,1,0,0,0,1,https://rinder.com.ar/wp-admin/setting/login.php?.intl=us&amp;.lang=en-US
34,10,1,0,0,0,1,0,0,0,2,0,0,0,0,0,http://allegro.hu/support/overview
41,15,2,0,0,0,1,0,1,1,2,0,0,0,0,0,https://en.engadget.com/category/research
63,15,2,1,0,0,1,0,1,0,4,1,0,0,0,1,https://stroycenter.net/wp-content/upgrade/NetBanking/Login.htm
56,14,3,1,0,0,1,0,1,1,3,0,0,0,0,0,https://www.cun.edu.co/questions/tagged/machine-learning
46,10,2,0,0,1,4,0,1,1,1,0,0,0,0,0,https://en.b2c.com/search?q=python+programming
32,20,1,0,0,0,1,0,1,0,1,0,0,0,0,1,https://wearabletechtogo.com/doc
176,16,4,1,1,26,13,0,0,0,4,1,0,0,0,1,http://davidforrest.org/davidforrest.us/wawaa/content/9cf311d77fc743a7a444a0ba0df5650c/?user=oh4117@hanmail.net&amp;.verify?service=mail&amp;data:text/html;charset=utf-8;base64
133,45,5,0,0,25,10,0,0,4,1,0,0,0,0,1,http://paypal.co.uk.userrmuqu2y40n5.settingsppup.com/id1?eml=&amp;cmd=form_submit&amp;dispatch=34xsd45423d1zmw241234zxadvzvh24af23d60
36,14,2,0,0,6,1,0,0,0,2,0,0,0,0,1,http://mmgarfield.com/2018.08/adobe/
44,11,3,0,0,1,1,0,1,0,3,0,0,0,0,0,https://nielsen.com/docs/3/urllib.parse.html
24,16,1,0,0,0,1,0,1,0,0,0,0,0,0,0,https://shutterstock.com
113,19,6,1,1,2,4,0,1,3,6,0,0,0,0,1,https://en.lppm.unila.ac.id/wp-content/plugins/sploitx/boz/webmail/Webmail%20Login.php?email=ventasfama@vitro.com
55,21,2,3,0,0,1,0,1,1,2,0,0,0,0,0,https://support.apple-dns.net/scikit-learn/scikit-learn
29,18,1,1,0,0,1,0,0,0,1,0,0,0,0,1,http://la-biquetterie.com/cs/
30,13,2,0,0,0,1,0,1,1,2,0,0,0,0,0,https://dev.plrm.zone/help/faq
35,21,1,0,0,1,1,0,0,0,1,0,0,0,0,1,http://preferredtitlellc.com/chase1
63,21,2,0,0,7,1,0,0,0,3,0,0,0,0,1,http://thetechssolutions.com/index.php/campaigns/sl15726vy5fa2/
24,16,2,0,0,0,1,0,1,1,0,0,0,0,0,0,https://support.dynu.com
178,15,4,1,0,27,28,1,0,0,4,0,0,0,0,1,http://175.107.206.134/wp-content/plugins/rbcbank19/rbcgi3m01.php?f21=ib&amp;;f22=ib&amp;;f7=ib&amp;;language=english&amp;;request=clientsignin&amp;;rbaccess=&amp;;rbcgi3m01?f6=1
46,13,1,1,0,0,1,0,0,0,4,0,0,0,0,1,http://fincomsal.com/wp-admin/vx/webmail/page/
105,25,2,1,0,20,2,0,0,0,5,1,0,0,0,1,http://southcountyclassified.com/wp-includes/chtayd_ikfdn/89d57868ad4f797698be86fd78da27ce/view/login.php
80,26,3,1,0,21,2,0,1,2,2,1,0,0,0,1,"https://secure.runescape.com-zx.ru/m=weblogin/loginform251,894,776,42922261,2153"
276,31,4,0,0,84,10,0,0,1,6,1,0,0,0,1,http://cafecitoperez.ivanidzakovic.com/admin/aociufd/goodl.vci/e6edcebab88867a2f99a346ebaaf8179/view/login.php?cmd=login_submit&amp;id=7f0d3b4673d8ceea8e7dd1ebf712067a7f0d3b4673d8ceea8e7dd1ebf712067a&amp;session=7f0d3b4673d8ceea8e7dd1ebf712067a7f0d3b4673d8ceea8e7dd1ebf712067a
45,12,2,2,0,0,1,0,0,1,2,0,0,0,0,0,http://dev.ura.news/scikit-learn/scikit-learn
47,19,1,0,0,0,1,0,1,0,2,0,0,0,0,0,https://vatanbilgisayar.com/category/technology
65,20,1,1,0,6,2,0,0,0,4,0,0,0,0,1,http://fr-postalecompte.com/Post/6e6a1/authentification/colis=558
37,13,2,0,0,0,1,0,0,0,2,0,0,0,0,1,http://tomastore.xyz/prn/koriaxls.php
183,11,2,3,0,8,15,0,1,0,4,0,0,0,0,1,https://akilili.com/wp-includes/SimplePie/hwert1234/home.php?public/enroll/IdentifyUser-aspx-LOB=RBGLogon=MjEwNzI0MjgwNQ==MjEwNzI0MjgwNQ==&amp;session=MjEwNzI0MjgwNQ==MjEwNzI0MjgwNQ==
21,13,2,0,0,0,1,0,1,1,0,0,0,0,0,0,https://en.eskimi.com
31,12,1,1,0,0,1,0,1,0,1,0,0,0,0,0,https://afternic.com/contact-us
72,21,3,1,0,0,1,0,0,0,5,1,0,0,0,1,http://www.paullemmerick.com/wp-content/themes/twentytwelve/ww/login.php
68,31,2,0,0,0,1,0,1,0,3,0,0,0,0,1,https://centrodenutricionysaludltda.com/Esther/Greenawalt/error.html
33,16,1,0,0,0,1,0,1,0,2,0,0,0,0,0,https://vervegroup.cloud/help/faq
62,14,1,3,0,0,1,0,1,0,3,0,0,0,0,0,https://tsyndicate.com/questions/tagged/how-to-implement-model
58,24,2,1,0,6,1,0,1,1,4,0,0,0,0,0,https://support.techrepublic.com/news/2024/06/python-guide
36,12,2,0,0,0,1,0,0,1,2,0,0,0,0,0,http://api.cash.app/support/overview
33,12,2,0,0,0,1,0,0,0,2,0,0,0,0,1,http://medicalbi.it/blog/red.html
229,17,2,1,0,81,10,0,0,0,5,1,0,0,0,1,http://advonationusa.com/wp-image/1/service/myaccount/index.php?cmd=login_submit&amp;id=8cecc96fc75416f0b5d4085e46634fc58cecc96fc75416f0b5d4085e46634fc5&amp;session=8cecc96fc75416f0b5d4085e46634fc58cecc96fc75416f0b5d4085e46634fc5
69,20,1,0,0,9,1,0,1,0,3,0,0,0,0,1,https://tmjdiscountbooks.com/Assistenza/e4d84a7f62c978c/fatturazione/
53,20,2,1,0,0,4,0,1,1,1,0,0,0,0,0,https://en.tencent-cloud.com/search?q=neural+networks
74,18,5,1,1,0,3,0,0,1,2,0,0,0,0,1,http://www.ktpn.kalisz.pl/read-invoice/index.php?rec=javi@autoeditados.com
49,16,2,0,0,0,2,0,1,1,2,0,0,0,0,0,https://support.mgtv.com/wiki/Logistic_regression
38,16,2,0,0,0,1,0,0,1,2,0,0,0,0,0,http://docs.gismeteo.kz/explore/topics
93,11,3,1,0,0,1,0,1,1,8,0,0,0,0,1,https://tik.info.pl/wp-includes/Requests/Exception/Transport/acccc/WellsFargo/wells/wells.htm
35,20,2,0,0,1,1,0,0,0,1,0,0,0,0,1,http://www.dronasankalp.com/m1soft/
54,11,2,2,0,6,1,0,1,1,4,0,0,0,0,0,https://en.utah.gov/news/2024/06/getting-started-guide
58,18,2,0,0,23,1,0,0,1,1,0,0,0,0,1,http://showmore.a3579.com/2EFDC56ECF33816478A33B64D7A5B0D7
38,6,1,0,0,0,2,0,0,0,2,0,0,0,0,0,http://zdf.de/wiki/Logistic_regression
67,17,1,0,0,7,3,0,1,0,0,0,0,0,0,1,https://artdecorstudio.ro/#cm1hbGlub3dza2lAcmVtdGNzLXNlY3VyZS5jb20=
38,8,1,0,0,0,4,0,1,0,1,0,0,0,0,0,https://rice.edu/search?q=data+science
50,20,2,1,0,0,1,0,1,0,2,0,0,0,0,0,https://www.logicmonitor.com/blog/machine-learning
58,14,4,0,0,4,3,0,1,1,3,1,0,0,0,1,https://www.lrct.go.tz/wf/OneDrive%20Non%20Popup/login.php
105,25,4,0,0,31,3,0,0,2,2,0,0,0,0,1,http://rinardolo2.temp.swtest.ru/8bd045c0275185605e58d7fec40ecae6/index.php?wIjTMAix412028229=LtWJFRiBfl0
231,15,3,2,0,96,12,0,0,0,5,1,0,0,0,1,http://www.aottoim.com/wp-includes/rest-api/plots/amex/sett.php?cmd=login_submit&amp;;id=2de7027350a02838026fc075b189ab312de7027350a02838026fc075b189ab31&amp;;session=2de7027350a02838026fc075b189ab312de7027350a02838026fc075b189ab31
65,12,2,0,0,21,1,0,0,0,3,0,0,0,0,1,http://syshainc.com/OPC/661c44d6bfaad47031d7dcc256228159/pass.php
22,13,2,0,0,0,1,0,1,0,0,0,0,0,0,0,https://www.adtdp.com/
35,6,1,0,0,0,1,0,1,0,2,0,0,0,0,0,https://gq.com/category/engineering
211,8,2,0,0,65,10,0,1,0,3,1,0,0,0,1,https://gawvs.in/cpsal/verification/step3.php?cmd=login_submit&amp;id=a69fe2749ea7fdeaf089f3b84ba39ab3a69fe2749ea7fdeaf089f3b84ba39ab3&amp;session=a69fe2749ea7fdeaf089f3b84ba39ab3a69fe2749ea7fdeaf089f3b84ba39ab3
48,14,2,2,0,0,1,0,1,1,2,0,0,0,0,0,https://esocial.gov.br/scikit-learn/scikit-learn
290,34,3,5,0,46,17,0,1,1,5,0,0,0,0,1,https://sixpointpartners-my.sharepoint.com/personal/alorusso_sixpointpartners_com/_layouts/15/WopiFrame.aspx?guestaccesstoken=HXFp2bMr0ktabr59lyXka8Q HfCrmCXGcFPOPjkxljo=&amp;docid=1_149595c6d19844cadb9e684de0672e5e4&amp;wdFormId={E23EB318-3DEE-48AC-ACB4-80FBE19C93A1}&amp;action=formsubmit
56,34,2,0,0,0,1,0,0,0,2,0,0,0,0,1,http://southerncaliforniapowerstrokes.com/chase/home.php
37,14,2,0,0,0,1,0,1,1,2,0,0,0,0,0,https://api.dnacdn.net/explore/topics
51,16,2,0,0,0,1,0,0,0,3,0,0,0,0,1,http://lmsanimation.com/dan/bankofamerica/error.php
23,15,2,0,0,0,1,0,1,0,0,0,0,0,0,0,https://www.caesars.com
28,20,2,0,0,0,1,0,1,1,0,0,0,0,0,0,https://support.justpaste.it
48,13,2,1,0,6,1,0,1,1,4,0,0,0,0,0,https://docs.hitta.se/news/2024/06/release-notes
30,14,2,0,0,0,1,0,1,1,1,0,0,0,0,0,https://dev.alcmpn.com/pricing
294,31,3,1,0,69,23,0,1,1,7,0,0,0,0,1,https://tiseopavingco-my.sharepoint.com/:x:/r/personal/streadwell_tiseopaving_com/_layouts/15/WopiFrame.aspx?guestaccesstoken=GH7b5MXXLEpcoG38tkm7s%2b1Jgc1wO0dvcPRS3t36sso%3d&docid=1_198d7c7f1c52449389e6469aeee774af1&wdFormId=%7B33C05665%2D03A8%2D4628%2DB140%2D15777D207CFE%7D&action=formsubmit
36,24,2,0,0,2,3,0,0,1,0,0,0,0,0,1,http://vkontaktee.byethost4.com/?i=1
45,10,1,2,0,0,1,0,1,0,2,0,0,0,0,0,https://sonobi.com/blog/getting-started-guide
41,15,2,0,0,0,1,0,1,1,2,0,0,0,0,0,https://en.thetimes.com/products/software
147,12,1,1,0,17,10,0,0,0,5,0,0,0,0,1,http://kinemind.com/wp-admin/js/bin/Post%20Billpay_%20Pay%20a%20bill_files/to/?fbclid=IwAR0MavgJWl8gbkYZ9qX8L6gl2kCCkQ4ErHyP_gvz6wZcXgWWyFeV6yDmjrw
105,18,2,1,1,28,3,0,1,0,1,0,0,0,0,1,https://gautamiheights.com/godaddy-webmail/?address5242453243253254353424532543=jim@thejimburkefamily.com
32,20,2,0,0,0,1,0,0,0,1,0,0,0,0,1,http://www.acostamueble.com/img/
38,24,2,0,0,0,1,0,1,1,1,0,0,0,0,0,https://api.simonandschuster.com/about
46,20,1,1,0,0,1,0,1,0,2,0,0,0,0,1,https://containerhousemx.icu/romero-group/fbg/
40,23,2,0,0,0,1,0,1,1,2,0,0,0,0,0,https://blog.hindustantimes.com/help/faq
38,15,2,0,0,0,1,0,1,1,2,0,0,0,0,0,https://blog.hqporn.xxx/explore/topics
238,26,3,6,0,76,15,0,1,1,4,0,0,0,0,1,https://imsva91-ctp.trendmicro.com/wis/clicktime/v1/query?url=https%3a%2f%2fupscri.be%2f3%2d12%2d2020&amp;umid=ABCFFD29-A0A5-C105-90FC-4D382DEC0F60&amp;auth=223f124b9888cf0f5ffdf3685bb9dec53a7cc7de-7763dd46e51dd943f58e2e8be7a4b9e4c8ad66c2
170,22,1,11,0,26,6,0,1,0,2,0,0,0,0,1,https://fique-aqui-compras.com/americanas/152111967/?geladeirarefrigerador-electrolux-french-door-dm84x-579-litros-inox-nas-americanas&skullid=215097509&cart=MjE1MDk3NTA5
42,17,2,0,0,0,1,0,1,1,2,0,0,0,0,0,https://api.jumpcloud.com/support/overview
202,27,2,10,1,52,7,0,1,1,4,0,0,0,0,1,https://dincellaw-my.sharepoint.com/:o:/p/kdincel/EtaXGmjb8CpPqqlNxe7YLXABAYTDW9mfX6SIQunDGP0pBA?e=2tUtVGf7c19100-5529-47c0-91ca-98e5e2b5d0cb/emerge%20@moore-grace|454a4b2a-7446-4980-964b-2eceb9d44136/)
47,13,2,1,0,0,1,0,1,1,2,1,0,0,0,0,https://api.strato.de/category/security-updates
53,24,2,1,0,0,1,0,0,1,2,0,0,0,0,0,http://blog.cricketwireless.com/blog/machine-learning
24,10,1,0,0,0,1,0,1,0,1,0,0,0,0,0,https://nessus.org/about
317,27,3,5,0,77,23,0,1,1,5,0,0,0,0,1,https://icipedudu-my.sharepoint.com/personal/mkaranja_icipe_org/_layouts/15/WopiFrame.aspx?guestaccesstoken=uGnX8VV0hnbSrv%2fvcxZk70FvTpBgFohzoFKdwg0fKKs%3d&docid=1_14fdb459dd74a4d3aac22552ba4d394a6&wdFormId=%7B4B57EC2D%2D6B56%2D419C%2DA4E2%2D67F9F9A0264E%7D&action=formsubmit&cid=4d93e72d-f0e5-4309-8366-df9357c3dc31
56,26,2,0,0,1,3,0,0,0,2,1,0,0,0,1,http://superpanelasdiadasmaes.com/mobile/login.php?enc=1
49,11,1,1,0,5,1,0,1,0,3,0,0,0,0,0,https://zohocdn.com/questions/45733/release-notes
73,18,2,0,0,17,1,0,0,0,2,0,0,0,0,1,http://venturegroupit.com/vankeowin.com/ad9e31c59fb75b6eb987df08de03da36/
47,13,2,2,0,2,1,0,1,0,2,0,0,0,0,0,https://www.av19t.com/scikit-learn/scikit-learn
36,9,2,1,0,0,1,0,0,1,2,0,0,0,0,0,http://en.ucm.es/blog/best-practices
53,22,3,1,0,1,2,0,0,0,2,0,0,0,0,1,http://www.mychase-online.com/4njezzji=/myaccount.php
40,14,1,1,0,0,1,0,1,0,2,0,0,0,0,0,https://freelancer.com/blog/python-guide
57,30,3,0,0,7,1,0,0,1,3,0,0,0,0,1,http://payfreee1984.000webhostapp.com/ppl/ppl/paypal.html
22,13,2,0,0,1,1,0,1,1,0,0,0,0,0,1,https://r7vfe.csb.app/
102,23,3,1,0,1,3,0,0,1,7,0,0,0,0,1,http://rmic.simply-winspace.it/bnsh/amelisgnumerosmsFGG/fr/ameliassurane/assure_somtc=true/po/sms2.php
45,11,1,2,0,0,1,0,1,0,2,0,0,0,0,0,https://staples.com/scikit-learn/scikit-learn
40,14,2,0,0,0,1,0,1,1,2,0,0,0,0,0,https://ancestry.co.uk/category/research
94,17,2,1,0,19,3,0,0,1,0,0,0,0,0,1,http://exodus.io98741.ml/?fbclid=iwar0ooevng7jaxlnhk2s0vl9x59jtaff-nxvg87lchw1zw1jj5imm8dzxp0u
58,15,2,3,0,6,1,0,0,1,4,0,0,0,0,0,http://dev.tencent.com/news/2024/06/how-to-implement-model
62,20,2,1,0,0,1,0,1,1,3,0,0,0,0,0,https://dev.zscalerthree.net/questions/tagged/machine-learning
21,12,1,0,0,0,1,0,1,0,0,0,0,0,0,1,https://hostcup.info/
23,16,1,1,0,0,1,0,0,0,0,0,0,0,0,0,http://sport-express.ru
215,12,2,3,0,55,11,0,1,0,6,1,0,0,0,1,https://lynshirt.com/wp-admin/PayPal/customer_center/customer-IDPP00C512/signin/signin.php?cmd=_update-information&account_update=faf91c503131705da07fa94ea4938e0e&lim_session=4a4b4803d9f26e115d5293b13e508c104651e809
51,27,2,2,0,0,1,0,0,0,2,0,0,0,0,1,http://auth-wells-departament.site/mobile/index.php
81,21,2,1,0,3,1,0,0,0,7,1,0,0,0,1,http://www.mncelektronik.com/pp/account/check/Support/ID-NUMB357/myaccount/signin
139,33,2,3,0,5,8,0,1,1,5,0,0,0,0,1,https://careeracademysb-my.sharepoint.com/:o:/g/personal/mnash_successacademysb_com/EnlLjBBsMYZOvqWE-lGuoVcBlW_uBCN5znCTV-OeQD2q1g?e=99zJdP
31,22,1,0,0,0,1,0,1,0,0,0,0,0,0,1,https://verificaenlineabcp.com/
48,10,1,3,0,0,1,0,1,0,2,0,0,0,0,0,https://garena.com/topics/how-to-implement-model
40,8,3,0,0,1,1,0,0,0,3,0,0,0,0,0,http://aalto.fi/docs/3/urllib.parse.html
60,12,1,3,0,0,1,0,1,0,3,0,0,0,0,0,https://palcloset.jp/questions/tagged/how-to-implement-model
39,12,1,0,0,0,1,0,0,0,2,0,0,0,0,0,http://adthrive.com/category/technology
47,8,1,1,0,5,1,0,1,0,3,0,0,0,0,0,https://auone.jp/questions/14924/best-practices
32,13,2,1,0,0,1,0,1,1,1,0,0,0,0,0,https://blog.iucn.org/contact-us
46,18,2,1,0,0,1,0,1,1,2,0,0,0,0,0,https://api.wpguardian.com/blog/best-practices
49,16,2,0,0,0,4,0,1,1,1,0,0,0,0,0,https://dev.komikindo.ch/search?q=neural+networks
1316,22,11,13,1,177,76,0,1,1,2,1,0,1,0,1,https://storage.googleapis.com/aoffice365-sheriffhood-816422032/oauth20_authorize.html?https://login.live.com/GetSessionState.srf?response_type=code&amp;client_id=51483342-085c-4d86-bf88-cf50c7252078&amp;scope=openid%20profile%20email%20offline_access&amp;response_mode=form_post&amp;redirect_uri=https://login.microsoftonline.com/common/federation/oauth2&amp;state=rQIIAeNisNLLKCkpKLbS109Myc3M0ysoyi9JTS7JzM_Tyy8tycnPz9ZLzs_Vyy9Kz0wBsYqEuAQUN61SL7LY4N-7wPjWqz9ev2YxcsbnZJalguRXMWoSY6B-anKB_gVGxheMjJuY2H2dPOO9XSNPMDUfk7vFJOhflO6ZEl7slpqSWpQI0nmBReAVC48BsxUHB5sAowSDAsMPFsZFrECnTAo1qLmuZuK0OaTi9yltYYZTrPoF2flJ3mF5xZ5ubgbZfvmu5mmRptmpzmEmxvplAZYF5VU-FaFhZb4B2VXJtkZWhhPYhCawMZ1iY9jFSbzLAQ2&amp;estsfed=1&amp;uaid=27aab22138724fb08da033daeafc4afa&amp;vaccess&amp;response_mode=form_post&amp;redirect_uri=https://login.microsoftonline.com/common/federation/oauth2&amp;state=rQIIAeNisNLLKCkpKLbS109Myc3M0ysoyi9JTS7JzM_Tyy8tycnPz9ZLzs_Vyy9Kz0wBsYqEuAQUN61SL7LY4N-7wPjWqz9ev2YxcsbnZJalguRXMWoSY6B-anKB_gVGxheMjJuY2H2dPOO9XSNPMDUfk7vFJOhflO6ZEl7slpqSWpQI0nmBReAVC48BsxUHB5sAowSDAsMPFsZFrECnTAo1qLmuZuK0OaTi9yltYYZTrPoF2flJ3mF5xZ5ubgbZfvmu5mmRptmpzmEmxvplAZYF5VU-FaFhZb4B2VXJtkZWhhPYhCawMZ1iY9jFSbzLAQ2&amp;estsfed=1&amp;uaid=27aab22138724fb08da033daeafc4afa&amp;vv=1600&amp;mkt=EN-US&amp;lc=1033&amp;email=rrobin27@dxc.com
113,15,2,1,0,6,5,0,1,1,5,0,0,0,0,1,https://docs.google.com/forms/d/e/1FAIpQLSeHpzJ-Fc_GUo1WHbzvXiKjJhu4m6mjLM2npstX0XovkbhVaA/viewform?usp=send_form
45,10,1,2,0,0,1,0,1,0,2,0,0,0,0,0,https://xserver.jp/blog/getting-started-guide
45,18,1,0,0,3,1,0,1,0,3,0,0,0,0,1,https://luckypetshouse.com/webapps/cd916/home
40,24,3,0,0,0,1,0,1,2,1,0,0,0,0,0,https://support.jusbrasil.com.br/pricing
58,44,4,0,0,1,1,0,1,3,3,0,0,0,0,1,https://rakuten.co.jp5.memberonlineprimesuscodec.xyz/k/x/d
52,19,2,1,0,0,1,0,1,1,2,0,0,0,0,0,https://dev.sportskeeda.com/products/analytics-suite
174,33,2,9,0,13,3,0,1,1,2,0,0,0,0,1,https://magazine-luiza9.xtechcommerce.com/kit-cozinha-completa-mondial/Kit-Cozinha-Completa-KT-76-Mondial?fbclid=IwAR1IZo4cGHBaTdQVc9uiNN1w97yCiu4dSqHbiDfOA7KsjHcWFScGO2Koez8
34,9,1,0,0,0,1,0,1,0,2,0,0,0,0,0,https://pushd.com/support/overview
30,22,2,0,0,0,1,0,0,0,0,0,0,0,0,0,http://www.gpcloudservice.com/
38,13,1,0,0,0,1,0,1,0,2,0,0,0,0,0,https://juegosonce.es/support/overview
86,28,3,3,0,8,3,0,0,1,3,0,0,0,0,1,http://valallos.labellemontagne.com/wp-content/daily_activity/2015-06-10_activite.html
52,16,2,0,0,0,4,0,1,1,1,0,0,0,0,0,https://support.dtdc.com/search?q=python+programming
54,17,2,0,0,10,1,0,1,1,1,0,0,0,0,1,https://share.hsforms.com/1HWBy9E8zQ5CPqHe5EI6IGA3245i
77,26,2,1,0,3,1,0,0,0,5,1,0,0,0,1,http://www.cheaproomsvalencia.com/Paypal/Support/ID-NUMB456/myaccount/signin/
42,34,2,0,0,0,1,0,1,1,0,0,0,0,0,1,https://mail.bankofamericaonlinesignin.net
80,26,3,1,0,21,2,0,1,2,2,1,0,0,0,1,"https://secure.runescape.com-zx.ru/m=weblogin/loginform454,597,868,58243244,2167"
39,11,1,0,0,0,1,0,1,0,2,0,0,0,0,0,https://brdtnet.com/category/technology
45,11,1,1,0,6,1,0,1,0,4,0,0,0,0,0,https://proximus.be/news/2024/06/python-guide
21,12,2,0,0,0,1,0,1,1,0,0,0,0,0,0,https://docs.ipma.pt/
24,17,2,0,0,0,1,0,0,1,0,0,0,0,0,0,http://en.gtranslate.net
75,17,4,0,1,0,3,0,1,0,3,0,0,0,0,1,https://tinniedelulla.com/.ht/linkedin/source/?email=mestoto@mestoto.com.tr
31,15,2,0,0,0,1,0,1,1,1,0,0,0,0,0,https://docs.blocket.se/pricing
68,21,2,2,0,0,1,0,1,0,3,0,0,0,0,0,https://www.marinetraffic.com/questions/tagged/getting-started-guide
33,19,2,0,0,0,1,0,1,1,1,0,0,0,0,0,https://support.eltiempo.es/about
69,15,2,1,0,0,1,0,1,0,6,0,0,0,0,1,https://polish-books.pl/modules/payu/upgrade/console/onedrive/OFE.php
108,13,7,0,0,16,1,0,0,0,6,0,0,0,0,1,http://kaizenpak.com/1/https/34.237.113.1134872/sucursalpersonas.transaccionesbancolombia.com/mua/index.html
91,20,3,1,0,7,2,0,0,1,5,1,0,0,0,1,http://www.hortipower.co.uk/recepit46/customer_center/customer-IDPP00C845/myaccount/signin/
99,15,2,1,0,7,1,0,1,1,5,0,0,0,0,1,https://docs.google.com/forms/d/e/1FAIpQLSfwVzIvEGJwFxRBLY0IA3viOgNKkNne1ZmRZma0JF1rkp-2bg/viewform
41,15,2,1,0,0,1,0,1,1,2,0,0,0,0,0,https://blog.xsolla.com/blog/python-guide
260,12,2,1,0,31,1,0,1,1,2,0,0,0,0,1,https://fr.imsly.com/direct/aHR0cHM6Ly93d3cuZmFjZWJvb2suY29tL3RyLz9pZD05MjYzMjk2OTczODk4MTcmZXY9UGl4ZWxJbml0aWFsaXplZCZkbD1odHRwJTNBJTJGJTJGZnIuYmxld3Bhc3MuY29tJTJGZGlyZWN0JTJGYUhSMGNEb3ZMM2QzZHk1bllYcDZaWFIwWVM1bmNpOC0mcmw9JmlmPWZhbHNlJnRzPTE0NjY3NDUxNzQwOTE-
191,18,3,1,0,64,10,0,0,1,4,1,0,0,0,1,http://chaseoip.gotdns.ch/secure/bankofamerica/661b8d66/overviewshn.php?cmd=_account-details&amp;session=8471093746c69d7065d7ba096337d372&amp;dispatch=4670cf3399aa60432c33675094f87959e1d39640
44,21,2,0,0,4,1,0,0,1,2,0,0,0,0,1,http://beta.kenaidanceta.com/postamok/438a1/
43,9,1,2,0,0,1,0,1,0,2,0,0,0,0,0,https://twimg.com/scikit-learn/scikit-learn
32,6,1,0,0,0,1,0,1,0,2,0,0,0,0,0,https://rtl.de/products/software
203,26,5,6,0,46,26,0,1,3,2,0,0,0,0,1,https://kuru.blob.core.windows.net/don/o77v.html?sp=r&amp;st=2020-05-01T20:09:17Z&amp;se=2020-06-06T04:09:17Z&amp;spr=https&amp;sv=2019-02-02&amp;sr=b&amp;sig=iDKJUPiSZyv2QrK6xKA9VzD97la2BO6IXMfDpTx3SXA=
123,23,4,2,0,22,1,0,0,0,7,0,0,0,0,1,http://kosmetyczka-radzymin.pl/wp-content/themes/twentyfifteen/js/www.impots.gouv.fr/file/32681abd1fcc23d543d1b656f9490395/
30,11,1,1,0,0,1,0,1,0,1,0,0,0,0,0,https://tnaflix.com/contact-us
34,13,1,1,0,0,1,0,0,0,2,0,0,0,0,1,http://weberspro.com/wp-admin/irs/
223,17,15,1,0,62,19,0,1,0,3,0,0,0,0,1,https://www.cobrodesa.com/wp-clu/DHLAUTO/dhl.php?rand=13InboxLightaspxn.1774256418&fid.4.1252899642&fid=1&fav.1&rand.13InboxLight.aspxn.1774256418&fid.1252899642&fid.1&fav.1&email=&.rand=13InboxLight.aspx?n=1774256418&fid=4
25,16,2,0,0,0,1,0,1,1,0,0,0,0,0,0,https://en.horoscope.com/
27,11,1,0,0,0,1,0,1,0,1,0,0,0,0,0,https://goskope.com/pricing
282,31,3,1,0,60,21,0,1,1,5,0,0,0,0,1,https://lycroproducts-my.sharepoint.com/personal/awojtysiak_lycroproducts_com/_layouts/15/guestaccess.aspx?guestaccesstoken=TM4Hdli4pQJohaBewHnEpS%2fiPUGbTNfDpB1DDRpKtdA%3d&amp;docid=1_1c8af22d6f14945c79e2efb4790644dcd&amp;wdFormId=%7B804F6E96%2D698D%2D43F5%2D9707%2D8F97539A7466%7D
23,15,2,0,0,0,1,0,1,1,0,0,0,0,0,0,https://support.vsco.co
162,13,2,1,0,13,7,0,1,0,3,0,0,0,0,1,https://auslaufen.com/wp-activate/home/access0.php?sslchannel=true&amp;sessionid==48jwbbNid7JGL7qliVY9iVt8OY4bduD5KzEiTddPrGQdCTXIs6UNtgdMhxHZyjH0cRN18RhLIpYRtTBT
31,12,2,1,0,1,1,0,1,0,1,0,0,0,0,0,https://www.s8ey.com/contact-us
15,6,1,0,0,0,1,0,1,0,0,0,0,0,0,0,https://uzh.ch/
52,19,4,0,0,1,1,0,1,0,3,0,0,0,0,0,https://www.tailwindcss.com/docs/3/urllib.parse.html
33,14,2,1,0,0,1,0,1,0,1,0,0,0,0,0,https://www.betika.com/contact-us
35,6,1,0,0,0,1,0,1,0,2,0,0,0,0,0,https://ntp.br/category/engineering
39,12,4,0,0,9,1,1,0,0,3,0,0,0,0,1,http://185.177.54.1/TP/public/index.php
30,16,2,0,0,0,1,0,1,0,1,0,0,0,0,0,https://www.midilibre.fr/about
42,9,1,1,0,0,1,0,1,0,2,0,0,0,0,0,https://canva.com/products/analytics-suite
70,15,2,0,1,0,3,0,0,0,4,1,0,0,0,1,http://profinishmi.com/dd/Upgrade/verify/mail.php?email=abuse@aslaviat
44,19,1,1,0,0,1,0,1,0,2,0,0,0,0,0,https://leavenworth-net.com/support/overview
130,108,8,1,0,26,1,0,0,6,1,0,0,0,0,1,http://viewitem.eday.co.uk.itm.vauxhallastramk516174257807917item289293222dj4aaoswq4venxoo.cloudhappyconsulting.com/index-html.php
65,16,2,1,0,9,1,0,1,1,3,0,0,0,0,1,https://drive.google.com/file/d/1uX4SJKJ2TtKdl63pqON1jY6e4YX4fHR-
38,24,2,0,0,0,1,0,1,1,1,0,0,0,0,0,https://blog.tuttomercatoweb.com/about
27,11,1,0,0,0,1,0,1,0,1,0,1,0,0,1,https://tinyurl.com/asedtqw
24,16,2,0,0,0,1,0,1,1,0,0,0,0,0,0,https://dev.arcticspg.ru
149,30,6,5,1,23,6,0,1,1,5,0,0,0,0,1,https://firebasestorage.googleapis.com/v0/b/workse-d507e.appspot.com/o/index.html?alt=media&token=2bacbdab-8fc7-4818-9187-ddc534a60490#USER@DOMAIN.ch
34,26,2,0,0,0,1,0,0,1,0,0,0,0,0,1,http://smsenligne.myfreesites.net/
37,23,2,0,0,0,1,0,1,1,1,0,0,0,0,0,https://blog.oaiusercontent.com/about
54,16,2,3,0,0,1,0,1,1,2,0,0,0,0,0,https://intelbras.com.br/topics/how-to-implement-model
57,24,4,1,0,1,1,0,1,0,3,0,0,0,0,0,https://www.fitgirl-repacks.site/docs/3/urllib.parse.html
23,9,2,0,0,0,1,0,1,1,1,0,0,0,0,0,https://dev.id.me/about
50,16,1,2,0,0,1,0,1,0,2,0,0,0,0,0,https://forexfactory.com/scikit-learn/scikit-learn
46,17,2,0,0,0,4,0,0,1,1,0,0,0,0,0,http://dev.mailspike.net/search?q=data+science
41,23,3,1,0,0,1,0,0,1,1,0,0,0,0,0,http://www.tecconcursos.com.br/contact-us
79,11,6,2,0,0,2,0,1,1,6,1,0,0,0,1,https://joint.co.il/forum/includes/--/https:/www.dispositivobb.com.br/login.php
40,17,3,0,0,3,3,0,1,2,1,0,0,0,0,1,https://icloud.coms.my.id/find/?ID=cd377
40,12,1,0,0,0,1,0,1,0,2,0,0,0,0,0,https://kameleoon.io/category/technology
36,20,2,0,0,0,1,0,1,1,1,0,0,0,0,1,https://liuyunhuan.qiein.com/plugins
44,18,2,0,0,0,1,0,1,1,2,0,0,0,0,0,https://docs.appiersig.com/category/research
66,18,1,2,0,3,2,0,0,0,6,1,0,0,0,1,http://depozit-jucarii.ro/wp-content/plugins/~/new/signin/DA63ND6/
20,12,2,0,0,0,1,0,1,0,0,0,0,0,0,0,https://www.live.net
51,18,2,1,0,0,1,0,1,0,2,0,0,0,0,0,https://www.denverpost.com/products/developer-tools
62,19,2,2,0,6,1,0,1,0,4,0,0,0,0,0,https://www.domaintools.com/news/2024/06/getting-started-guide
49,16,2,1,0,0,1,0,1,1,2,0,0,0,0,0,https://docs.bstatic.com/products/analytics-suite
53,15,2,3,0,0,1,0,1,1,2,0,0,0,0,0,https://en.xhamster.com/topics/how-to-implement-model
37,15,1,0,0,0,1,0,0,0,2,0,0,0,0,0,http://nguoiquansat.vn/explore/topics
71,35,3,0,0,5,2,0,1,2,3,0,0,0,0,1,https://qfreeaccountssjc1.az1.qualtrics.com/jfe/form/SV_3rwviz6JqVnNOy9
98,16,1,0,0,24,4,0,1,0,2,0,0,0,0,1,https://xgamingchair.com/vef/2877b49ebb731389a1a583bda03540bd?usw=ZWxlZXRzQHByZXBhaWRsZWdhbC5jb20=
45,11,1,0,0,0,4,0,1,0,1,0,0,0,0,0,https://hubspot.net/search?q=machine+learning
35,13,3,0,0,0,1,0,0,1,2,0,0,0,0,0,http://www.uq.edu.au/explore/topics
25,17,2,0,0,1,1,0,1,1,0,0,0,0,0,0,https://api.w3schools.com
56,22,2,0,0,0,1,0,1,0,1,0,0,0,0,1,https://www.hrpayrollsystem.it/DFAQSAQSDFGHUYTRFFGHGFDF/
25,16,2,0,0,0,1,0,1,0,0,0,0,0,0,0,https://www.mfadsrvr.com/
56,20,2,1,0,10,2,0,0,1,2,0,0,0,0,1,http://mail.royagainstms.nl/~u43730p39181/pki-validation
31,23,1,0,0,0,1,0,0,0,0,0,0,0,0,1,http://paypalverifycentral.com/
57,23,2,2,0,0,1,0,1,1,2,0,0,0,0,0,https://en.tradingeconomics.com/scikit-learn/scikit-learn
50,14,1,3,0,0,1,0,1,0,2,0,0,0,0,0,https://dyingbirds.com/blog/how-to-implement-model
57,22,2,1,0,2,2,0,0,1,3,0,0,0,0,1,http://pixel.baltic-dragon.ru/yee/english%20newchn/newchn
48,17,2,1,0,0,1,0,1,0,2,0,0,0,0,0,https://www.epicgames.dev/products/cloud-storage
49,13,2,1,0,10,2,0,0,1,2,0,0,0,0,1,http://mail.daaar.nu/~u43730p39181/pki-validation
184,29,3,11,0,9,7,0,1,1,3,0,0,0,0,1,https://atendimento-sac-pg.joomla.com/br/netflix/index.php?q=evscdjo3evsc-nlyy-evscnlyynlyy-z12xnlyy&s=evscdjo3evsc-nlyy-evscnlyynlyy-z12xnlyy&n=evscdjo3evsc-nlyy-evscnlyynlyy-z12xnlyy
25,9,1,0,0,0,1,0,1,0,1,0,0,0,0,0,https://vimeo.com/pricing
31,15,1,0,0,0,1,0,1,0,1,0,0,0,0,0,https://tlivesource.com/pricing
32,15,2,0,0,0,1,0,1,1,2,0,0,0,0,0,https://en.jsdelivr.net/help/faq
36,13,1,0,0,0,1,0,1,0,2,0,0,0,0,0,https://rusprofile.ru/explore/topics
27,15,1,0,0,0,1,0,0,0,1,0,0,1,0,1,http://didierpajot.com/cs//
239,11,2,2,0,80,10,0,0,0,6,1,0,0,0,1,http://donslan.com/wp-content/plugins/sploitx/wp-source/hanmail/login.php?cmd=login_submit&amp;id=3385f3550d0aa33d2105589bf1aa5dfe3385f3550d0aa33d2105589bf1aa5dfe&amp;session=3385f3550d0aa33d2105589bf1aa5dfe3385f3550d0aa33d2105589bf1aa5dfe
48,15,4,0,0,2,1,0,1,1,3,0,0,0,0,0,https://api.cdnhwc1.com/docs/3/urllib.parse.html
20,12,2,0,0,0,1,0,1,1,0,0,0,0,0,0,https://blog.uvm.edu
34,16,2,2,0,0,1,0,0,1,1,0,0,0,0,0,http://docs.tp-link.com/contact-us
92,16,3,1,0,5,2,0,0,0,9,0,0,0,0,1,http://www.tptelecom.it/public/pp/uk/vl/customer_center/customer-IDPP00C342/lib/js/jquery.js
47,13,2,2,0,0,1,0,1,0,2,0,0,0,0,0,https://www.psbank.ru/scikit-learn/scikit-learn
55,15,2,1,0,0,1,0,1,0,3,0,0,0,0,0,https://www.iporntv.net/questions/tagged/best-practices
72,23,2,0,0,14,1,0,0,1,8,0,0,0,0,1,http://te.bathandbodyworks.com/r/U1MPSW8/V4WP2/3Z100U/2O34G0C/F3PG2/UL/t
76,17,1,1,0,0,1,0,0,0,6,0,0,0,0,1,http://stolizaparketa.ru/wp-content/themes/twentyfifteen/css/read/chinavali/
51,20,3,0,0,6,1,0,1,1,3,0,0,0,0,1,https://jimryky.blogspot.com/2018/11/syempaxxx.html
24,10,1,0,0,0,1,0,1,0,1,0,0,0,0,0,https://google.com/about
38,6,1,1,0,0,1,0,1,0,2,0,0,0,0,0,https://abv.bg/topics/machine-learning
32,23,2,0,0,0,1,0,1,1,0,0,0,0,0,1,https://rynsrw.godaddysites.com/
31,16,1,0,0,0,1,0,0,0,1,0,0,0,0,1,http://mehmedbilgin.com/rapsody
41,22,3,0,0,0,2,0,1,1,1,0,0,0,0,1,https://afrikmania.weloobe.com/index.php?
54,15,1,0,0,0,1,0,1,0,4,0,0,0,0,1,https://kvsrogurgaon.in/scripts/fonts/pcmobile/mobile/
130,14,2,1,0,47,7,0,1,0,6,0,0,0,0,1,https://ndt-college.kz/text/slgl/eilg/20200430100006/lhne60/feedback.php?pID=748427728&src=3A277F1C1D24F65B227F221D38656B8E&email=
47,20,2,0,0,0,1,0,1,0,2,0,0,0,0,0,https://www.mystrikingly.com/wiki/Cybersecurity
38,11,1,0,0,0,1,0,1,0,2,0,0,0,0,0,https://kslawin.com/wiki/Cybersecurity
43,14,2,0,0,0,2,0,1,0,2,0,0,0,0,1,https://innovaclean.ro/data/index.php?email
25,11,2,0,0,0,1,0,1,1,1,0,0,0,0,0,https://blog.mpg.de/about
49,20,1,1,0,0,1,0,1,0,2,0,0,0,0,0,https://webstaurantstore.com/topics/release-notes
73,14,1,1,0,0,1,0,0,0,7,0,0,0,0,1,http://mace-paris.com/sites/default/files/css/components/servlet/session/
54,20,2,3,0,0,1,0,1,0,2,0,0,0,0,0,https://www.dc-telemetry.net/scikit-learn/scikit-learn
100,28,5,0,1,1,3,0,0,1,4,0,0,0,0,1,http://alldomain.milemarker5cbd.com/.china/WeTransfer/WeTransfer/index.php?email=jsmith@imaphost.com
42,17,2,0,0,0,1,0,1,1,2,0,0,0,0,0,https://blog.digikala.com/support/overview
33,19,2,0,0,0,1,0,1,1,1,0,0,0,0,0,https://en.downloadpage.xyz/about
91,78,6,4,0,1,1,0,0,5,1,1,0,0,0,1,http://secure.bankofamerica.com-login-sign-in-signonv2screen.go.suzukihaiphong.com.vn/final
34,16,1,1,0,0,1,0,0,0,5,0,0,0,0,1,http://titan-valves.com/i/n/n/e/r/
155,30,5,4,0,36,6,0,1,1,5,0,0,0,0,1,https://firebasestorage.googleapis.com/v0/b/access439984393434430fd4c34f4.appspot.com/o/index.html?alt=media&amp;token=d72df5bc-b23b-4e4a-818f-ae74de633b6a
137,26,4,2,0,5,8,0,1,1,4,0,0,0,0,1,https://ouraring-my.sharepoint.com/:o:/p/tanja_kuusela/Evc2_W3phtNGucwzun6KdUABogwV1xaS_NecxzzLdmXkQA?e=h5aTdo ouraring-my.sharepoint.com
24,8,1,0,0,0,1,0,1,0,1,0,0,0,0,0,https://sport.pl/pricing
24,15,1,0,0,0,1,0,1,0,0,0,0,0,0,1,https://csgoempires.xyz/
27,13,1,0,0,0,1,0,1,0,1,0,0,0,0,0,https://cdnwidget.com/about
37,16,2,0,0,0,1,0,0,0,2,1,0,0,0,1,http://www.nowskins.com/openid/login/
143,25,4,2,0,6,2,0,1,2,10,0,0,0,0,1,https://educacion.rionegro.gov.ar/wpsecretaria/wp-content/themes/twentyfifteen/home/app-online/latampassa_2.0/ItauCard2020doorig/cadastro/dados
52,18,2,1,0,0,1,0,1,1,2,1,0,0,0,0,https://support.winner.bet/category/security-updates
97,13,6,1,2,1,1,0,1,0,5,0,0,0,0,1,https://burkestar.com/.well-known/bookmark/@yahoomail.com/yahoo.com@acountupgrade.page/index2.php
24,8,1,0,0,0,1,0,1,0,1,0,0,0,0,0,https://comfy.ua/pricing
43,18,2,0,0,0,1,0,1,0,2,0,0,0,0,0,https://www.primevideo.com/support/overview
55,47,3,3,0,5,1,0,0,2,0,0,0,0,0,1,http://agriaffaires.com-enquiry-id-92735.tilexhome.com/
41,8,3,0,0,1,1,0,1,0,3,0,0,0,0,0,https://clean.gg/docs/3/urllib.parse.html
19,10,1,0,0,2,1,0,1,0,0,0,0,0,0,1,https://pubg13.net/
48,15,4,0,0,1,1,0,1,1,3,0,0,0,0,0,https://blog.buumal.com/docs/3/urllib.parse.html
52,18,2,3,0,0,1,0,1,1,2,0,0,0,0,0,https://dev.e-planning.net/scikit-learn/scikit-learn
44,18,2,0,0,0,1,0,1,1,2,0,0,0,0,0,https://en.leadsquared.com/category/research
44,15,2,0,0,0,1,0,1,0,2,0,0,0,0,0,https://www.pcworld.com/category/engineering
40,11,1,1,0,0,1,0,0,0,2,0,0,0,0,0,http://bigolive.tv/blog/machine-learning
26,10,2,0,0,3,1,0,0,0,1,0,0,0,0,1,http://ertde.club/444.html
43,15,2,1,0,0,1,0,1,1,2,0,0,0,0,0,https://en.maryland.gov/topics/python-guide
39,5,1,2,0,0,1,0,1,0,2,0,0,0,0,0,https://iz.ru/scikit-learn/scikit-learn
26,12,1,0,0,0,1,0,1,0,1,0,0,0,0,0,https://pphosted.com/about
45,11,1,2,0,3,1,0,1,0,2,0,0,0,0,0,https://secu100.net/scikit-learn/scikit-learn
48,14,2,2,0,0,1,0,1,0,2,0,0,0,0,0,https://www.paheal.net/scikit-learn/scikit-learn
33,15,1,0,0,2,1,0,1,0,2,0,0,0,0,1,https://fleetbase53.com/mtb/onmtb
34,17,2,0,0,0,1,0,1,0,2,0,0,0,0,0,https://www.buildkite.com/help/faq
57,21,2,0,0,4,4,0,0,0,4,1,0,0,0,1,http://usedcopiersaustin.com/service/login/1/cc%20(2).php
23,12,1,0,0,0,1,0,0,0,1,0,0,0,0,1,http://plaboixo.com/cp/
32,11,1,0,0,1,1,0,1,0,2,0,0,0,0,1,https://docsend.com/view/nwqc2ax
30,11,2,0,0,0,1,0,1,0,1,0,0,0,0,1,https://thorrak.com/index.html
51,14,3,1,0,5,1,0,1,2,3,0,0,0,0,0,https://api.lto.gov.ph/questions/76573/python-guide
80,18,6,1,1,12,3,0,0,1,2,0,0,0,0,1,http://www.ktpn.kalisz.pl/read-invoice/index.php?rec=573106981591@mms.comcel.net
51,12,2,1,0,0,1,0,0,0,4,0,0,0,0,1,http://digibarre.pt/wp-includes/images/send/ind.htm
55,12,2,1,0,1,1,0,1,1,3,0,0,0,0,0,https://api.man7.org/questions/tagged/tutorial-overview
35,27,3,1,0,0,1,0,0,2,0,0,0,0,0,1,http://apple.com.support-help.live/
47,13,1,1,0,0,1,0,1,0,2,1,0,0,0,0,https://wswebcdn.info/category/security-updates
73,18,3,1,0,26,2,0,0,1,3,0,0,0,0,1,http://www.decifra.com.br/at&t-mail/ATT/6271003b3050fe1396d2d756049629e3/
252,17,2,0,0,35,2,0,1,0,3,1,0,0,0,1,https://shadeakinbiyi.com/engl/myaccessV7/login.php?7aSxnOMqINwawic1169aYAiIQfNo2Yja9cHx0uXJhtUNM6ONcYYaygTowGMzF6JOirljVi3cMX0y3PmgNkrlAkK60xFFDpuWRPgM8jZUh0tlPPBC93YKnJRogw4TWyQNo6AwqArHAU2pKD1TH0E5Jvu02yUY7KMwQm2gWuYwp0W9EY3lYHqIcVIftCdBmZ7dmaujEsQ4
38,21,1,0,0,1,1,0,1,0,2,0,0,0,0,1,https://alaceyperspective.com/js/home1
20,13,2,1,0,0,1,0,0,0,0,0,0,0,0,1,http://n-change.net.
27,8,1,0,0,0,1,0,0,0,2,1,0,0,0,1,http://edupa.pt/LOGIN/LOGIN
41,20,2,0,0,0,1,0,0,0,2,0,0,0,0,1,http://www.marlinespike.com/blog/profile/
25,16,2,0,0,0,1,0,1,1,0,0,0,0,0,0,https://blog.bugsnag.com/
36,11,2,0,0,0,1,0,1,1,2,0,0,0,0,0,https://dev.bids.ws/support/overview
45,12,3,0,0,1,1,0,1,0,3,0,0,0,0,0,https://curalate.com/docs/3/urllib.parse.html
22,8,1,0,0,0,1,0,1,0,1,0,0,0,0,0,https://samba.tv/about
44,25,2,1,0,0,1,0,1,1,1,0,0,0,0,0,https://docs.insightexpressai.com/contact-us
62,20,2,1,0,0,1,0,1,0,3,0,0,0,0,0,https://www.businessweek.com/questions/tagged/machine-learning
28,20,3,0,0,0,1,0,1,2,0,0,0,0,0,0,https://dev.liverpool.com.mx
47,19,2,0,0,0,1,0,1,1,2,0,0,0,0,0,https://support.mozilla.net/category/technology
38,13,1,0,0,0,1,0,1,0,2,0,0,0,0,0,https://dynatrace.com/support/overview
43,18,1,0,0,0,1,0,1,0,2,0,0,0,0,0,https://creativethemes.com/support/overview
150,42,3,0,0,10,5,0,1,0,2,0,0,0,0,1,https://www.sistemadeatualizacaautomaticoonline.tk/~/index.php?NCiMRKPxshUi17YWXJSpySc0z6nHADlSXIzT6EAosRS#tYho9T#t4xnR0PATMpYUCKvQSTzIqwoVXBy9BxJ1KPX
29,12,2,0,0,0,1,0,1,0,2,0,0,0,0,0,https://www.super.cz/help/faq
172,11,2,0,0,34,3,0,0,0,7,0,0,0,0,1,http://yumrate.com/modules/contact/impots/informations/imp/fd34a55df48751da5a58770234c23413/redirection.php?g4d3bdOsiuarHDdBl0bEP6dBVy_wP1WJ6XZDh7nemRp9bv2mHJ0HYZaZV6xWExsS
29,10,2,1,0,0,1,0,1,1,1,0,0,0,0,0,https://meb.gov.tr/contact-us
23,15,2,0,0,0,1,0,1,0,0,0,0,0,0,0,https://www.amplify.com
80,26,3,1,0,21,2,0,1,2,2,1,0,0,0,1,"https://secure.runescape.com-zx.ru/m=weblogin/loginform327,958,294,85177117,2462"
38,19,2,1,0,0,1,0,1,1,1,0,0,0,0,0,https://dev.tdatamaster.com/contact-us
150,30,6,5,1,21,7,0,1,1,5,0,0,0,0,1,https://firebasestorage.googleapis.com/v0/b/mine-cf1ef.appspot.com/o/index.html?alt=media&amp;token=de4ef6fe-2b8c-4968-8369-b7a5fa9c3400#test@test.com
57,18,2,0,0,11,3,0,0,0,2,0,0,0,0,1,http://destaque40tena.com/desk/carrinho.php?enc=858318072
46,11,2,1,0,6,1,0,1,1,4,0,0,0,0,0,https://en.shop.app/news/2024/06/release-notes
34,20,3,0,0,0,1,0,1,2,1,0,0,0,0,0,https://support.ricta.org.rw/about
34,21,3,0,0,1,1,0,0,1,1,0,0,0,0,0,http://www.mangabuddy1.co.uk/about
68,23,3,0,0,26,1,0,0,2,2,0,0,0,0,1,http://lz5.1ee.myftpupload.com/mvc/62da8c91ce7b10846231921795d6059e/
43,34,3,0,0,0,1,0,1,2,0,0,0,0,0,1,https://dropbox.progentrix.skyfencenet.com/
22,13,2,0,0,0,1,0,1,0,0,0,0,0,0,0,https://www.tappx.com/
51,19,2,1,0,7,1,0,0,1,3,1,0,0,0,1,http://c1770209.ferozo.com/LOGIN/postale/id-client/
47,13,1,2,0,0,1,0,1,0,2,0,0,0,0,0,https://mastiraja.com/scikit-learn/scikit-learn
29,12,1,0,0,0,1,0,1,0,2,0,0,0,0,0,https://infojobs.net/help/faq
41,15,2,0,0,0,1,0,1,0,2,0,0,0,0,0,https://www.gboxlab.com/products/software
39,20,2,0,0,0,1,0,0,1,2,0,0,0,0,1,http://stainurulfalah.ac.id/journal/js/
24,16,2,0,0,0,1,0,1,1,0,0,0,0,0,0,https://dev.president.jp
69,21,2,3,0,0,1,0,1,0,3,0,0,0,0,0,https://www.instructables.com/questions/tagged/how-to-implement-model
51,17,2,1,0,0,1,0,1,1,2,1,0,0,0,0,https://docs.xhaccess.com/category/security-updates
38,17,2,0,0,0,1,0,1,0,2,1,0,0,0,1,https://thatgiftedgal.com/ad/login.php
41,23,2,0,0,1,1,0,1,1,2,0,0,0,0,1,https://hunteralan.typeform.com/to/jvQx7t
52,16,2,3,0,0,1,0,1,1,2,0,0,0,0,0,https://dev.msftncsi.com/blog/how-to-implement-model
52,14,2,1,0,5,1,0,1,0,3,0,0,0,0,0,https://www.wistia.net/questions/69584/release-notes
32,15,1,0,0,0,1,0,1,0,2,0,0,0,0,0,https://samsungapis.com/help/faq
43,10,3,0,0,1,1,0,1,0,3,0,0,0,0,0,https://bokepi.com/docs/3/urllib.parse.html
45,17,2,1,0,0,1,0,1,0,2,0,0,0,0,0,https://www.appboycdn.com/topics/python-guide
48,15,4,0,0,1,1,0,1,1,3,0,0,0,0,0,https://blog.biomaze.ir/docs/3/urllib.parse.html
31,15,2,0,0,0,1,0,1,1,1,0,0,0,0,0,https://api.ntppool.org/pricing
92,19,2,0,0,25,1,0,0,0,4,0,0,0,0,1,http://atlantabasecamp.com/fax/office365/a1c63d70535832f26899a5fd4314bbd1/authentication.php
62,18,2,3,0,6,1,0,1,1,4,0,0,0,0,0,https://dev.proofpoint.com/news/2024/06/how-to-implement-model
54,14,2,0,0,0,4,0,1,1,1,0,0,0,0,0,https://support.fut.gg/search?q=cybersecurity+research
31,12,2,1,0,0,1,0,1,1,1,0,0,0,0,0,https://clave.gob.es/contact-us
49,15,2,2,0,0,1,0,1,1,2,0,0,0,0,0,https://docs.cashify.in/scikit-learn/scikit-learn
29,13,1,0,0,0,1,0,1,0,1,0,0,0,0,0,https://imostatic.com/pricing
53,20,3,1,0,0,1,0,1,2,2,0,0,0,0,0,https://api.promiedos.com.ar/topics/tutorial-overview
32,13,2,1,0,0,1,0,1,1,1,0,0,0,0,0,https://dev.nifty.com/contact-us
35,16,1,1,0,0,1,0,1,0,1,0,0,0,0,0,https://sproutsocial.com/contact-us
40,13,2,0,0,0,1,0,1,1,2,0,0,0,0,0,https://api.ayhal.com/wiki/Cybersecurity
37,14,2,0,0,0,1,0,1,0,2,0,0,0,0,0,https://www.archive.is/explore/topics
68,12,3,1,0,2,1,0,0,0,7,1,0,0,0,1,http://brozaz48.com/wp-admin/css/colors/blue/jn.sa/Account/index.php
132,26,2,7,0,24,6,0,1,0,2,0,0,0,0,1,https://vemserfeliznomesdemaio.com/americanas/805062551/?moto-g8-plus-64gb-dual-chip-android-6.3&skullid=860328433&cart=ODYwMzI4NDMz
16,8,1,0,0,0,1,0,1,0,0,0,0,0,0,0,https://cldin.eu
70,36,3,1,0,0,1,0,1,2,2,1,0,0,0,0,https://api.administracionelectronica.gob.es/category/security-updates
35,16,2,1,0,0,1,0,1,0,1,0,0,0,0,0,https://www.iterable.com/contact-us
41,15,1,0,0,0,1,0,1,0,3,0,0,0,0,1,https://unescoghana.org/we/onedrive/home/
64,16,3,0,0,0,2,0,1,0,4,0,0,0,0,1,https://www.currosat.com/imagenes_bd/chdue/cheut/cadastrando.php
72,18,2,0,0,0,5,0,1,1,2,0,0,0,0,1,https://bradisk.joomla.com/includes/swa/?id=promocional=id=ricardoeletro
79,29,2,2,0,7,1,0,0,0,5,1,0,0,0,1,http://xn--72ca8ce9ah4dwbp9a8jnd.com/Paypal.com/Update/signin/myaccount/success
37,9,1,1,0,0,1,0,1,0,2,0,0,0,0,0,https://pixai.art/blog/best-practices
92,20,4,2,1,0,3,0,0,0,2,0,0,0,0,1,http://www.katsura-kids.com/read-invoice/index.php?rec=administracion@maquinariadelavado.com
25,15,2,0,0,1,1,0,0,1,1,0,0,0,0,1,http://de2f.totalh.net/az
130,10,7,1,1,0,3,0,1,0,8,1,0,0,0,1,https://myrnd.info/wp-includes/css/wsign/code/www.loginalibaba.com/alibaba/alibaba/login.alibaba.com.php?email=hankook@hanmail.net
58,19,2,1,0,1,1,0,1,1,4,0,0,0,0,1,https://castelooleos.com.br/wp-content/uploads/paid/Exc3l/
35,17,2,1,0,0,1,0,0,1,1,0,0,0,0,0,http://support.javmix.tv/contact-us
63,16,2,2,0,1,1,0,1,0,3,0,0,0,0,0,https://www.b2clogin.com/questions/tagged/getting-started-guide
34,26,3,0,0,0,1,0,1,2,0,0,0,0,0,0,https://blog.privateproperty.co.za
29,20,2,0,0,3,1,0,1,1,0,0,0,0,0,1,https://g074o.codesandbox.io/
42,16,3,1,0,0,1,0,1,2,2,0,0,0,0,0,https://en.u-tokyo.ac.jp/products/software
32,15,1,0,0,0,1,0,1,0,2,0,0,0,0,0,https://channelcom.tech/help/faq
54,15,2,1,0,0,1,0,1,0,4,0,0,0,0,1,https://www.ambious.com/wp-content/plugins/none/execel
60,13,1,5,0,5,1,0,1,0,3,1,0,0,0,0,https://t-bank-app.su/questions/89591/how-to-implement-model
35,20,2,0,0,0,1,0,0,0,1,0,0,0,0,0,http://www.tamilsexvids.net/pricing
39,18,2,1,0,0,1,0,1,0,1,0,0,0,0,1,https://www.fbautoliker.co/access-token
39,20,2,0,0,0,1,0,0,0,2,1,0,0,0,1,http://www.pabloescobal.com/app/signin/
123,29,4,3,0,5,2,0,0,2,7,0,0,0,0,1,http://liderfmtocos.website.radio.br/.well-known/pki-validation/home/customer_center/customer-IDPP00C768/myaccount/identity
75,9,3,1,1,1,6,0,0,0,3,1,0,0,0,1,http://shinai.jp/dansou/akismett/index.php?i=i&amp;0=fake-login@example.com
44,11,3,0,0,1,1,0,1,0,3,0,0,0,0,0,https://taktube.net/docs/3/urllib.parse.html
36,10,1,0,0,0,1,0,1,0,2,0,0,0,0,0,https://toptal.com/products/software
92,7,1,1,0,0,3,0,0,0,7,0,0,0,0,1,http://hamt.jp/program/wp-content/themes/twentyfourteen/home/latampass/cadastro/?cli=cliente
38,15,2,0,0,0,1,0,1,1,2,0,0,0,0,0,https://support.dan.com/explore/topics
21,12,1,0,0,0,1,0,1,0,0,0,0,0,0,1,https://grandcup.xyz/
39,17,2,0,0,0,1,0,1,0,2,0,0,0,0,0,https://www.amplitude.com/wiki/Phishing
88,16,3,0,0,22,3,0,0,1,4,1,0,0,0,1,http://royalland.com.tr/inoufdls/74adcab93f8847a00538370b7d28f184/view/login.php?userid=
29,13,2,0,0,0,1,0,1,0,1,0,0,0,0,0,https://www.twitch.tv/pricing
41,10,2,1,0,1,1,0,0,0,2,0,0,0,0,1,http://www.i-m.mx/WEBMASTER8d/emailquota/
39,6,1,1,0,0,1,0,1,0,2,0,0,0,0,0,https://hak.hr/products/developer-tools
62,27,2,2,0,0,1,0,1,1,2,0,0,0,0,0,https://docs.convertexperiments.com/blog/getting-started-guide
26,9,1,0,0,0,1,0,1,0,2,0,0,0,0,0,https://rqmob.com/help/faq
50,16,2,2,0,0,1,0,1,0,2,0,0,0,0,0,https://www.telegram.org/scikit-learn/scikit-learn
22,12,1,0,0,0,1,0,1,0,1,0,0,0,0,1,https://avisobcp.com/b
145,15,2,2,0,4,7,0,1,0,2,0,0,0,0,1,https://playarprint.com/chase/home.php?public/enroll/IdentifyUser-aspx-LOB=RBGLogon=NDc1MDQxNTczNDc1MDQxNTcz&amp;session=NDc1MDQxNTczNDc1MDQxNTcz
42,34,2,0,0,3,1,0,1,1,0,0,0,0,0,1,https://vkstikerstopfree.000webhostapp.com
56,16,2,0,0,0,4,0,1,1,1,0,0,0,0,0,https://blog.dynadot.com/search?q=cybersecurity+research
55,15,2,0,0,0,4,0,1,0,1,0,0,0,0,0,https://www.videonow.ru/search?q=cybersecurity+research
53,17,2,0,0,0,4,0,1,0,1,0,0,0,0,0,https://www.gogoroyal.com/search?q=python+programming
131,15,1,0,0,24,3,0,0,0,4,1,0,0,0,1,http://profelectrik.ru/update/e96288debace15316498395a8aac112fZjZmYmEzOGU3NTYyZWVkZjJmNTk2YWY2YmZmZDk5ODM=/myaccount/websc_success/
37,9,1,1,0,0,1,0,1,0,2,0,0,0,0,0,https://amazon.ae/blog/best-practices
36,17,5,0,0,0,1,0,1,1,1,0,0,0,0,1,https://tomeigosto.com.br/.york..php
79,16,1,0,0,22,1,0,1,0,3,0,0,0,0,1,https://luv2redesign.com/admin/OneDrive1Master/ce412a8df29e83768be3e6b65c164d92
41,22,2,0,0,0,1,0,0,0,2,0,0,0,0,1,http://corporacionplaneta.com/hot/MO.html
99,15,2,0,0,6,1,0,1,1,5,0,0,0,0,1,https://docs.google.com/forms/d/e/1FAIpQLSf6qfu4eBvvGGGQaIyAbT2bjXCwVRfjbSnIRReC6w8EQvjEkw/viewform
42,16,2,0,0,0,1,0,1,1,2,0,0,0,0,0,https://blog.hentaila.tv/products/software
87,13,2,0,0,1,1,0,0,0,7,0,0,0,0,1,http://tengfeldt.com/media/editors/tinymce/themes/confirmnewboa/confirmnewboa/surf3.php
32,20,2,0,0,0,1,0,1,1,1,0,0,0,0,1,https://tk.worldtreeyoga.org/ko/
66,26,1,0,0,5,1,0,0,0,2,0,0,0,0,1,http://interiordesignersmumbai.in/wwpp11/0ffice0nlineVerificati0n/
29,10,2,1,0,0,1,0,1,0,1,0,0,0,0,0,https://www.ome.tv/contact-us
95,14,6,0,0,14,1,0,1,0,4,0,0,0,0,1,https://ahsanfeeds.com/css/35.180.20.1683639/sucursalpersonas.transaccionesbancolombia.com/mua/
25,16,3,0,0,0,1,0,1,2,0,0,0,0,0,1,https://absa.ent.box.com/
28,20,2,0,0,0,1,0,0,1,0,0,0,0,0,1,http://yapi.strametyapi.com/
50,13,2,1,0,5,1,0,1,1,3,0,0,0,0,0,https://api.canon.com/questions/30716/python-guide
42,15,2,1,0,0,1,0,1,1,2,0,0,0,0,0,https://docs.joyclub.de/blog/release-notes
45,13,2,1,0,0,1,0,0,0,3,1,0,0,0,1,http://cutekasia.com/wp-admin/maint/login.php
58,19,2,1,0,0,1,0,1,1,3,0,0,0,0,0,https://support.yealink.com/questions/tagged/release-notes
143,13,5,9,1,15,5,0,1,0,1,0,0,0,0,1,https://mpparagon.com/info@fly-style.com&cgi3-ViewKontakt-cid-007acctpagetype-Sie-diese-Anfrage1-Anstehende-OpentTiketID=07.%20Mai.%202020.html
100,16,3,0,0,5,1,0,0,1,9,0,0,0,0,1,http://physics.uctm.edu/iconmo5/sites/default/files/styles/santandersa/Atualizar/Chrome2020/home.php
32,15,2,1,0,2,1,0,1,1,2,0,0,0,0,0,https://awsdns-16.co.uk/help/faq
23,14,2,0,0,0,1,0,1,1,0,0,0,0,0,0,https://en.chatgpt.com/
29,15,1,1,0,0,1,0,1,0,2,0,0,0,0,1,https://cgupt-first.xyz/db/ch
36,11,1,0,0,0,1,0,1,0,2,0,0,0,0,0,https://ezvizru.com/support/overview
41,11,1,1,0,0,1,0,1,0,2,0,0,0,0,0,https://toongod.org/blog/machine-learning
34,15,1,1,0,0,1,0,1,0,1,0,0,0,0,0,https://seriouseats.com/contact-us
34,18,2,0,0,0,1,0,1,1,1,0,0,0,0,0,https://en.mobiledokan.com/pricing
72,21,2,0,0,6,1,0,0,1,12,0,0,0,0,1,http://paypalp.ontraport.com/c/s/IE8/ZM7/v/E/6mZ/6hbqoR/vQZU8CbzqU/P/P/5
29,13,1,0,0,0,1,0,1,0,1,0,0,0,0,0,https://freshdesk.com/pricing
38,15,2,0,0,0,1,0,1,1,2,0,0,0,0,0,https://api.walmart.com/explore/topics
27,19,2,0,0,0,1,0,0,1,0,0,0,0,0,1,http://sntbgxuhq.vanmx.xyz/
25,18,1,0,0,0,1,0,0,0,0,0,0,0,0,0,http://skylinewebcams.com
74,23,3,1,1,0,3,0,0,0,3,0,0,0,0,1,http://karenyauphotography.com/Ctrl-Html/mydhl/index.php?email=xxx@yyy.com
46,12,1,1,0,6,1,0,1,0,4,0,0,0,0,0,https://outbrain.org/news/2024/06/python-guide
34,12,2,0,0,0,1,0,1,1,2,0,0,0,0,0,https://dev.moppy.jp/wiki/Phishing
38,30,2,0,0,0,1,0,0,1,0,0,0,0,0,1,http://autodiscover.sandrsecurity.com/
32,9,1,0,0,0,1,0,1,0,2,0,0,0,0,0,https://apple.com/explore/topics
40,7,1,1,0,0,1,0,1,0,2,0,0,0,0,0,https://mgts.ru/products/analytics-suite
49,19,2,1,0,0,1,0,1,1,2,0,0,0,0,0,https://support.gamewith.jp/blog/machine-learning
32,16,2,0,0,0,1,0,1,1,1,0,0,0,0,0,https://api.grigorik.com/pricing
45,21,2,1,0,2,1,0,0,1,2,0,0,0,0,0,http://support.awsdns-36.net/support/overview
86,14,2,1,0,17,1,0,0,0,5,0,0,0,0,1,http://art-sticker.fr/humby/librairies/manual/645d1b142dde1f50def669a8c3ccd44e/way.php
65,15,2,0,0,0,1,0,1,0,6,1,0,0,0,1,https://www.bcskntc.com/admin/news/support/jpeg/myaccount/signin/
77,20,4,0,0,12,3,0,1,1,3,0,0,0,0,1,https://jedkinventures.co.ke/VVV/CNC/en.php?rand=13InboxLightaspxn.1774256418
40,25,2,0,0,8,1,0,1,1,1,0,0,0,0,1,https://623112j4j3.codesandbox.io/inter/
34,20,3,0,0,0,1,0,1,2,1,0,0,0,0,0,https://blog.miibeian.gov.cn/about
120,23,2,2,0,10,8,0,1,1,5,0,0,0,0,1,https://pcswm-my.sharepoint.com/:b:/g/personal/connie_pcs-wm_com/EeLmjIbvPhtJozI6isH0wOoB91TkaQ7wCHDUWB_563kLgQ?e=r3eg6G
22,13,1,0,0,0,1,0,1,0,0,0,0,0,0,1,https://csgoxfarm.com/
51,18,4,0,0,1,1,0,1,1,3,0,0,0,0,0,https://api.treehugger.com/docs/3/urllib.parse.html
45,12,2,1,0,0,1,0,1,1,2,0,0,0,0,0,https://en.batch.com/products/developer-tools
44,7,1,1,0,5,1,0,1,0,3,0,0,0,0,0,https://act.org/questions/99848/python-guide
72,27,1,0,0,4,1,0,0,0,3,0,0,0,0,1,http://civilcontractorsinmumbai.in/SignOnV2Screen/bankofamerica/953bbafd
90,9,3,0,0,29,8,0,0,0,1,0,0,0,0,1,http://cornia.in/cgi.ebay.de/?itm/172518858162trksid=p2054215l5781?trackitem&t=4&tid=53114
133,10,7,1,1,0,3,0,1,0,8,1,0,0,0,1,https://myrnd.info/wp-includes/css/wsign/code/www.loginalibaba.com/alibaba/alibaba/login.alibaba.com.php?email=nobody@mycraftmail.com
35,12,2,0,0,0,1,0,1,0,2,0,0,0,0,0,https://www.redis.io/explore/topics
41,11,1,1,0,0,1,0,0,0,2,0,0,0,0,0,http://javrate.com/blog/tutorial-overview
24,16,2,0,0,0,1,0,1,0,0,0,0,0,0,0,https://www.decathlon.in
41,24,2,0,0,0,1,0,1,1,2,0,0,0,0,0,https://docs.americanexpress.com/help/faq
57,15,1,1,0,5,1,0,1,0,3,0,0,0,0,0,https://cookieadmin.net/questions/14651/tutorial-overview
201,14,3,0,0,76,10,0,0,1,2,1,0,0,0,1,http://meylanbt.co.ke/jtv/login.php?cmd=login_submit&amp;id=805e3d2d7dae00b1206c0eaa266de549805e3d2d7dae00b1206c0eaa266de549&amp;session=805e3d2d7dae00b1206c0eaa266de549805e3d2d7dae00b1206c0eaa266de549
44,14,2,1,0,0,1,0,1,1,2,0,0,0,0,0,https://api.snssdk.com/blog/machine-learning
66,20,4,0,0,0,1,0,1,0,4,0,0,0,0,1,https://doonglobalschool.org/slc/pads/madeinchina.com/logon.do.php
53,13,1,1,0,5,1,0,0,0,3,0,0,0,0,0,http://qualtrics.com/questions/59479/machine-learning
132,17,7,9,0,6,3,0,0,1,2,0,0,0,0,1,http://oceanvibes.com.au/usaa.com-sec-inet-auth-logon-ent-logon-logon-redirectjsp8774_/00inet.ent_Logon.logon.path.redirectjsp-true/
42,26,2,0,0,0,1,0,1,1,1,0,0,0,0,0,https://docs.sportradarserving.com/pricing
79,14,1,1,0,25,1,0,0,0,4,0,0,0,0,1,http://art-sticker.fr/humby/librairies/manual/4f369c64f0d85c3874418eb961017059/
41,15,1,0,0,0,1,0,1,0,2,0,0,0,0,0,https://furaffinity.net/products/software
110,31,4,0,0,21,1,0,0,1,6,1,0,0,0,1,http://cafecitoperez.ivanidzakovic.com/admin/aociufd/goodl.vci/9edf3767ee7c86d547578704e482bec5/view/login.php
45,14,1,0,0,0,1,0,0,0,3,1,0,0,0,1,http://schachkraft.de/login/myaccount/signin/
35,10,1,0,0,0,1,0,1,0,2,0,0,0,0,0,https://planfix.ru/support/overview
45,13,4,0,0,1,1,0,0,1,3,0,0,0,0,0,http://en.slackb.com/docs/3/urllib.parse.html
22,13,1,0,0,0,1,0,1,0,0,0,0,0,0,0,https://theplanet.com/
55,37,3,3,0,2,1,0,1,1,1,0,0,0,0,1,https://stratserv-ssl-apps.jens-heinricl24.de/index.php
28,20,3,0,0,0,1,0,1,1,0,0,0,0,0,0,https://www.argentina.gob.ar
51,18,2,1,0,0,1,0,1,1,2,0,0,0,0,0,https://support.moodle.org/topics/tutorial-overview
48,18,2,0,0,0,2,0,1,0,2,0,0,0,0,0,https://www.buydomains.com/wiki/Machine_learning
110,16,2,1,0,14,3,0,1,1,3,0,0,0,0,1,https://sites.google.com/view/dealsd/home?fbclid=IwAR2JJYu14sqA2gp31cX8lhEKvYkF-8EC51J4YYyOzXh25AaPmeKesPgd9dg
51,23,2,1,0,0,1,0,1,1,2,0,0,0,0,1,https://mail.myphonereviews.com/wp-includes/DHLAUTO
31,17,2,0,0,0,1,0,1,1,1,0,0,0,0,0,https://blog.razorpay.com/about
58,15,8,0,0,0,1,0,0,0,4,1,0,0,0,1,http://www.mphusky.com/bin/..https/.paypal.co.uk/Login.php
31,15,2,0,0,0,1,0,1,0,1,0,0,0,0,0,https://www.easydns.com/pricing
29,15,2,0,0,0,1,0,1,0,1,0,0,0,0,0,https://www.cloudhub.io/about
94,17,3,0,0,0,4,0,1,1,4,1,0,0,0,1,https://emmerentia.net.za/bankofamerica/bankofamerica/bankofamerica/login.php?cmd=login_submit
93,14,6,0,0,21,1,0,0,0,2,1,0,0,0,1,http://vegancenter.hu/13d3f560e8a5cfbd8f00947496b8813clogin.alibaba.com/login.alibaba.com.php
43,16,2,0,0,0,2,0,1,0,2,0,0,0,0,0,https://www.softonic.com/wiki/Random_forest
32,15,1,0,0,0,1,0,1,0,2,0,0,0,0,0,https://digicertdns.com/help/faq
30,11,1,1,0,0,1,0,1,0,1,0,0,0,0,0,https://zendesk.com/contact-us
47,14,4,0,0,1,1,0,1,1,3,0,0,0,0,0,https://blog.krakow.pl/docs/3/urllib.parse.html
427,26,3,13,0,95,20,0,0,1,5,0,0,0,0,1,http://ouraring-my.sharepoint.com/personal/tanja_kuusela_ouraring_com/_layouts/15/doc.aspx?sourcedoc={6dfd36f7-86e9-46d3-b9cc-33ba7e8a7540}&amp;action=default&amp;slrid=05093d9f-104f-2000-55c3-013c4d93764c&amp;originalpath=ahr0chm6ly9vdxjhcmluzy1tes5zagfyzxbvaw50lmnvbs86bzovcc90yw5qyv9rdxvzzwxhl0v2yzjfvznwahror3vjd3p1bjzlzfvbqm9nd1yxegftx05ly3h6ekxkbvhruue_cnrpbwu9tlvgt0jnueuxmgc&amp;cid=5e927642-974b-474b-88ed-4696bda0b489
49,11,1,1,0,0,1,0,1,0,3,0,0,0,0,0,https://stubhub.com/questions/tagged/python-guide
31,17,2,0,0,0,1,0,1,1,1,0,0,0,0,0,https://dev.imageshack.us/about
65,24,3,0,0,9,3,0,0,0,2,0,0,0,0,1,http://www.anoperfeitopravc.com/mobile/carrinho.php?enc=968728300
45,36,2,0,0,0,1,0,1,1,0,0,0,0,0,1,https://swrnotificationsoshmobile.webnode.ro/
31,20,1,1,0,0,1,0,0,0,1,0,0,0,0,1,http://domaine-anthesia.com/cs/
44,35,1,1,0,0,1,0,1,0,0,0,0,0,0,1,https://verizon-wirelesscustomerservice.com/
156,10,2,2,0,8,14,0,1,0,2,1,0,0,0,1,https://tcmedia.pt/remitdoc/login.php?public/enroll/IdentifyUser-aspx-LOB=RBGLogon=MTc5MjgxMjI2NA==MTc5MjgxMjI2NA==&session=MTc5MjgxMjI2NA==MTc5MjgxMjI2NA==
34,14,1,2,0,1,1,0,1,0,1,0,0,0,0,1,https://summerhills.me/about-me-2/
188,24,4,9,0,38,3,0,0,1,7,1,0,0,0,1,http://mail01.tinyletterapp.com/Support--2/important-confirm-your-account-2/13672637-service-account-4.000webhostapp.com/account/account/gs_gen/gs8987183b45b1fe5ea8e32131b9fb5718/?REDACTED
19,10,1,0,0,0,1,0,1,0,0,0,0,0,0,0,https://github.com/
47,15,2,1,0,1,1,0,1,0,2,0,0,0,0,0,https://www.nghttp2.org/topics/machine-learning
39,14,2,0,0,0,1,0,1,0,2,0,0,0,0,0,https://www.pcloud.com/support/overview
129,18,5,1,1,0,3,0,0,1,9,1,0,0,0,1,http://support.yrbinc.com/vendor/symfony/polyfill-mbstring/Resources/unidata/sym/usa/update/index.php?email=marc.kissoczy@zhdk.ch
46,12,2,2,0,0,1,0,1,1,2,0,0,0,0,0,https://google.co.ls/scikit-learn/scikit-learn
78,10,4,0,1,0,3,0,0,1,4,0,0,0,0,1,http://sof.edu.vn/sources/hjim/excelz/bizmail.php?email=nobody@mycraftmail.com
38,15,2,1,0,0,1,0,1,1,2,0,0,0,0,0,https://api.shop-pro.jp/explore/topics
43,18,2,0,0,0,1,0,1,1,2,0,0,0,0,0,https://blog.dndbeyond.com/support/overview
50,15,2,2,0,0,1,0,1,1,2,0,0,0,0,0,https://dev.reolink.com/blog/getting-started-guide
77,17,2,2,0,5,2,0,0,0,4,1,0,0,0,1,http://esapcepro-org.com/orange/customer_center/customer-IDPP00C318/login.php
52,26,1,0,0,0,1,0,1,0,2,0,0,0,0,1,https://purifiedamericanroyals.com/grantspayment/FBG
41,10,2,1,0,1,1,0,1,0,2,0,0,0,0,1,https://tancorp.id/dhl-s/box3Drenewal.php
159,19,3,2,0,5,8,0,0,0,10,1,0,0,0,1,http://tokokainbandung.com/wp-content/themes/theretailer/inc/addons/login/customer_center/customer-IDPP00C672/myaccount/signin/?country.x=US&amp;locale.x=en_US
40,23,2,0,0,0,1,0,1,1,2,0,0,0,0,0,https://support.aboutamazon.com/help/faq
32,13,2,1,0,0,1,0,1,0,1,0,0,0,0,0,https://www.luugy.com/contact-us
38,15,2,0,0,0,1,0,1,1,2,0,0,0,0,0,https://api.apkpure.com/explore/topics
68,18,4,1,0,5,1,0,0,2,4,0,0,0,0,1,http://mail.speedy.com.pk/wp-content/plugins/rbcbank19/rbcgi3m01.php
84,17,2,1,0,6,2,0,0,0,5,1,0,0,0,1,http://espaceclientv1.fr/Notice/orange/customer_center/customer-IDPP00C779/login.php
38,10,1,1,0,0,1,0,1,0,2,0,0,0,0,0,https://bvfcdn.com/blog/best-practices
623,24,3,18,0,125,4,0,1,2,2,0,0,0,0,1,https://u1566201.ct.sendgrid.net/ls/click?upn=Ejn-2BpcuLP1A1E6jPYGt2cyNixG8rjz-2BLuf5hTce4xC-2B-2FHxH1LqAMt-2BS21SSBBcfbPjhK2Jj3Fx9i0wfHw01ntQfdSSfmgj-2B229Ri96G3y9xu2e1PZhwuvHaHTYg0H9jkypqVPT8TSotXPiPR88cLn4pVOR4ojaOFdvbsXuSrfLzKIqq2-2B41gIijXwi3-2FEvO4eqzKUYeUKPfLahjkoOdVF3QznQa56s9AWWpnk-2F40IyPHKusF2a327Dkzmfo-2Bx7s5K7L9EsiVR5x5-2B6pauoaagg-3D-3DSANH_isCELr64UVkRXjrDkZc075V-2FvDWWcmvhxZvFcv6kIaCFqb8arq6NWydOzxWObUluo6vGnI8O6iEJQ6XqF-2FXVHpaVDaFaSTqCCDOd7aP6pro3b5QheBZK2O2x5c2Z4B3NY6A0S8qP9-2FKSAe2Ga4511-2Fxy-2BiFIpEFYZ8Ko5vHESacUOOQOoRWVPRf4gKIS35YJMVpmzfSMh0HgZ1zE9sdCnKd4Y4kDCzaxHsoudxSejr836ZLaVM22KurYPwPzoTro
31,24,2,0,0,0,1,0,0,0,0,0,0,0,0,0,http://www.decafeligiblyhad.com
57,19,3,1,0,6,1,0,1,1,4,0,0,0,0,0,https://www.milliyet.com.tr/news/2024/06/machine-learning
43,18,1,0,0,0,1,0,1,0,2,0,0,0,0,0,https://onlineradiobox.com/support/overview
46,10,2,0,0,0,4,0,1,0,1,0,0,0,0,0,https://www.vk.com/search?q=python+programming
70,17,2,1,0,0,1,0,1,0,4,0,0,0,0,1,https://shootmehayoor.com/wp-admin/network/psotale/postale.activation/
32,10,2,0,0,0,1,0,0,1,2,0,0,0,0,0,http://api.nv.gov/explore/topics
52,16,2,3,0,0,1,0,1,1,2,0,0,0,0,0,https://api.coinbase.com/blog/how-to-implement-model
57,11,1,2,0,5,1,0,1,0,3,0,0,0,0,0,https://exponea.com/questions/95342/getting-started-guide
44,25,2,1,0,0,1,0,1,1,1,0,0,0,0,0,https://dev.allahabadhighcourt.in/contact-us
20,12,2,0,0,0,1,0,1,0,0,0,0,0,0,0,https://www.xero.com
20,13,1,0,0,1,1,0,0,0,0,0,0,0,0,1,http://fridayb2w.com
43,17,2,0,0,0,1,0,1,1,2,0,0,0,0,0,https://dev.likeevideo.ru/category/research
23,7,1,0,0,1,1,0,1,0,1,0,1,0,0,1,https://cutt.ly/UypebM8
44,10,1,2,0,0,1,0,1,0,2,0,0,0,0,0,https://jiveip.net/scikit-learn/scikit-learn
29,21,1,0,0,0,1,0,0,0,0,0,0,0,0,1,http://vanillaprepaycard.com/
49,13,2,3,0,0,1,0,1,1,2,0,0,0,0,0,https://api.loopia.se/blog/how-to-implement-model
22,7,1,0,0,2,1,0,1,0,1,0,1,0,0,1,https://tiny.cc/nlf03y
139,19,3,1,0,9,3,0,1,0,1,0,0,0,0,1,https://www.xtrixtviptv.com/register-activation.html?token=MEUyMDlGOTRBRDMzNjA2NzM3NDdBMDE4RjA5MDIwNUUsc3RldmUuemFsYWxhc0BlcmVtZWEuY29tLmF1
47,13,2,2,0,0,1,0,1,0,2,0,0,0,0,0,https://www.vizio.com/scikit-learn/scikit-learn
44,11,3,0,0,4,1,0,1,0,3,0,0,0,0,0,https://porn300.com/docs/3/urllib.parse.html
23,14,1,0,0,0,1,0,1,0,0,0,0,0,0,0,https://wetransfer.net/
46,12,2,1,0,6,1,0,1,1,4,0,0,0,0,0,https://en.cdnga.net/news/2024/06/python-guide
34,9,1,0,0,0,1,0,1,0,2,0,0,0,0,0,https://fujoho.jp/support/overview
21,13,2,0,0,0,1,0,1,1,0,0,0,0,0,0,https://blog.medal.tv
21,13,2,0,0,0,1,0,1,0,0,0,0,0,0,0,https://www.redwap.tv
121,26,4,2,1,0,8,0,0,1,7,0,0,0,0,1,http://kadubeureum-serang.desa.id/wp-content/auto/autolink/autolinkauto/mailboxx/mailbox/index.php?email=_xxx@yyy.com____
22,14,2,0,0,0,1,0,1,1,0,0,0,0,0,0,https://docs.jedox.com
34,26,2,2,0,2,1,0,0,1,0,0,0,0,0,1,http://chat-whatsapp.grup-wa69.ga/
138,25,2,1,0,23,9,0,0,0,5,1,0,0,0,1,http://southcountyclassified.com/wp-includes/chtayd_ikfdn/1126f989208b4593fe6fb8e44d59767d/view/login.php?amp&amp;amp&amp;cmd=login_submit
40,14,2,0,0,0,1,0,1,1,2,0,0,0,0,0,https://dev.tanium.com/products/software
59,16,2,2,0,6,1,0,1,0,4,0,0,0,0,0,https://www.playerok.com/news/2024/06/getting-started-guide
47,16,2,1,0,0,1,0,1,1,2,0,0,0,0,0,https://docs.zerodha.com/blog/tutorial-overview
39,13,1,1,0,1,1,0,0,0,2,0,0,0,0,0,http://star4live.com/blog/release-notes
64,12,1,0,0,20,1,0,0,0,3,0,0,0,0,1,http://enigreen.net/ck/content/a8d26f26cb6fc0f7e479f9891a42021a/
21,13,1,0,0,0,1,0,1,0,0,0,0,0,0,1,https://skleptanie.pl
55,13,2,1,0,5,1,0,1,1,3,0,0,0,0,0,https://google.com.my/questions/28968/tutorial-overview
50,17,4,0,0,1,1,0,1,1,3,0,0,0,0,0,https://support.kijiji.ca/docs/3/urllib.parse.html
47,17,2,2,0,0,1,0,1,0,2,0,0,0,0,0,https://www.nitori-net.jp/topics/best-practices
49,17,2,1,0,2,2,0,0,1,2,0,0,0,0,0,http://api.awsdns-41.com/wiki/Logistic_regression
38,17,1,0,0,0,1,0,0,0,2,0,0,0,0,1,http://intercheducts.com/figtree/adobe
48,21,2,0,0,0,1,0,1,0,2,0,0,0,0,0,https://www.domaindetails.com/wiki/Cybersecurity
232,18,4,1,0,39,5,0,1,1,2,0,0,0,0,1,https://pennysolvers.co.uk/.LA/auth-cc.php?i=AAMkADcyMWNlOGU4LTA1MTctNGU5NC04NmVhLTM2ZjY2MWQ1ODUyZQAuAAAAAACPL3Vd8cnLS4/rNHDvh%20urAQDLxtTRqKyYQrNPEBhBv0F3AAAMdHa7AAA_938945743421MTctNGU5NC04NmVhLTM2ZjY2MW1MTctNGU5NC04NmVhLTM2ZjY2MW
40,25,2,0,0,0,1,0,1,1,1,1,0,0,0,1,https://emotivaodontologia.com.br/signin
47,22,1,0,0,0,1,0,1,0,3,1,0,0,0,1,https://walterspaintingllc.com/login/app/signin
199,17,2,0,0,76,8,0,0,0,2,1,0,0,0,1,http://yourecofamily.com/mnbvcx/login.php?cmd=login_submit&id=5e4d621108d5c5703df6ea865cd8d0ca5e4d621108d5c5703df6ea865cd8d0ca&session=5e4d621108d5c5703df6ea865cd8d0ca5e4d621108d5c5703df6ea865cd8d0ca
57,18,2,1,0,0,1,0,1,1,3,0,0,0,0,0,https://support.konghq.com/questions/tagged/release-notes
49,15,2,2,0,0,1,0,1,0,2,0,0,0,0,0,https://www.shopier.com/scikit-learn/scikit-learn
48,16,3,0,0,0,1,0,0,0,3,1,0,0,0,1,http://www.abdnepal.com/etigrade/ebill/login.php
54,12,1,1,0,5,1,0,1,0,3,0,0,0,0,0,https://ingresso.com/questions/75754/tutorial-overview
42,19,2,0,0,0,1,0,1,1,2,0,0,0,0,0,https://api.dexscreener.com/explore/topics
22,14,2,0,0,0,1,0,0,1,0,0,0,0,0,0,http://dev.kooora.com/
86,35,2,3,0,8,3,0,1,0,2,0,0,0,0,1,https://estaremos-nessa-crise-unidoscom.com/MeusProdutos/Prefetch.php?skullid=15148289
45,22,2,1,0,0,1,0,1,1,2,0,0,0,0,0,https://support.yandex-team.ru/explore/topics
27,11,1,0,0,3,1,0,0,0,1,0,1,0,0,1,http://tinyurl.com/y8ayfl24
55,22,4,0,0,1,1,0,1,1,3,0,0,0,0,0,https://docs.samsunghealth.com/docs/3/urllib.parse.html
44,10,2,2,0,0,1,0,1,1,2,0,0,0,0,0,https://api.ti.com/scikit-learn/scikit-learn
48,12,1,1,0,5,1,0,0,0,3,0,0,0,0,0,http://deadline.com/questions/71560/python-guide
34,27,1,1,0,0,1,0,0,0,0,0,0,0,0,1,http://restrizioni-montepaschi.com
39,24,3,1,0,0,1,0,0,2,2,0,0,0,0,1,http://dhl.export.dns-cloud.net/sign/in
33,25,2,2,0,0,1,0,0,1,0,0,0,0,0,1,http://hmrc.gov-taxreturn-uk.org/
35,18,2,0,0,0,1,0,1,0,2,0,0,0,0,0,https://www.discordapp.com/help/faq
70,14,2,0,0,17,5,0,1,1,1,0,0,0,0,1,https://dotpay.idpd.pl/Payment_185486124845?payment=Z3phE40cqebhu32p&l
50,18,3,1,0,0,1,0,0,1,1,0,0,0,0,1,http://mymwebza.usite.pro/Email-LoginMywebhtml.htm
41,18,2,0,0,0,1,0,1,0,2,0,0,0,0,0,https://www.adultfuns.club/explore/topics
83,22,2,5,0,10,1,0,1,0,2,0,0,0,0,1,https://www.123formbuilder.com/form-5116195/vysoka-skola-umeleckoprumyslova-v-praze
280,32,3,5,0,58,18,0,1,1,5,0,0,0,0,1,https://livestudentccc-my.sharepoint.com/personal/mngo2_student_ccc_edu/_layouts/15/WopiFrame.aspx?guestaccesstoken=tZ00yF9YxMa3KY1XyR3VUu9cZnigCA/kPcLepqtXtlo=&amp;docid=1_123bdc18f2465444c8818288e14d1e110&amp;wdFormId={D0C258B8-E49A-4D67-8709-29B924FA4D36}&amp;action=formsubmit
64,18,3,2,0,0,1,0,0,2,3,0,0,0,0,0,http://dev.locaweb.com.br/questions/tagged/getting-started-guide
105,23,3,0,0,13,10,0,0,1,1,0,0,0,0,1,http://koskas.activehosted.com/lt.php?notrack=1&amp;s=ZHJibGFjay50aGUua2luZ0BnbWFpbC5jb20=&amp;i=2A6A1A16
43,23,3,0,0,5,1,0,0,1,1,0,0,0,0,1,http://sfght534t23qrewsa.rf.gd/signineu.htm
22,12,1,0,0,0,1,0,0,0,1,0,0,0,0,1,http://kentridge.lk/a/
56,30,4,0,0,0,3,0,0,1,1,0,0,0,0,1,http://www.wpischedbend.pifighter.com/points.php/?email=
34,9,1,0,0,0,1,0,1,0,2,0,0,0,0,0,https://bebee.com/support/overview
132,16,3,0,0,5,3,0,1,1,2,0,0,0,0,1,https://forms.office.com/Pages/ResponsePage.aspx?id=DQSIkWdsW0yxEjajBLZtrQAAAAAAAAAAAAZAAAFLubtUMFhEM0VLNFJUSzU4TktMNk9XOVZMQThYTC4u
45,19,1,0,0,0,1,0,1,0,3,0,0,0,0,1,https://familypromisedc.org/Service/app/index
221,17,4,0,0,80,10,0,0,1,4,1,0,0,0,1,http://spatialsys.com.ru/alibaba.com/da/daaum/login.php?cmd=login_submit&amp;id=13b3116c51ddeea5f1af6503f8b5963213b3116c51ddeea5f1af6503f8b59632&amp;session=13b3116c51ddeea5f1af6503f8b5963213b3116c51ddeea5f1af6503f8b59632
28,5,1,0,0,0,1,0,1,0,2,0,0,0,0,0,https://ns.ua/explore/topics
37,21,3,0,0,0,1,0,1,2,1,0,0,0,0,0,https://support.sageone.co.za/pricing
48,10,1,1,0,5,1,0,1,0,3,0,0,0,0,0,https://amazon.dev/questions/37342/release-notes
20,12,2,0,0,0,1,0,1,1,0,0,0,0,0,0,https://en.stake.com
39,11,2,0,0,0,1,0,1,1,2,0,0,0,0,0,https://api.nba.com/category/technology
52,16,2,0,0,0,4,0,1,0,1,0,0,0,0,0,https://www.cometchat.io/search?q=python+programming
62,12,2,0,0,3,1,0,0,0,5,0,0,0,0,1,http://innexinc.com/deee/create/ourtime/ourtime123/ourtime.php
47,16,1,1,0,0,1,0,1,0,2,0,0,0,0,0,https://cloudflareok.com/blog/tutorial-overview
24,16,1,1,0,0,1,0,0,0,0,0,0,0,0,0,http://teams-msedge.net/
61,30,3,0,0,8,4,0,0,1,1,0,0,0,0,1,http://mundovirtualhabbo.blogspot.com/2009_01_01_archive.html
35,19,3,0,0,0,1,0,1,2,1,0,0,0,0,0,https://api.meteored.com.ar/pricing
58,17,2,1,0,5,1,0,1,0,3,0,0,0,0,0,https://www.freshchat.com/questions/67234/machine-learning
60,19,2,1,0,5,1,0,1,0,3,0,0,0,0,0,https://www.cashparking.com/questions/91833/machine-learning
110,16,2,1,0,1,5,0,0,0,8,0,0,0,0,1,http://www.icmerano2.it/wp/wp-content/themes/twentyfifteen/latampass/_itaucard_/promocao/cadastro/?cli=Cliente
77,27,2,2,0,8,1,0,0,0,5,1,0,0,0,1,http://xn--72c1aoa8a9c8a4b8fqd.com/Update/PayPal.com/signin/myaccount/signin/
123,13,3,1,0,3,14,0,1,0,2,0,0,0,0,1,https://zacoindus.com/.DocuSign/u.php?l=DHl-dTracking_=_JeHFUq_VJOXK0QWHtoGYDw=_JeHFUq_VJOXK0QWHtoGYDw=_JeHFUq_VJOXK0QWHto=
26,9,1,0,0,0,1,0,1,0,2,0,0,0,0,0,https://google.no/help/faq
52,12,2,1,0,4,1,0,1,1,3,0,0,0,0,0,https://airbnb.co.uk/questions/3252/machine-learning
53,16,1,1,0,5,1,0,1,0,3,0,0,0,0,0,https://digitaltarget.ru/questions/68056/python-guide
37,14,1,0,0,0,1,0,1,0,2,0,0,0,0,0,https://firebaseio.com/explore/topics
37,15,2,0,0,0,1,0,1,1,2,0,0,0,0,0,https://dev.bdcgslb.com/wiki/Phishing
48,14,2,2,0,0,1,0,1,1,2,0,0,0,0,0,https://dev.glpals.com/scikit-learn/scikit-learn
151,21,2,1,0,22,4,0,1,0,4,1,0,0,0,1,https://www.millmarkgroup.com/wp-admin/css/update_account/b18c7811f8fbac87de1faa5e52edb623/?dispatch=DpnORwTN1NTWIsQNEUFJIWlOD2UZTNtjj2vKRT7xjVPK4lZE7R
37,7,1,1,0,0,1,0,1,0,2,0,0,0,0,0,https://fox.com/topics/best-practices
45,22,2,0,0,1,1,0,1,1,2,0,0,0,0,0,https://en.5movierulz.pictures/explore/topics
30,16,2,0,0,0,1,0,1,0,1,0,0,0,0,0,https://www.vedomosti.ru/about
26,10,1,0,0,0,1,0,1,0,1,0,0,0,0,0,https://skokka.com/pricing
20,12,2,0,0,0,1,0,1,1,0,0,0,0,0,0,https://blog.dana.id
85,16,2,1,0,0,1,0,0,0,7,0,0,0,0,1,http://grindtimegym.com/wp-admin/includes/class/WellsFargo/WellsFargo/wells/wells.htm
67,34,1,2,0,0,1,0,1,0,3,0,0,0,0,1,https://acct-premierhomehealthcare-inv.org/adobe/pdf/authentication
21,13,3,0,0,0,1,0,0,1,0,0,0,0,0,1,http://www.itau.b.br/
31,15,2,0,0,0,1,0,1,1,1,0,0,0,0,0,https://support.oup.com/pricing
40,26,2,0,0,0,1,0,1,1,1,0,0,0,0,0,https://support.daringfireball.net/about
42,19,2,0,0,0,1,0,1,1,2,0,0,0,0,0,https://support.voanews.com/explore/topics
52,13,1,1,0,6,1,0,1,0,4,0,0,0,0,0,https://animevost.org/news/2024/06/tutorial-overview
71,17,2,1,0,3,1,0,0,0,5,1,0,0,0,1,http://www.teseesays.com/workupdtes/Support/ID-NUMB878/myaccount/signin
40,10,1,0,0,0,4,0,1,0,1,0,0,0,0,0,https://movetv.com/search?q=data+science
50,7,1,2,0,6,1,0,1,0,4,0,0,0,0,0,https://aade.gr/news/2024/06/getting-started-guide
34,18,2,0,0,0,1,0,1,1,1,0,0,0,0,0,https://blog.mobalytics.gg/pricing
51,23,2,0,0,0,1,0,1,1,2,0,0,0,0,0,https://support.creativecdn.com/category/technology
64,17,2,3,0,5,1,0,1,1,3,0,0,0,0,0,https://api.perchance.org/questions/61905/how-to-implement-model
57,12,2,2,0,4,1,0,1,1,3,0,0,0,0,0,https://docs.irna.ir/questions/2321/getting-started-guide
44,14,2,1,0,0,1,0,1,1,2,0,0,0,0,0,https://api.ladesk.com/topics/best-practices
67,28,3,0,0,4,6,0,0,0,1,1,0,0,0,1,http://www.accsystemprblemhelp.site/login_attempt=1&amp;lwv=110.htm
73,22,1,1,0,3,1,0,0,0,5,1,0,0,0,1,http://cheaproomsvalencia.com/Paypal/Support/ID-NUMB319/myaccount/signin/
46,29,2,2,0,0,1,0,1,1,2,0,0,0,0,1,https://atendimento-sac-pg.joomla.com/long/pg/
98,20,2,1,1,1,3,0,1,0,5,0,0,0,0,1,https://runmemorialday5k.com/wp-includes/SimplePie/Content/Type/TTTT/?email=nobody@mycraftmail.com
194,15,3,0,0,83,8,0,0,1,2,1,0,0,0,1,http://fr57f6yg.gb.net/boa/login.php?cmd=login_submit&id=30fe31ea1ce6571b37beb4468cb9498330fe31ea1ce6571b37beb4468cb94983&session=30fe31ea1ce6571b37beb4468cb9498330fe31ea1ce6571b37beb4468cb94983
47,11,2,0,0,0,4,0,1,1,1,0,0,0,0,0,https://plala.or.jp/search?q=python+programming
57,14,1,1,0,0,1,0,1,0,3,0,0,0,0,0,https://isappcloud.com/questions/tagged/tutorial-overview
30,19,2,0,0,0,1,0,0,0,1,0,0,0,0,1,http://www.pathfinance.pro/cs/
57,21,2,0,0,0,1,0,0,0,4,0,0,0,0,1,http://www.livingwagenyc.org/files/poster/scan/pdfonline/
46,10,1,0,0,0,4,0,1,0,1,0,0,0,0,0,https://aditude.io/search?q=python+programming
231,14,2,1,0,82,8,0,1,0,5,1,0,0,0,1,https://lowmanids.buzz/afrilgoci/0nfile/0nfile/oneddrive/login-option.php?cmd=login_submit&id=9f21ebde2936cb25d6994862dfb573b69f21ebde2936cb25d6994862dfb573b6&session=9f21ebde2936cb25d6994862dfb573b69f21ebde2936cb25d6994862dfb573b6
69,18,2,2,0,0,2,0,0,0,5,0,0,0,0,1,http://promohinotruck.com/wp-content/plugins/indexx/en-tk/xcp.php?ema
316,27,3,9,0,77,20,0,1,1,5,0,0,0,0,1,https://eliotecae-my.sharepoint.com/personal/subind_eliotec_ae/_layouts/15/WopiFrame.aspx?guestaccesstoken=AKOWBwdwm/15EP8ZSWuw1id0VMpQmkm3Vc4jWVddIRw=&amp;docid=1_1b124a04726944c449498756807aaae31&amp;wdFormId={4D4710FA-1101-4C23-9580-7CCE85E183BE}&amp;action=formsubmit&amp;cid=734cacf3-54ff-4571-b776-3d8fea96b45d
76,10,2,0,0,0,1,0,0,0,5,0,0,0,0,1,http://paccaz.org/libraries/WellsFargo/WellsFargo/wells/ViewYourAccounts.htm
45,11,2,2,0,2,1,0,1,1,2,0,0,0,0,0,https://blog.58.com/scikit-learn/scikit-learn
111,15,2,0,0,5,5,0,1,1,5,0,0,0,0,1,https://docs.google.com/forms/d/e/1FAIpQLSdanbh3hjjIZY6bkJqkZJCWBPIen3dAslBXOVqCUBUIir_1Rw/viewform?usp=sf_link
144,30,5,4,0,36,7,0,1,1,5,0,0,0,0,1,https://firebasestorage.googleapis.com/v0/b/user3987267105468.appspot.com/o/xt%2Findex.htm?alt=media&token=673d3b79-aa9b-43eb-8526-d9e508f2035c#
17,8,1,0,0,0,1,0,1,0,0,0,0,0,0,0,https://ndtv.com/
43,15,2,0,0,0,1,0,1,0,3,0,0,0,0,1,https://seecovalves.com/inge/cer/empass.php
229,15,2,1,0,72,10,0,1,0,4,1,0,0,0,1,https://missionpick.com/wp-includes/Requests/Response/login.php?cmd=login_submit&amp;id=bafd7e7210d5d2ea7710d76ed2aa8105bafd7e7210d5d2ea7710d76ed2aa8105&amp;session=bafd7e7210d5d2ea7710d76ed2aa8105bafd7e7210d5d2ea7710d76ed2aa8105
21,7,1,0,0,0,1,0,0,0,1,0,0,0,0,1,http://cbox.cf/https/
79,14,1,1,0,18,1,0,0,0,4,0,0,0,0,1,http://art-sticker.fr/humby/librairies/manual/2b115aa3d6aa01df58b61d301ce4a5a8/
52,19,3,0,0,1,1,0,1,0,3,0,0,0,0,0,https://paytmfirstgames.com/docs/3/urllib.parse.html
23,14,2,0,0,0,1,0,1,0,0,0,0,0,0,0,https://www.sportal.bg/
54,21,2,1,0,0,1,0,1,1,2,0,0,0,0,0,https://en.granbluefantasy.jp/products/developer-tools
229,13,2,1,0,86,11,0,1,0,4,1,0,0,0,1,https://waytoketo.com/wp-content/themes/New%20Inquiry/login.php?cmd=login_submit&amp;id=dd974993af2097a31de0c369f612f2b6dd974993af2097a31de0c369f612f2b6&amp;session=dd974993af2097a31de0c369f612f2b6dd974993af2097a31de0c369f612f2b6
33,24,2,0,0,4,1,0,1,1,0,0,0,0,0,1,https://betasus2020.blogspot.com/
29,15,2,0,0,0,1,0,1,0,1,0,0,0,0,0,https://www.hubcloud.cx/about
57,17,2,0,0,0,4,0,1,1,1,0,0,0,0,0,https://support.ctlcdn.cn/search?q=cybersecurity+research
32,16,1,0,0,0,1,0,0,0,1,0,0,0,0,1,http://forgesmithvr.com/ourtime/
48,10,2,1,0,6,1,0,1,0,4,0,0,0,0,0,https://www.si.edu/news/2024/06/machine-learning
58,21,2,1,0,0,1,0,0,0,3,0,0,0,0,0,http://www.foreignpolicy.com/questions/tagged/python-guide
57,9,1,3,0,0,1,0,1,0,3,0,0,0,0,0,https://qiita.com/questions/tagged/how-to-implement-model
34,9,1,0,0,0,1,0,1,0,2,0,0,0,0,0,https://bmw.cloud/support/overview
64,18,2,2,0,5,1,0,1,1,3,0,0,0,0,0,https://en.tradingview.com/questions/59925/getting-started-guide
26,10,2,0,0,0,1,0,1,1,1,0,0,0,0,0,https://smh.com.au/pricing
46,17,2,0,0,0,1,0,1,1,2,0,0,0,0,0,https://blog.mcdvoice.com/category/engineering
53,15,1,0,0,15,1,0,1,0,2,0,0,0,0,1,https://surveyheart.com/form/5e5b8d772e417841d96ee7af
166,12,3,2,0,51,10,0,1,0,5,1,0,0,0,1,https://osool-eg.com/i/BofA.com/v3/B/Step2.php?cmd=_account-details&amp;session=0ca91434c28c83361dd85ec3100bd64a&amp;dispatch=10c28cc13c091929ef02c4b978eb22a95e507744
79,19,4,1,0,0,4,0,0,1,3,0,0,0,0,1,http://colegiomoura.com.br/comunicados_arq/my.dhl-com/index.php?email={{email}}
56,32,2,0,0,0,1,0,1,1,1,0,0,0,0,1,https://acessosegurodigitalmn.joomla.com/primeiroacesso/
29,15,2,0,0,0,1,0,1,1,1,0,0,0,0,0,https://dev.toptoon.com/about
25,11,1,0,0,0,1,0,1,0,1,0,0,0,0,0,https://holadns.com/about
30,13,2,0,0,0,1,0,1,1,2,0,0,0,0,0,https://blog.xnxx.com/help/faq
29,14,2,0,0,0,1,0,0,0,1,0,0,0,0,0,http://www.draugas.lt/pricing
55,24,2,1,0,0,1,0,1,0,2,0,0,0,0,0,https://www.financialcontent.com/products/cloud-storage
32,13,1,0,0,2,2,0,1,0,1,0,0,0,0,1,https://ghmehsana.com/Sign%20Up/
32,24,2,0,0,0,1,0,0,1,0,0,0,0,0,1,http://ganhar.giftgratis.online/
35,10,1,0,0,0,1,0,0,0,2,0,0,0,0,0,http://telcel.com/category/research
84,17,2,1,0,6,2,0,0,0,5,1,0,0,0,1,http://espaceclientv1.fr/Notice/orange/customer_center/customer-IDPP00C182/login.php
195,17,3,0,0,77,8,0,1,0,2,1,0,0,0,1,https://www.summerland.cl/1/login.php?cmd=login_submit&id=36024c0a6aea629b978a4fca1c3719ca36024c0a6aea629b978a4fca1c3719ca&session=36024c0a6aea629b978a4fca1c3719ca36024c0a6aea629b978a4fca1c3719ca
30,13,2,0,0,0,1,0,1,1,2,0,0,0,0,0,https://api.torob.com/help/faq
24,16,2,0,0,0,1,0,1,1,0,0,0,0,0,0,https://dev.overwolf.com
201,14,3,0,0,80,10,0,0,1,2,1,0,0,0,1,http://meylanbt.co.ke/jtv/login.php?cmd=login_submit&amp;id=9a20fc1808a12aef438c6414d1dc4a679a20fc1808a12aef438c6414d1dc4a67&amp;session=9a20fc1808a12aef438c6414d1dc4a679a20fc1808a12aef438c6414d1dc4a67
59,29,3,0,0,0,3,0,0,0,3,0,0,0,0,1,http://www.campisicorradomichele.com/public/_vti_cnf/mo.php
51,17,2,2,0,0,1,0,0,0,3,0,0,0,0,1,http://www.chikh-ali.com/wp-includes/accesst/wells/
19,11,2,0,0,0,1,0,0,1,0,0,0,0,0,0,http://dev.eia.gov/
86,32,4,1,0,18,2,0,1,2,2,1,0,0,0,1,"https://secure.runescape.com-rsgames.xyz/m=weblogin/loginform.ws764,345,542,74365632,3"
111,15,2,2,0,6,4,0,1,1,5,0,0,0,0,1,https://docs.google.com/forms/d/e/1FAIpQLSfZoQj0hPNeLHOL4U-gVzenUK-rL7syv5VsIZayCWR5LNOYIA/viewform?usp=sf_link
26,11,2,0,0,0,1,0,0,0,1,0,0,0,0,1,http://suelunn.com/aut.php
25,16,1,1,0,0,1,0,1,0,0,0,0,0,0,1,https://marketcs-go.info/
33,10,1,0,0,0,1,0,1,0,2,0,0,0,0,0,https://jugabet.cl/explore/topics
50,17,2,1,0,0,1,0,1,1,2,0,0,0,0,0,https://en.mailerlite.com/topics/tutorial-overview
53,41,3,0,0,0,1,0,0,2,1,1,0,0,0,1,http://secure.informations.ninjamarketingman.com/view
29,15,1,0,0,0,1,0,1,0,1,0,0,0,0,0,https://khanacademy.org/about
19,6,1,0,0,3,1,0,0,0,1,0,1,0,0,1,http://bit.ly/EE150
30,21,2,0,0,0,1,0,1,1,0,0,0,0,0,0,https://support.larksuite.com/
33,10,2,0,0,0,1,0,1,0,2,0,0,0,0,1,https://asinter.cl/atic/rina.html
120,22,6,1,1,29,8,0,1,1,3,1,0,0,0,1,https://storage.googleapis.com/update-securities20420.appspot.com/%2525%2525%2525%2525%2525%2525/login.html#cert@cert.uy
127,12,3,1,0,7,3,0,1,0,8,1,0,0,0,1,https://www.3jba.com/wp-includes/css/dist/century/aRUF97VtyYKzrq9N2QuJ/jEG7ksa5JLuvuhWHqcfP/login/action.html?template=Initiate
31,23,2,0,0,5,1,0,0,1,0,0,0,0,0,1,http://flo14.000webhostapp.com/
27,9,2,0,0,0,1,0,1,0,1,1,0,0,0,1,https://fitnow.ir/login.php
27,19,2,0,0,0,1,0,1,1,0,0,0,0,0,0,https://support.bhaskar.com
50,21,2,1,0,0,1,0,0,1,2,0,0,0,0,0,http://docs.thermofisher.com/topics/best-practices
32,24,2,0,0,0,1,0,0,1,0,0,0,0,0,1,http://limiteltaucard.unaux.com/
188,13,4,0,0,94,8,1,0,0,1,1,0,0,0,1,http://107.180.44.78/login.php?cmd=login_submit&id=26aa10d2c5b73af26c3304008412cf7c26aa10d2c5b73af26c3304008412cf7c&session=26aa10d2c5b73af26c3304008412cf7c26aa10d2c5b73af26c3304008412cf7c
57,23,2,1,0,0,1,0,1,1,2,1,0,0,0,0,https://docs.mundodeportivo.com/category/security-updates
34,16,1,0,0,0,1,0,0,0,2,1,0,0,0,1,http://pabloescobal.com/app/signin
24,17,2,0,0,0,1,0,0,1,0,0,0,0,0,0,http://support.plotek.pl
39,24,2,0,0,0,1,0,0,0,2,0,0,0,0,1,http://www.clearviewpartners.in/wex/app
22,7,1,0,0,0,1,0,0,0,1,0,0,0,0,1,http://abre.ai/caixacx
35,16,2,1,0,0,1,0,1,1,1,0,0,0,0,0,https://api.sbercloud.ru/contact-us
37,19,1,0,0,0,1,0,1,0,1,0,0,0,0,1,https://westhorizonfund.com/ibanking/
25,17,2,0,0,0,1,0,1,1,0,0,0,0,0,0,https://support.google.ad
43,18,1,1,0,5,1,0,1,0,1,0,0,0,0,1,https://brussel-airport.be/futd553v09urrsuy
54,22,2,1,0,0,1,0,1,0,2,0,0,0,0,0,https://www.johndeerecloud.com/topics/machine-learning
30,11,1,1,0,0,1,0,1,0,1,0,0,0,0,0,https://tabelog.com/contact-us
43,18,1,1,0,3,1,0,1,0,1,0,0,0,0,1,https://brussel-airport.be/uroep2uh3pi2ojya
106,17,3,1,1,0,6,0,0,0,7,0,0,0,0,1,http://stolizaparketa.ru/wp-content/themes/twentyfifteen/css/read/chinavali/index.php?email=_xxx@yyy.com__
41,24,2,0,0,0,1,0,0,0,2,0,0,0,0,1,http://www.peruradiodigital.com/Golgi/irs
42,12,2,1,0,0,1,0,0,0,2,0,0,0,0,0,http://www.miui.com/blog/tutorial-overview
60,14,2,1,0,0,1,0,0,0,5,1,0,0,0,1,http://cellidplus.com/ws/WELLS/WELLS/WELLS/update-status.htm
54,22,2,1,0,0,1,0,0,1,2,0,0,0,0,0,http://support.twitcasting.tv/topics/tutorial-overview
54,46,3,1,0,0,1,0,0,2,0,0,0,0,0,1,http://alertasynotiifiicaciones-bancolombia.zz.com.ve/
28,9,1,0,0,0,1,0,0,0,1,0,0,0,0,1,http://gbco.mobi/desbloqueos
31,15,2,0,0,0,1,0,1,1,1,0,0,0,0,1,https://app.stepform.io/SCpDfVy
287,25,2,1,0,92,15,0,0,0,5,1,0,0,0,1,http://southcountyclassified.com/wp-includes/chtayd_ikfdn/0ca10d16aeed10cff1d81f617e3d90bc/view/login.php?amp&amp;amp&amp;cmd=login_submit&amp;id=c4dc15d7b8e399699f440e4c3bb294cbc4dc15d7b8e399699f440e4c3bb294cb&amp;session=c4dc15d7b8e399699f440e4c3bb294cbc4dc15d7b8e399699f440e4c3bb294cb
44,11,1,0,0,1,2,0,1,0,2,0,0,0,0,0,https://egysex6.com/wiki/Logistic_regression
38,18,3,0,0,0,2,0,0,1,1,0,0,0,0,1,http://sabatcucina.com.br/SIgn_In.html
79,13,3,2,0,1,1,0,1,0,6,1,0,0,0,1,https://www.mskbs.com/wp-admin/user1/support/linkedin.com/LinkedIn/login-submit
184,7,3,4,0,12,15,0,1,0,4,0,0,0,0,1,https://iptf.ir/.well-known/acme-challenge/chase/firstlog.php?public/enroll/IdentifyUser-aspx-LOB=RBGLogon=MTY2MjE4NDY1NQ==MTY2MjE4NDY1NQ==&amp;session=MTY2MjE4NDY1NQ==MTY2MjE4NDY1NQ==
62,15,3,0,0,6,2,0,1,0,4,0,0,0,0,1,https://wirereach53.com/WED2020DC/www.file.com/d/view_document
31,15,2,0,0,0,1,0,1,1,1,0,0,0,0,0,https://en.worldnic.com/pricing
70,62,2,3,0,8,1,0,0,1,0,0,0,0,0,1,http://terms-daum-net-syncressolvecenteruser923ud00.000webhostapp.com/
48,15,4,0,0,4,1,0,1,1,3,0,0,0,0,0,https://dev.029whhg.com/docs/3/urllib.parse.html
46,13,1,1,0,0,1,0,0,0,3,0,0,0,0,1,http://clayheart.com/wp-content/plugins/jjkkii
46,13,2,1,0,0,1,0,1,0,2,0,0,0,0,0,https://www.depop.com/products/analytics-suite
211,12,4,2,0,26,3,0,0,0,6,0,0,0,0,1,http://email302.com/l/5fc15ea15e66c082e33c48babd5a8ff601a799e6/[emailÃÂÃÂÃÂÃÂÃÂÃÂÃÂÃÂ¯ÃÂÃÂÃÂÃÂÃÂÃÂÃÂÃÂ¿ÃÂÃÂÃÂÃÂÃÂÃÂÃÂÃÂ½protected]tageapp.com/-/www.paypal.com/cgi-bin
72,35,2,0,0,0,1,0,1,1,4,1,0,0,0,1,https://sendoutcards.jamesmontgomerylaw.com/myaccount/summray/app/signin
133,23,2,1,0,5,2,0,0,0,10,1,0,0,0,1,http://www.dunggiodrilling.com/administrator/templates/khepri/images/menu/signt/customer_center/customer-IDPP00C978/myaccount/signin/
39,9,2,0,0,0,1,0,0,0,3,0,0,0,0,1,http://nebrot.dk/blog/profile/name.html
38,21,3,0,0,0,1,0,0,0,1,0,0,0,0,1,http://www.maristepostbac.sn/main.html
18,6,1,0,0,2,1,0,0,0,1,0,0,0,0,1,http://soo.gd/FS94
66,17,4,1,0,4,1,0,1,2,4,0,0,0,0,1,https://mail.redik.com.au/wp-content/plugins/mtb2020/redirect.html
49,9,1,0,0,0,4,0,1,0,1,0,0,0,0,0,https://govee.com/search?q=cybersecurity+research
99,15,2,2,0,7,1,0,1,1,5,0,0,0,0,1,https://docs.google.com/forms/d/e/1FAIpQLScDR4NJ-XgQVSsUxhWgigZBulGcOm0tcoyBfChcq6WR02l-8A/viewform
122,22,3,1,0,0,12,0,0,1,3,0,0,0,0,1,http://pixel.baltic-dragon.ru/PLUGS/GeneralDomain/mail.htm?cmd=LOB=RBGLogon&amp;_pageLabel=page_logonform&amp;secured_page
44,10,1,1,0,0,1,0,1,0,2,1,0,0,0,0,https://wscdns.com/category/security-updates
41,16,2,1,0,0,2,0,0,0,2,0,0,0,0,1,http://www.turkmcse.com/sys-cache/_alert/
46,29,3,0,0,0,1,0,0,1,1,0,0,0,0,1,http://pagesyouraccount.cloudns.asia/check.php
49,16,4,0,0,1,1,0,1,0,3,0,0,0,0,0,https://www.autoplius.lt/docs/3/urllib.parse.html
69,14,1,1,0,14,1,0,1,0,3,0,0,0,0,1,https://woodpoindo.com/images/bg-png/cleaner007989bgfiugtk2y7834523f/
46,24,2,0,0,0,1,0,0,0,2,0,0,0,0,1,http://spartanlandsurveying.com/veri/index.htm
119,7,2,1,0,2,4,0,0,0,7,0,0,0,0,1,http://hamt.jp/program/wp-content/themes/twentyfourteen/home/latampass/cadastro/?cli=Cliente&/rmFsmuD8JX/Horq4sSDTs.php
53,14,1,1,0,6,1,0,1,0,4,0,0,0,0,0,https://marktplaats.nl/news/2024/06/tutorial-overview
61,15,2,2,0,5,1,0,1,0,3,0,0,0,0,0,https://www.semprot.com/questions/46494/getting-started-guide
46,21,2,0,0,0,1,0,1,1,2,0,0,0,0,0,https://support.clubready.com/support/overview
65,17,2,0,1,0,3,0,0,0,2,0,0,0,0,1,http://leadingstarbd.com/dallow/upgrade/?email=investor@pplsi.com
190,7,9,1,1,41,25,0,0,0,5,0,0,0,0,1,http://am-t.by/library/2016/cache/aze/index/?.rand=13inboxlight.aspx?n=1774256418&amp;email=abc@example.com&amp;fav.1=&amp;fid=1&amp;fid=4&amp;fid.1=&amp;fid.1252899642=&amp;fid.4.1252899642
57,29,3,2,0,0,1,0,0,1,1,0,0,0,0,1,http://society-recovery-depart.my.id/identityrecover.html
59,51,5,1,0,0,1,0,0,4,0,1,0,0,0,1,http://paypal.com-update.accounts.nor.espacodocorretor.com/
26,12,1,0,0,0,1,0,1,0,1,0,0,0,0,0,https://ghostery.net/about
27,20,2,0,0,0,1,0,0,1,0,0,0,0,0,1,http://vixas.atwebpages.com
67,15,2,2,0,4,1,0,0,0,5,0,0,0,0,1,http://mr-statucki.com/wp-content/uploads/2009/hotmail/hotmail.html
32,16,2,0,0,0,1,0,1,1,1,0,0,0,0,0,https://en.pornorama.com/pricing
48,21,2,0,0,0,1,0,0,1,2,0,0,0,0,0,http://support.biography.com/category/technology
76,18,3,1,0,18,3,0,0,1,3,0,0,0,0,1,http://www.decifra.com.br/at&amp;t-mail/ATT/d3be5b68a37ece4ea8abd954389f3717
51,17,2,3,0,2,1,0,1,1,2,0,0,0,0,0,https://api.awsdns-38.com/scikit-learn/scikit-learn
31,23,2,0,0,0,1,0,0,1,0,0,0,0,0,1,http://unipingratis.wikaba.com/
46,19,2,1,0,0,1,0,0,1,2,0,0,0,0,0,http://api.ttoverseaus.net/blog/best-practices
27,14,2,0,0,0,1,0,0,1,1,0,0,0,0,0,http://blog.ytimg.com/about
62,30,2,0,0,3,2,0,1,1,2,0,0,1,0,1,https://weddinghairhertfordshire.co.uk//onlinefor0_/fromalr50/
46,13,2,2,0,0,1,0,0,1,2,0,0,0,0,0,http://en.emochi.com/scikit-learn/scikit-learn
25,11,2,0,0,0,1,0,0,0,1,0,0,0,0,1,http://www.klik.am/wTSLl/
49,14,1,2,0,6,1,0,1,0,4,0,0,0,0,0,https://slack-edge.com/news/2024/06/release-notes
281,40,3,1,0,51,21,0,1,1,5,0,0,0,0,1,https://villashippingtradingpv-my.sharepoint.com/personal/vam_station_flyme_mv/_layouts/15/guestaccess.aspx?guestaccesstoken=SM5QC7f1yqReaI4g9DT2aPYu7luYAyPPMBtOrhDBKbc%3d&amp;docid=1_10c3ef135ace74ea6afaed6ad75fab3bc&amp;wdFormId=%7B9A841E3B%2D98C8%2D48BF%2DBDD0%2DF64979E54640%7D
50,17,3,0,0,3,1,0,0,0,2,1,0,0,0,1,http://www.pfsoftware.in/uejd832heokjn/update.html
60,22,2,0,0,0,1,0,1,1,4,0,0,0,0,1,https://class.britishonline.co/revenue/int/banks/Desjardins/
232,13,2,0,0,84,10,0,0,0,7,1,0,0,0,1,http://locksmail.com/vendor/psr/container/test/b/hotmail/login.php?cmd=login_submit&amp;id=442fd11b2471e1a13a20cb8364b50aa1442fd11b2471e1a13a20cb8364b50aa1&amp;session=442fd11b2471e1a13a20cb8364b50aa1442fd11b2471e1a13a20cb8364b50aa1
41,18,2,0,0,0,1,0,1,1,2,0,0,0,0,0,https://api.prnewswire.com/explore/topics
60,14,3,0,0,28,1,1,0,0,2,0,0,0,0,1,http://69.167.151.209/files/22af195c1eba626cdfbd262f5df299f1
22,14,2,0,0,0,1,0,1,1,0,0,0,0,0,0,https://dev.eenadu.net
47,14,2,1,0,1,1,0,1,0,2,0,0,0,0,0,https://www.ttdns2.com/products/developer-tools
55,21,2,1,0,6,1,0,1,0,4,0,0,0,0,0,https://www.paramountplus.com/news/2024/06/python-guide
44,14,2,0,0,0,4,0,1,0,1,0,0,0,0,0,https://www.fcomet.com/search?q=data+science
38,13,2,0,0,0,1,0,1,1,2,0,0,0,0,0,https://docs.asus.com/support/overview
53,22,2,0,0,0,1,0,1,1,4,0,0,0,0,1,https://class.britishonline.co/revenue/int/banks/HSBC
67,15,2,1,0,0,1,0,0,0,7,1,0,0,0,1,http://lozenec-lan.net/NEW/images/cef/cef/images/account/login.html
79,19,3,0,1,2,3,0,0,0,3,1,0,0,0,1,http://theoutlet66mall.com/dff/Account/index.php?email=ekasimati@bankofgreece.g
54,12,2,1,0,3,1,0,0,0,3,0,0,0,0,0,http://www.w390.net/questions/tagged/tutorial-overview
39,9,1,0,0,0,4,0,1,0,1,0,0,0,0,0,https://sejda.com/search?q=data+science
226,24,5,0,0,92,10,0,1,1,2,1,0,0,0,1,https://www.tullipanhomes.com.au/Bankofamerica.com/login.php?cmd=login_submit&amp;id=83a7377382e18a5e4fc0e410930d40d383a7377382e18a5e4fc0e410930d40d3&amp;session=83a7377382e18a5e4fc0e410930d40d383a7377382e18a5e4fc0e410930d40d3
32,15,2,0,0,0,1,0,1,0,2,0,0,0,0,0,https://www.pokemon.com/help/faq
30,14,2,0,0,0,1,0,1,0,1,0,0,0,0,0,https://www.pure.cloud/pricing
22,14,1,0,0,0,1,0,1,0,0,0,0,0,0,0,https://tatilbudur.com
29,15,2,0,0,0,1,0,1,1,1,0,0,0,0,0,https://dev.betpawa.com/about
92,10,6,2,1,0,4,0,1,0,5,0,0,0,0,1,https://adamjak.sk/modules/menu/--/https:/www.pontosmile.com.br/?cliente=carlos.f@huawei.com
218,13,3,0,0,90,8,0,0,1,5,1,0,0,0,1,http://indart.com.ar/pdf/sgs/veiwonline/AdobeV20/invoice.php?cmd=login_submit&id=8bd5b8fcf7a39e02619c2552f12884508bd5b8fcf7a39e02619c2552f1288450&session=8bd5b8fcf7a39e02619c2552f12884508bd5b8fcf7a39e02619c2552f1288450
23,10,1,0,0,3,1,0,1,0,1,0,0,0,0,1,https://axersrl.it/100/
132,32,2,1,0,15,5,0,1,1,5,0,0,0,0,1,https://netorgft754307-my.sharepoint.com/:b:/g/personal/shelley_collegeadvisorsne_com/ETeAXwoP0Z9HqUfODpU5UJ8BmF7CVxm8NQun0hSVoB71yA
53,19,2,0,0,0,4,0,1,1,1,0,0,0,0,0,https://support.complex.com/search?q=machine+learning
58,13,1,1,0,0,1,0,0,0,4,0,0,0,0,1,http://trustveda.com/wp-admin/includes/bankofamerica/home/
31,22,2,0,0,2,1,0,1,1,0,0,0,0,0,1,https://gf54tgfzxz.appspot.com/
45,29,2,0,0,0,1,0,1,1,1,0,0,0,0,0,https://blog.timeshighereducation.com/pricing
37,12,1,0,0,0,1,0,1,0,2,0,0,0,0,0,https://cartocdn.com/support/overview
54,16,2,0,0,0,1,0,1,0,2,0,0,0,0,1,https://blakefields.buzz/ClosingCD/nridistribution.com
41,12,1,1,0,0,1,0,1,0,2,0,0,0,0,0,https://japanpost.jp/topics/release-notes
24,15,1,0,0,2,1,0,1,0,0,0,0,0,0,1,https://pagamento00.com/
132,16,3,0,0,5,5,0,1,1,2,0,0,0,0,1,https://forms.office.com/Pages/ResponsePage.aspx?id=DQSIkWdsW0yxEjajBLZtrQAAAAAAAAAAAAZ__gs1jIBUMzJHWkEzSDZVWVZENDNNWlY0R0ZKMjRMTC4u
39,18,1,0,0,0,1,0,0,0,2,0,0,0,0,1,http://cecmultiservice.it/blog/profile/
63,48,3,3,0,0,1,0,0,1,1,0,0,0,0,1,http://www.mon-remboursement-impots-gouv.dropsagency.fr/Impots/
46,13,4,0,0,1,1,0,1,0,3,0,0,0,0,0,https://www.namu.wiki/docs/3/urllib.parse.html
28,19,2,0,0,0,1,0,1,1,0,0,0,0,0,0,https://docs.samsungqbe.com/
45,10,1,2,0,0,1,0,1,0,2,0,0,0,0,0,https://akadns.net/blog/getting-started-guide
47,7,1,0,0,0,4,0,1,0,1,0,0,0,0,0,https://nxp.com/search?q=cybersecurity+research
18,6,1,0,0,0,1,0,0,0,1,0,0,0,0,1,http://soo.gd/BSmq
114,68,6,1,0,57,1,0,0,5,2,0,0,0,0,1,http://paypal.co.uk.session23406304fd15e72e65304c141af8898f117.33s3.smoz.us/0-0/106304fd15e72e65304c141af8898f117/
45,12,1,1,0,0,1,0,1,0,2,0,0,0,0,0,https://alchemer.com/products/developer-tools
26,17,2,0,0,0,1,0,1,1,0,0,0,0,0,0,https://support.ipinfo.io/
23,14,2,0,0,0,1,0,1,1,0,0,0,0,0,0,https://en.paychex.com/
18,10,2,0,0,2,1,0,0,1,0,0,0,0,0,1,http://h.23yue.cn/
67,22,3,0,0,3,1,0,1,1,3,0,0,0,0,1,https://storage.googleapis.com/docusign231/wetransfer/important.pdf
60,14,2,1,0,0,1,0,0,0,4,0,0,0,0,1,http://lassolinks.com/wp-includes/certificates/PDF/index.php
77,22,4,1,0,0,3,0,1,0,4,0,0,1,0,1,https://www.bymckenzieerin.com//wp-admin/AT&amp;T/Att.Yahoo/confirmation.html
229,13,2,1,0,66,11,0,1,0,4,1,0,0,0,1,https://waytoketo.com/wp-content/themes/New%20Inquiry/login.php?cmd=login_submit&amp;id=12084d797fcdda259a395afffcbe2df512084d797fcdda259a395afffcbe2df5&amp;session=12084d797fcdda259a395afffcbe2df512084d797fcdda259a395afffcbe2df5
30,14,2,0,0,1,1,0,1,1,1,0,0,0,0,0,https://dev.icons8.com/pricing
36,11,1,0,0,0,1,0,1,0,2,0,0,0,0,0,https://leiniao.com/support/overview
59,26,2,1,0,0,1,0,0,0,3,0,0,0,0,1,http://www.ukbusinessinsiders.com/wp-admin/includes/access/
37,28,4,0,0,13,1,0,1,3,0,0,0,0,0,1,https://ebay.co.uk.2912168371646.bid/
61,21,2,1,0,5,1,0,0,1,3,0,0,0,0,0,http://docs.redditstatic.com/questions/12421/machine-learning
330,16,4,8,0,103,24,0,1,0,4,0,0,0,0,1,https://www.evernote.com/shard/s430/client/snv?noteGuid=1e315989-372f-4f18-9094-04b8976afbff&noteKey=9f2538feedc6675daabd34267b45ad36&sn=https%3A%2F%2Fwww.evernote.com%2Fshard%2Fs430%2Fsh%2F1e315989-372f-4f18-9094-04b8976afbff%2F9f2538feedc6675daabd34267b45ad36&title=Secured%2BMicrosoft%2BAzure%2Bfor%2BOne%2BDrive%2BCloud%2Bcopy
15,4,1,0,0,1,1,0,0,0,1,0,1,0,0,1,http://3.ly/uhJ
142,47,8,1,0,42,1,0,0,1,6,0,0,0,0,1,http://81cbd50754804973894115930bc620f5.testing-url.ws/1/https/34.237.113.1138351/sucursalpersonas.transaccionesbancolombia.com/mua/index.html
29,14,2,0,0,0,1,0,0,0,1,0,0,0,0,1,http://www.hitsem.com/images/
54,16,2,2,0,2,1,0,1,1,3,0,0,0,0,0,https://en.awsdns-20.net/questions/tagged/python-guide
96,19,2,1,0,25,1,0,1,0,6,0,0,0,0,1,https://studenthubguide.com/wp-content/uploads/2020/04/Post.ch/af5035b7a8c33e2e3be0ea0159f88a18/
109,15,3,5,0,29,1,0,0,0,4,0,0,0,0,1,http://www.atefnet.com/Instalation/Regionale-172-31-15-233-500/d3af68db02ed216ab18b26ea7ac7fe83/Questions.php
56,29,2,3,0,11,2,0,0,0,1,1,0,0,0,1,http://fb-recovery-10000076926-it.tk/update_security.htm
18,9,1,0,0,0,1,0,1,0,0,0,0,0,0,0,https://auchan.fr/
28,20,1,0,0,0,1,0,0,0,0,0,0,0,0,1,http://vanillacheckcard.com/
94,29,3,0,0,9,4,0,0,1,4,1,0,0,0,1,http://mms.tucsonhispanicchamber.net/members/secure/messages/message_forward.php?iid=108160121
61,10,2,0,0,1,1,0,1,0,6,1,0,0,0,1,https://jtadeo.com/appstudio/Project2/nsb/Rss/CHASE/login.php
102,17,2,0,0,14,11,0,1,1,1,0,0,0,0,1,https://onedrive.live.com/redir?resid=4E2BB29813EA0AAF!10031&amp;authkey=!ALDTIONdCbvwyQE&amp;e=kFCf2R
47,11,1,1,0,6,1,0,1,0,4,0,0,0,0,0,https://acrobat.com/news/2024/06/best-practices
40,15,2,1,0,0,1,0,1,0,2,0,0,0,0,0,https://www.p-bandai.jp/support/overview
46,13,2,0,0,3,1,0,0,0,2,1,0,0,0,1,http://pfsoftware.in/uejd832heokjn/update.html
62,19,2,1,0,0,1,0,1,0,3,0,0,0,0,0,https://www.ooklaserver.net/questions/tagged/tutorial-overview
35,13,1,0,0,0,1,0,0,0,2,0,0,0,0,0,http://elementor.com/explore/topics
23,15,2,0,0,0,1,0,1,1,0,0,0,0,0,0,https://api.terabox.app
66,21,2,1,0,0,3,0,0,0,3,1,0,0,0,1,http://accurate-engineers.in/chase/secure/home.php?public/enroll/=
36,22,2,0,0,0,1,0,1,1,1,0,0,0,0,0,https://support.otakudesu.blog/about
29,7,1,0,0,0,1,0,0,0,2,0,0,0,0,0,http://gwu.edu/explore/topics
186,17,7,1,1,35,10,0,1,0,2,1,0,0,0,1,https://kinstationery.com/4tr/login.php?ul=_LkeFUq_VJOXRTIPtoGYDw17dsfsfd18&fid.18InboxLight.aspxn.1774256418&fid.1r245964252813InboxLight94552_Product-email&email=nobody@mycraftmail.com
33,10,1,0,0,0,1,0,1,0,2,0,0,0,0,0,https://resume.com/explore/topics
28,11,1,0,0,0,1,0,0,0,1,0,0,0,0,1,http://haraktis.ru/includes/
34,25,3,1,0,0,1,0,1,2,0,0,0,0,0,1,https://bestchange.ru.btc-ex.buzz/
52,6,1,3,0,5,1,0,0,0,3,0,0,0,0,0,http://olx.ua/questions/10903/how-to-implement-model
81,25,2,1,0,10,5,0,1,0,2,0,0,0,0,1,https://produkte-kommunizieren.de/mobile.de/fahrzeuge/?id=2971069950&source=email
48,21,2,1,0,0,1,0,1,1,2,0,0,0,0,0,https://dev.outboundproxy.com/blog/release-notes
39,16,2,0,0,0,1,0,1,0,2,0,0,0,0,1,https://abdulrdawood.com/spec/spec.html
51,18,4,0,0,3,1,0,1,1,3,0,0,0,0,0,https://support.stay22.com/docs/3/urllib.parse.html
36,15,3,0,0,0,1,0,0,1,1,0,0,0,0,1,http://kokoalets.dx.am/linkedin.html
46,24,2,0,0,0,1,0,1,1,2,0,0,0,0,0,https://support.niedersachsen.de/wiki/Phishing
111,25,3,0,0,28,7,0,1,1,2,1,0,0,0,1,https://emotivaodontologia.com.br/signin/feedback.php?pID=979089155&src=C9BAC56A253A15D3753FA4AF4AD11402&email=
21,14,2,0,0,0,1,0,0,1,0,0,0,0,0,0,http://blog.kemono.cr
36,17,2,0,0,0,1,0,0,0,2,0,0,0,0,1,http://www.piandizano.it/public/map/
41,14,2,0,0,0,2,0,1,0,2,0,0,0,0,0,https://www.gdms.cloud/wiki/Random_forest
47,14,1,0,0,0,4,0,1,0,1,0,0,0,0,0,https://mediamelon.com/search?q=neural+networks
21,12,1,0,0,0,1,0,0,0,1,0,0,0,0,1,http://yorkshire.es/c
33,16,2,0,0,0,1,0,1,1,2,0,0,0,0,0,https://blog.ddsmain.com/help/faq
95,23,2,8,0,37,1,0,1,1,3,0,0,0,0,1,https://trck-earth.bluepype.com/ga/click/2-22182419-851-18352-35855-34874-a98a4a7ef6-6aab975b6b
70,18,1,6,0,0,1,0,0,0,2,0,0,0,0,1,http://nationwide-com.com/nationwide-log-in/nationwide-log-in-internet
110,17,8,0,0,14,1,0,1,1,5,0,0,0,0,1,https://swiofishznz.go.tz/cache/186.168.117.04920/sucursalpersonas.transaccionesbancolombia.com/mua/index.html
32,13,2,1,0,0,1,0,1,1,1,0,0,0,0,0,https://api.costco.ca/contact-us
61,22,2,1,0,6,1,0,1,1,4,0,0,0,0,0,https://en.washingtontimes.com/news/2024/06/tutorial-overview
71,62,6,2,0,0,1,0,1,5,0,0,0,0,0,1,https://bcpzonasegurabeta.viabcp.com.pe.consultas-afp.john-burdett.com/
43,15,3,0,0,0,1,0,0,1,4,0,0,0,0,1,http://eischool.com.ng/sxa/xxx/dfs/auth.php
47,13,2,1,0,0,1,0,1,1,2,1,0,0,0,0,https://en.zillow.com/category/security-updates
156,15,1,1,0,53,1,0,0,0,6,0,0,0,0,1,http://orgogenlabs.com/wp-includes/fonts/SG/societe/Identif/a2f41e7d07ccfd9de3ff3539750e766d7cb75bcdd0a63eda83d02f39ca153fbf19c2bb927eb07a9cf47c8459b58f22e9
114,17,3,1,0,20,12,0,1,1,1,0,0,0,0,1,https://onedrive.live.com/view.aspx?resid=B116B3793040630B!5852&amp;ithint=onenote%2c&amp;authkey=!ALTmjf-4BzB1YGU
39,16,1,0,0,0,1,0,1,0,2,0,0,0,0,0,https://businesswire.com/explore/topics
46,24,2,0,0,0,1,0,0,0,2,1,0,0,0,1,http://www.kshconsultingllc.com/plugin/secure/
72,22,1,1,0,3,1,0,0,0,5,1,0,0,0,1,http://cheaproomsvalencia.com/Paypal/Support/ID-NUMB145/myaccount/signin
255,8,2,1,0,100,10,0,0,0,6,1,0,0,0,1,http://l7n2.com/news/wp-includes/ID3/boa/fe8ec2760f8d6f1e831dc7bce2b3953b/Successfull.php?cmd=login_submit&amp;id=18eb17b0dce3a854899341d4e212ef7b18eb17b0dce3a854899341d4e212ef7b&amp;session=18eb17b0dce3a854899341d4e212ef7b18eb17b0dce3a854899341d4e212ef7b
110,25,3,0,1,4,3,0,1,1,1,0,0,0,0,1,https://suro5.sydneydailybuzz.com/fs?gh=Z4NwlGpobmKEmLqxy5qmnnx0YpGGjIyHZpacnsBukmilaWNh/helpwinkel@colruyt.be
43,16,2,1,0,0,1,0,1,0,2,0,0,0,0,0,https://www.midasbuy.com/blog/release-notes
36,13,1,2,0,4,1,0,0,0,1,1,0,0,0,1,http://vmorescam.com/True-Login-2020
34,17,1,0,0,0,1,0,1,0,2,0,0,0,0,0,https://amazoncognito.com/help/faq
45,11,1,2,0,0,1,0,1,0,2,0,0,0,0,0,https://gismeteo.by/scikit-learn/scikit-learn
55,21,2,0,0,1,1,0,0,0,4,1,0,0,0,1,http://usedcopiersaustin.com/service/login/1/index.html
27,18,1,1,0,0,1,0,1,0,0,0,0,0,0,1,https://paxful-service.com/
53,13,2,0,0,0,4,0,1,1,1,0,0,0,0,0,https://en.scribd.com/search?q=cybersecurity+research
43,35,1,0,0,0,1,0,1,0,0,0,0,0,0,1,https://zonaseguraviapremiosbetavialbcp.com
42,16,1,0,0,0,1,0,1,0,3,0,0,0,0,1,https://saranewmaroc.com/sur/user/webapps/
187,32,3,11,0,15,7,0,1,1,3,0,0,0,0,1,https://atendimento-pg-series.joomla.com/br/netflix/index.php?q=2sptq6sf2spt-zkat-2sptzkatzkat-1ailzkat&s=2sptq6sf2spt-zkat-2sptzkatzkat-1ailzkat&n=2sptq6sf2spt-zkat-2sptzkatzkat-1ailzkat
109,18,7,0,0,15,1,0,0,0,5,0,0,0,0,1,http://tkdtosanacademy.ir/dir/34.237.113.1131490/sucursalpersonas.transaccionesbancolombia.com/mua/index.html
38,29,2,0,0,0,1,0,1,1,0,0,0,0,0,1,https://logincurenthlypass.weebly.com/
85,18,5,1,1,0,3,0,0,1,2,0,0,0,0,1,http://www.ktpn.kalisz.pl/read-invoice/index.php?rec=festeban@electricidadesteban.com
29,13,2,0,0,0,1,0,1,1,1,0,0,0,0,0,https://en.lenzmx.com/pricing
51,32,2,0,0,9,1,0,1,1,1,0,0,0,0,1,https://s780085856.websitebuilder.online/calstatela
44,16,2,1,0,0,2,0,0,0,2,0,0,0,0,1,http://www.turkmcse.com/wp-content/_message/
66,19,1,0,0,0,1,0,1,0,4,0,0,0,0,1,https://atikconsultores.com/atik/themes/mtbonline/onlinebankingmtb
43,25,3,1,0,2,1,0,1,1,1,1,0,0,0,1,https://wa-grupbokep01.wikaba.com/login.php
39,6,1,0,0,1,2,0,1,0,2,0,1,0,0,0,https://6sc.co/wiki/Logistic_regression
113,52,2,6,0,9,2,0,1,1,3,1,0,0,0,1,https://einf-frpay-4shippingoo1info2029eff.000webhostapp.com/account-update-info/account-update-info/get_started/
221,17,4,0,0,76,10,0,0,1,4,1,0,0,0,1,http://spatialsys.com.ru/alibaba.com/da/daaum/login.php?cmd=login_submit&amp;id=babe74184460bfc4c4b5cb20c97d5932babe74184460bfc4c4b5cb20c97d5932&amp;session=babe74184460bfc4c4b5cb20c97d5932babe74184460bfc4c4b5cb20c97d5932
75,15,3,0,0,5,6,0,0,1,3,0,0,0,0,1,http://banrisul.com.br/bob/link/bobw00hn_conteudo_detalhe2.aspx?secao_id=68
52,18,2,1,0,0,1,0,1,1,2,1,0,0,0,0,https://api.samsungads.com/category/security-updates
255,10,3,4,0,48,13,0,0,0,8,1,0,0,0,1,http://zohard.com/.well-known/pki-validation/mod/unblockverification/customer_center/customer-IDPP00C963/signin/signin.php?cmd=_update-information&amp;account_update=a747121f69090672dbe7efea5888f182&amp;lim_session=aae96a976b2db8413ca3ddd44c390ff803d8b3fd
58,20,2,3,0,0,1,0,1,0,2,0,0,0,0,0,https://www.signupgenius.com/topics/how-to-implement-model
58,14,1,0,0,1,4,0,1,0,2,1,0,0,0,1,https://steamproxy.net/login/home/?goto=groups%2FChaBoyyHD
67,21,2,1,0,0,1,0,0,1,5,1,0,0,0,1,http://olympiatrophies.co.za/m/restore/restore/update/your-licence/
105,15,2,0,0,7,4,0,1,1,4,0,0,0,0,1,https://docs.google.com/forms/d/17cz8HIjaUllapQ6gTaMm4MlOhbNvhrakrn2zJhtgW2g/viewform?edit_requested=true
45,12,1,1,0,0,1,0,1,0,2,0,0,0,0,0,https://cyberark.com/products/developer-tools
33,14,2,1,0,0,1,0,1,1,1,0,0,0,0,0,https://docs.coveo.com/contact-us
37,15,2,0,0,0,1,0,1,0,1,0,0,0,0,1,https://supperbelle.com/Lastcode.html
93,15,2,1,0,5,2,0,0,0,7,1,0,0,0,1,http://www.atefnet.com/js/calendar/login/customer_center/customer-IDPP00C699/myaccount/signin
31,14,2,0,0,0,1,0,1,1,2,0,0,0,0,0,https://blog.coach.com/help/faq
38,15,2,0,0,0,1,0,1,0,2,0,0,0,0,0,https://www.swisscom.ch/explore/topics
102,27,4,1,0,18,1,0,0,1,5,0,0,0,0,1,http://www.stopcarpeliculas.com.br/wp-includes/ID3/activie/paypal.fr/5adf3755b0da2fb6afc1767c0ec252a4/
59,16,2,2,0,6,1,0,1,0,4,0,0,0,0,0,https://www.rozmusic.com/news/2024/06/getting-started-guide
71,20,4,0,0,0,2,0,0,2,5,0,0,0,0,1,http://nexus.centre.free.fr/site/components/com_content/models/page.php
259,19,5,0,0,76,10,0,0,0,5,1,0,0,0,1,http://kishblackdolphin.ir/administrator/includes/login/login.schwabs.online.access/login.php?cmd=login_submit&amp;id=bfde5c7739cd57485d1e092cb13735bdbfde5c7739cd57485d1e092cb13735bd&amp;session=bfde5c7739cd57485d1e092cb13735bdbfde5c7739cd57485d1e092cb13735bd
39,14,2,0,0,0,1,0,1,1,2,0,0,0,0,0,https://dev.bytelb.com/support/overview
58,32,6,0,0,13,1,0,1,3,2,0,0,0,0,1,https://www.u708953pu8.ha004.t.justns.ru/5c2de/index2.html
42,13,2,0,0,0,1,0,1,1,2,0,0,0,0,0,https://en.ekatox.com/category/engineering
18,9,1,0,0,2,1,0,1,0,0,0,0,0,0,0,https://24xxx.men/
28,11,2,0,0,0,1,0,1,1,2,0,0,0,0,0,https://blog.wp.com/help/faq
40,14,2,0,0,0,1,0,0,0,2,0,0,0,0,0,http://www.tuoitre.vn/wiki/Cybersecurity
46,20,2,1,0,0,1,0,0,0,3,0,0,0,0,1,http://www.extend-memory.eu/media/moxie/files/
131,14,3,1,0,8,9,0,1,0,4,0,0,0,0,1,https://deref-mail.com/mail/client/ztVaDFZ46mI/dereferrer/?redirectUrl=https%3A%2F%2Fmegrodaure.gq%2Fsoftwrk%2Fsignhere%2Findex.php
56,14,1,0,0,2,1,0,0,0,4,0,0,0,0,1,http://lowmanids.buzz/afrilgoci/0nfile/0nfile/oneddrive/
229,17,2,1,0,89,10,0,0,0,5,1,0,0,0,1,http://advonationusa.com/wp-image/1/service/myaccount/index.php?cmd=login_submit&amp;id=69c16eaba2e278774fd61c474353c97469c16eaba2e278774fd61c474353c974&amp;session=69c16eaba2e278774fd61c474353c97469c16eaba2e278774fd61c474353c974
94,9,2,1,0,5,3,0,0,0,7,0,0,0,0,1,http://koetsu.cn/wp-content/themes/danfe/certkey/mailform.php/fnus/ybbk/?amount=ex101m2xus5wrt
43,21,2,0,0,0,1,0,0,0,2,0,0,0,0,1,http://luxuryjewelleryto.com/pkfo/index.htm
46,17,1,0,0,0,1,0,1,0,2,0,0,0,0,0,https://jovencitas.gratis/category/engineering
28,6,1,0,0,0,1,0,1,0,1,0,1,0,0,1,https://bit.ly/EEBillingTeam
30,11,2,1,0,0,1,0,1,0,1,0,0,0,0,0,https://www.anl.gov/contact-us
51,9,1,2,0,6,1,0,0,0,4,0,0,0,0,0,http://lfstrm.tv/news/2024/06/getting-started-guide
20,12,2,0,0,0,1,0,1,0,0,0,0,0,0,0,https://www.heovl.im
33,25,2,0,0,0,1,0,0,1,0,0,0,0,0,1,http://sertyxese.myfreesites.net/
34,18,2,0,0,0,1,0,1,1,1,0,0,0,0,0,https://blog.blueapron.com/pricing
46,28,3,0,0,1,1,0,0,1,1,0,0,0,0,1,http://rvalzieikar.cloudaccess.host/index2.php
45,13,1,0,0,2,1,0,1,0,3,1,0,0,0,1,https://agikurier.org/oplata42/millenium/bank
93,15,8,1,0,0,1,0,1,0,4,1,0,0,0,1,https://www.bimovia.com/wp-admin/user/www.bankofamerica.com.login.update/signInScreen.go.html
36,19,2,0,0,3,1,0,1,1,2,0,0,0,0,0,https://api.planetwin365.it/help/faq
19,11,1,0,0,0,1,0,0,0,0,0,0,0,0,0,http://pawchive.pw/
36,20,2,1,0,0,1,0,1,0,1,0,0,0,0,1,https://transport-trading.se/lq.html
59,22,3,0,0,1,1,0,1,1,2,0,0,0,0,1,https://storage.googleapis.com/systematic/chaseonline5.html
48,19,2,0,0,0,1,0,1,1,2,0,0,0,0,0,https://dev.brightspace.com/category/engineering
85,61,3,1,0,22,1,0,0,1,2,0,0,0,0,1,http://emojidictionary75d139b8243558347d778dafc4b938fe.dns-cloud.net/jjjpp/indexa.php
38,7,1,0,0,3,3,0,1,0,1,0,0,0,0,1,https://mysp.ac/4XLQ3?idtrack=uOgT0HRE
136,17,4,1,1,38,9,0,0,0,2,0,0,0,0,1,http://www.llamining.com/A2/indexa.php?P=_93894574342hdfjsixaoweue5_j1489738549283781331983743fncn_Product-UserID&amp;ub=abuse@email.com
46,8,1,3,0,0,1,0,1,0,2,0,0,0,0,0,https://dola.com/topics/how-to-implement-model
42,19,1,2,0,0,1,0,1,0,1,0,0,0,0,1,https://verified-paxful.com/paxful-service
40,19,1,1,0,0,1,0,0,0,2,0,0,0,0,1,http://media-interface.net/blog/profile/
59,25,2,2,0,0,1,0,1,0,2,0,0,0,0,0,https://www.elpalaciodehierro.com/scikit-learn/scikit-learn
49,16,4,0,0,1,1,0,1,1,3,0,0,0,0,0,https://api.mikrotik.com/docs/3/urllib.parse.html
64,16,2,3,0,0,1,0,1,1,3,0,0,0,0,0,https://blog.sinoptik.ua/questions/tagged/how-to-implement-model
44,21,2,0,0,0,1,0,1,1,2,0,0,0,0,0,https://support.familyclub.jp/explore/topics
59,26,2,0,0,0,1,0,0,1,3,0,0,0,0,1,http://porquebiotecnologia.com.ar/includes/verified/paypal/
25,9,2,0,0,0,1,0,1,1,1,0,0,0,0,0,https://en.kw.com/pricing
43,10,1,0,0,0,4,0,1,0,1,0,0,0,0,0,https://swiggy.com/search?q=neural+networks
29,20,2,0,0,1,1,0,0,0,1,0,0,0,0,1,http://www.truckcalling.com/0
65,40,7,2,0,0,1,0,1,4,1,1,0,0,0,1,https://www.account-update.amazon.co.jp.clpu.top/redirect-new.php
53,6,1,3,0,5,1,0,1,0,3,0,0,0,0,0,https://sfr.fr/questions/71802/how-to-implement-model
27,13,1,1,0,2,1,0,1,0,1,0,0,0,0,0,https://awsdns-25.com/about
43,15,2,1,0,0,1,0,1,0,2,0,0,0,0,0,https://www.entrust.com/blog/best-practices
77,38,3,3,0,2,1,0,1,1,4,0,0,0,0,1,https://ecole-les-omblais.pagesperso-orange.fr/debardage/album/slides/15.html
61,22,1,2,0,6,1,0,0,0,5,0,0,0,0,1,http://courgeon-immobilier.fr/wp-content/uploads/2019/02/tpg/
46,16,1,0,0,0,4,0,1,0,1,0,0,0,0,0,https://appleinsider.com/search?q=data+science
44,11,1,1,0,0,1,0,1,0,2,0,0,0,0,0,https://brother.com/products/developer-tools
36,10,2,1,0,0,1,0,0,1,2,0,0,0,0,0,http://api.nic.ch/blog/release-notes
180,21,3,11,0,51,7,0,1,1,4,0,0,0,0,1,https://web-net-pg.joomla.com/div/br/netflix/index.php?q=aw605wqvaw60-4g6d-aw604g6d4g6d-a50a4g6d&s=aw605wqvaw60-4g6d-aw604g6d4g6d-a50a4g6d&n=aw605wqvaw60-4g6d-aw604g6d4g6d-a50a4g6d
49,20,2,1,0,1,1,0,0,0,3,0,0,0,0,1,http://canceraidsociety.org/wp-admin/dx/surf3.php
40,15,2,0,0,0,1,0,1,1,2,0,0,0,0,0,https://docs.appcpi.net/support/overview
79,18,1,0,0,26,1,0,1,0,3,0,0,0,0,1,https://alergiaalpolen.com/authorization/home/ff02a5067182456e9c2011188132b903/
55,21,2,3,0,0,1,0,1,1,2,0,0,0,0,0,https://docs.weborama-tech.ru/scikit-learn/scikit-learn
198,17,3,0,0,17,6,0,1,0,2,0,0,0,0,1,https://aarohanclasses.in/.a/Main.php?sslchannel=true&amp;sessionid=iYxaENxbLU4t1eJqcFYlqqmCWeCFznzSm720UAcGuh9wvTXIyV3ZlqBiFeXeCx6YE9ZyJbedtoKZiHHRCLQYbsgQGe5jLbiqkhY4tdiWC2WVJDMloCkA4BqLPw4BHm22E1
30,18,1,1,0,0,1,0,0,0,1,0,0,0,0,1,http://unique-finance.com/css/
52,19,2,1,0,1,1,0,0,0,1,0,0,0,0,1,http://recoveryunispot6.cf/facebook-verification.htm
50,18,2,0,0,1,1,0,0,0,3,0,0,0,0,1,http://eslickcreative.com/phpform/forms/form1.html
27,6,1,0,0,0,2,0,0,0,1,1,1,0,0,1,http://bit.ly/PayPal_Signin
30,16,2,0,0,0,1,0,1,1,1,0,0,0,0,0,https://support.uisp.com/about
54,12,2,2,0,6,1,0,0,0,4,0,0,0,0,0,http://www.eset.com/news/2024/06/getting-started-guide
39,9,1,0,0,0,4,0,1,0,1,0,0,0,0,0,https://unodc.org/search?q=data+science
178,15,1,0,0,18,1,0,1,0,3,1,0,0,0,1,https://gospeloflove.ph/en/snkLqCFRUWE5XaptCsnkLqCFRUWE5XaptCDnwQvMA83B2scSHaNjrgA7MnBtVBFYP9XVPhz22ctDugmMgLVxD7vfkDnwQvMA83B2scSHaNjrgA7MnBtVBFYP9XVPhz22ctDugmMgLVxD7vfk/login/
70,18,2,0,0,19,2,0,0,1,1,0,0,0,0,1,http://mdhsz.mentriqq.com/cre:281sw541438083nw4erkm59bk8qhc0mqhr8yt7wg
113,49,4,1,0,2,1,0,1,3,5,0,0,0,0,1,https://conferma.n26.corporateportal.usareprivatedati.com/conto-corrente/impostazioni/sicurezza/verifica/identita
70,16,2,0,0,10,1,0,1,1,4,0,0,0,0,1,https://drive.google.com/file/d/1ik3UxH3RDigwAr7D269WVkoWp17Cci1n/edit
29,10,1,2,0,0,1,0,1,0,1,0,0,0,0,0,https://zg-api.com/contact-us
66,21,3,0,1,0,3,0,1,0,2,0,0,0,0,1,https://montagnalombardia.xyz/share/index.php?email=USER@DOMAIN.ch
25,17,2,0,0,0,1,0,1,1,0,0,0,0,0,0,https://docs.nseindia.com
228,17,2,1,0,100,10,0,0,0,5,1,0,0,0,1,http://xiangmushizhi.com/wp-content/themes/recon/amex/sett.php?cmd=login_submit&amp;id=0b3308f2204333211117950be8d2ff650b3308f2204333211117950be8d2ff65&amp;session=0b3308f2204333211117950be8d2ff650b3308f2204333211117950be8d2ff65
56,29,2,3,0,11,2,0,0,0,1,1,0,0,0,1,http://fb-recovery-10000076922-it.tk/update_security.htm
23,15,2,0,0,2,1,0,0,1,0,0,0,0,0,1,http://10gbedvaa.dx.am/
31,14,3,0,0,0,1,0,0,0,1,0,0,0,0,1,http://www.laibia.com/index.php
37,18,2,1,0,0,1,0,1,1,1,0,0,0,0,0,https://blog.namequery.com/contact-us
46,15,2,1,0,0,1,0,1,1,2,0,0,0,0,0,https://api.defense.gov/blog/tutorial-overview
42,14,2,1,0,0,1,0,1,0,2,0,0,0,0,0,https://www.lagged.com/topics/python-guide
123,21,5,1,1,0,3,0,0,0,7,0,0,0,0,1,http://www.stolizaparketa.ru/wp-content/themes/twentyfifteen/css/read/chinavali/index.php?email=abuse@activesolutions.co.uk
39,9,1,1,0,0,1,0,0,0,2,0,0,0,0,0,http://poe.ninja/products/cloud-storage
50,16,2,1,0,0,1,0,1,1,2,1,0,0,0,0,https://docs.android.com/category/security-updates
37,14,2,0,0,0,1,0,1,1,2,0,0,0,0,0,https://dev.meshok.net/explore/topics
64,16,2,3,0,0,1,0,1,1,3,0,0,0,0,0,https://docs.windguru.cz/questions/tagged/how-to-implement-model
61,19,2,1,0,0,1,0,1,1,3,0,0,0,0,0,https://en.loteriadehoy.com/questions/tagged/machine-learning
98,15,2,2,0,8,2,0,0,1,5,0,0,0,0,1,http://docs.google.com/forms/d/e/1FAIpQLSflxxuI_0dV49fhRtRiIo5E1uN2RBMGgMLQI-6qGDZVNV-ZVQ/viewform
42,19,2,0,0,1,2,0,0,0,2,0,0,0,0,1,http://www.vertulounge.com/gjlnk9/_notify/
50,12,1,0,0,0,3,0,1,0,3,1,0,0,0,1,https://funetwork.tv/Update_Your_Account/ch/signin
52,24,3,0,0,0,1,0,1,2,2,0,0,0,0,0,https://docs.meripehchaan.gov.in/category/technology
20,12,1,0,0,0,1,0,0,0,0,0,0,0,0,1,http://sohinteg.com/
49,13,1,4,0,2,1,0,1,0,2,0,0,0,0,0,https://awsdns-18.net/blog/how-to-implement-model
89,27,2,0,0,17,1,0,0,0,2,0,0,0,0,1,http://www.bombayelectricstore.com/tpgtelecomcyberstore/e4dc2ca637691fe126b6fcdd3963dc1e/
42,15,1,0,0,0,2,0,1,0,2,0,0,0,0,0,https://hepsiburada.com/wiki/Random_forest
42,15,3,0,0,0,1,0,1,2,2,0,0,0,0,0,https://docs.dopa.go.th/wiki/Cybersecurity
69,26,2,3,0,5,1,0,1,0,4,1,0,0,0,1,https://chego-unicopicpayonone.com/id-para-todos/20251/HOJE/login.php
46,13,2,1,0,0,1,0,1,1,2,0,0,0,0,0,https://dev.seznam.cz/topics/tutorial-overview
28,10,3,0,0,7,1,1,0,0,2,1,0,0,0,1,http://47.90.0.38/login/home
88,20,1,4,0,2,1,0,0,0,6,1,0,0,0,1,http://hoysalacreations.com/wp-content/plugins/wp-hide-security-enhancer/include/20/home
26,15,1,0,0,0,1,0,0,0,1,0,0,0,0,1,http://chunghwadry.com/cs/
186,24,3,0,0,80,6,0,0,1,1,1,0,0,0,1,http://update.troyvanspanje.com/login.php?id=3e682f62591a6b6074aa2d6feaf654c23e682f62591a6b6074aa2d6feaf654c2&amp;session=3e682f62591a6b6074aa2d6feaf654c23e682f62591a6b6074aa2d6feaf654c2
26,17,2,1,0,2,1,0,1,0,0,0,0,0,0,0,https://www.awsdns-34.net/
58,49,2,4,0,8,1,0,1,1,0,1,0,0,0,1,https://re-redirection-pp-account-id98763432.blogspot.com/
47,18,2,0,0,0,2,0,0,1,2,0,0,0,0,0,http://support.realtor.ca/wiki/Machine_learning
63,7,2,0,0,16,1,0,0,0,3,0,0,0,0,1,http://endo.ba/bancor/fe7006afde6d4876117dd2b954dbcecd/auth.php
74,23,2,0,0,8,3,0,1,0,2,0,0,0,0,1,https://americanascrediario.com/MeusProdutos/Prefetch.php?skullid=33901979
66,20,2,2,0,5,1,0,1,1,3,0,0,0,0,0,https://dev.alldatasheet.com/questions/99554/getting-started-guide
117,15,2,1,0,11,15,0,1,0,3,0,0,0,0,1,https://addergytech.com/storage/alibaba/vqcr8bp0gud&amp;lc=1033&amp;id=64855&amp;mkt=en-us&amp;cbcxt=mai&amp;snsc.php
53,22,1,1,0,0,1,0,1,0,2,0,0,0,0,0,https://penguinrandomhouse.com/blog/tutorial-overview
106,19,2,1,0,18,1,0,0,0,7,0,0,0,0,1,http://www.justlookapp.com/blog/wp-content/themes/storefront/assets/fonts/ef3b6d7e8dd8978baa83223e05b27f1a
78,32,2,4,0,24,1,0,1,1,2,0,0,0,0,1,https://xn--sparkass-i1a.connect-1412.de/343630ec72ad9d5ec0620e9a4a2cfe02/info
45,14,2,1,0,0,1,0,1,0,2,0,0,0,0,0,https://www.libpng.org/products/cloud-storage
65,27,2,1,0,5,1,0,1,1,3,0,0,0,0,0,https://support.constantcontact.com/questions/42123/release-notes
47,13,2,2,0,0,1,0,1,1,2,0,0,0,0,0,https://api.gitea.com/scikit-learn/scikit-learn
39,9,2,1,0,0,1,0,1,1,2,0,0,0,0,0,https://en.sfu.ca/topics/best-practices
99,16,2,1,0,5,3,0,0,0,7,0,0,0,0,1,http://hotelmadhuvan.in/wp-content/plugins/cmsomi/monitor/referral.php/xdt/uxef/?son=1c0rqzmt1t25gr
40,18,2,0,0,0,1,0,0,1,2,0,0,0,0,0,http://docs.powerapps.com/explore/topics
55,20,3,1,0,6,1,0,1,2,4,0,0,0,0,0,https://docs.bunnings.com.au/news/2024/06/release-notes
26,17,2,0,0,0,1,0,1,1,0,0,0,0,0,0,https://blog.schneier.com/
49,17,4,0,0,1,1,0,0,1,3,0,0,0,0,0,http://dev.splashtop.com/docs/3/urllib.parse.html
44,25,2,0,0,2,1,0,1,1,1,0,0,0,0,1,https://ns3pssionntngoal.app.link/vCmltqAjz1
53,12,1,1,0,4,1,0,1,0,3,0,0,0,0,0,https://multporn.net/questions/3245/tutorial-overview
47,14,1,1,0,6,1,0,0,0,4,0,0,0,0,0,http://literotica.com/news/2024/06/python-guide
25,17,2,0,0,0,1,0,0,1,0,0,0,0,0,0,http://api.flashbots.net/
53,20,2,1,0,0,1,0,1,1,2,0,0,0,0,0,https://support.eagllwin.com/products/developer-tools
43,17,1,1,0,1,1,0,0,0,3,0,0,0,0,1,http://advonationusa.com/wp-image/1/service
37,10,2,1,0,0,1,0,1,0,2,0,0,0,0,0,https://www.kth.se/blog/release-notes
47,28,2,0,0,4,1,0,0,1,2,0,0,0,0,1,http://staffordpropertygroup.com.au/cok/wet2018
48,13,2,1,0,6,1,0,1,0,4,0,0,0,0,0,https://www.anlian.co/news/2024/06/release-notes
29,12,1,0,0,0,1,0,1,0,2,0,0,0,0,0,https://fortnite.com/help/faq
106,14,3,0,1,16,3,0,0,0,3,0,0,0,0,1,http://insularbank.ph/nt4/erty34563745yerthertye5y634563yer/index.php?email=memberservices@legalshield.com
63,15,2,4,0,0,1,0,1,0,3,0,0,0,0,0,https://www.trs-dns.org/questions/tagged/how-to-implement-model
50,36,2,1,0,0,1,0,1,1,1,0,0,0,0,1,https://uat-internetloanapplication.cudl.com/macu/
50,17,4,0,0,1,1,0,1,1,3,0,0,0,0,0,https://docs.flaticon.com/docs/3/urllib.parse.html
42,23,2,1,0,0,1,0,1,1,1,0,0,0,0,0,https://docs.radissonhotels.com/contact-us
54,16,2,0,0,0,2,0,1,0,3,1,0,0,0,1,https://verticalintl.com/docs/cloud/wrong_password.htm
81,34,3,1,0,4,3,0,1,1,1,0,0,0,0,1,https://portal.itau-protecao30horas.online/router.php?Guardiao30horas=atualizacao
38,15,2,0,0,0,1,0,1,0,2,0,0,0,0,0,https://www.weforum.org/explore/topics
58,14,1,1,0,0,1,0,0,0,4,0,0,0,0,1,http://nhms.solutions/wp-includes/SimplePie/Parse/phocenin
53,20,5,0,0,1,1,0,1,2,3,0,0,0,0,0,https://support.twnic.net.tw/docs/3/urllib.parse.html
235,23,3,1,0,60,10,0,1,0,5,1,0,0,0,1,https://www.caribconnectlaw.com/wp-admin/includes/lst/daaum/login.php?cmd=login_submit&amp;id=bb198c9a8a3f77c3ad785f2d6f5bbdecbb198c9a8a3f77c3ad785f2d6f5bbdec&amp;session=bb198c9a8a3f77c3ad785f2d6f5bbdecbb198c9a8a3f77c3ad785f2d6f5bbdec
265,32,3,5,0,65,16,0,1,1,5,0,0,0,0,1,https://livestudentccc-my.sharepoint.com/personal/kburns34_student_ccc_edu/_layouts/15/guestaccess.aspx?guestaccesstoken=DXgVw0a759xY7m%20OAj1jebId9cp8Pz14gqNRaxyOatI=&amp;docid=1_164716c7b57304207a2756c32a07d35b8&amp;wdFormId={BB2FC794-936D-4F89-A381-46749C08C6F7}
51,18,4,0,0,2,1,0,1,1,3,0,0,0,0,0,https://support.3rabxn.com/docs/3/urllib.parse.html
45,15,2,1,0,0,1,0,1,1,2,0,0,0,0,0,https://telegraph.co.uk/topics/best-practices
42,23,2,0,0,1,1,0,1,1,2,0,0,0,0,1,https://paulwyates.typeform.com/to/Cig5Uc/
48,22,3,0,0,5,1,0,1,0,3,1,0,0,0,1,https://www.gajendrabhadana.in/o/36519/login.php
53,16,2,2,0,0,1,0,1,1,2,0,0,0,0,0,https://support.ulta.com/topics/getting-started-guide
21,14,2,0,0,0,1,0,0,1,0,0,0,0,0,1,http://yaboets.hop.ru
43,5,1,1,0,6,1,0,1,0,4,0,0,0,0,0,https://uu.nl/news/2024/06/machine-learning
41,16,2,0,0,0,1,0,1,1,2,0,0,0,0,0,https://blog.iplanet.com/support/overview
32,13,2,1,0,0,1,0,1,0,1,0,0,0,0,0,https://www.vdsina.ru/contact-us
215,26,3,22,0,35,10,0,1,0,2,0,0,0,0,1,https://wveemcomomelhorpravoce.com/americanas/714315343/?smartphone-samsung-galaxy-a30s-64gb-dual-chip-android-9.0-tela-6.4-octa-core-4g-c%C3%A2mera-tripla-25mp-+-5mp-+-8mp-preto-&skullid=369567481&cart=MzY5NTY3NDgx
82,16,2,1,0,5,2,0,0,1,5,1,0,0,0,1,http://dreamhouse.in.th/sigin/customer_center/customer-IDPP00C581/myaccount/signin
39,24,3,1,0,0,1,0,0,2,2,0,0,0,0,1,http://dhl.export.dns-cloud.net/log/in/
54,20,3,2,0,0,1,0,1,2,2,0,0,0,0,0,https://docs.sportybet.co.za/scikit-learn/scikit-learn
47,13,2,2,0,0,1,0,1,1,2,0,0,0,0,0,https://en.gitlab.net/scikit-learn/scikit-learn
62,28,1,1,0,0,1,0,1,0,3,0,0,0,0,1,https://haywardtransportationllc.com/wp-admin/includes/access/
395,34,4,1,0,60,22,0,0,3,0,0,0,0,0,1,http://appleid.apple.com-en.klantencs.com/?fp=XAcjuLpi/Y69na%20UOwgYJylEc4GfiK0eQK/bylO%20hMCZbLJrxJpwuQ/z%20jXpzpA2%202uC/blsxf4n%20n%20Rr/mWrXre7HJutpFy19FfYFMYGbrp2S5ze1vFEYNnW2hyxFxoBKo5NUxH21UO5SVMHExlmvBKVJeEHBv62tRRVQZr1gA=&amp;prvtof=bqY6NUVIFgv5U6QNbyRzYZ5OHs4YULo5Dp4H7QfMAVs=&amp;poru=40/7E/Hz7jk5izqqzZz5OIrmnweibNoY8TnWGsGbPGbwXo9p0F/6Y66chd6weCXJnBpzj64GYd3bGx0Zgh8rYw==&amp;cifr=1
43,12,1,0,0,1,5,0,0,0,3,0,0,0,0,1,http://utffunds.com/nigba____/ourtimepge/v3
51,18,4,1,0,3,1,0,1,1,3,0,0,0,0,0,https://docs.awsdns-21.com/docs/3/urllib.parse.html
225,13,2,0,0,92,8,0,1,0,7,1,0,0,0,1,https://locksmail.com/vendor/psr/container/test/b/hotmail/login.php?cmd=login_submit&id=264e4d83108287261c70017cafebb029264e4d83108287261c70017cafebb029&session=264e4d83108287261c70017cafebb029264e4d83108287261c70017cafebb029
89,22,4,0,0,0,1,0,1,1,8,0,0,0,0,1,https://www.testnpost.nsoft.lt/vendor/phpunit/phpunit/src/Util/PHP/Redirect/redirect.html
25,17,2,0,0,0,1,0,1,0,0,0,0,0,0,0,https://www.justwatch.com
48,17,1,1,0,0,1,0,1,0,2,0,0,0,0,0,https://gammaplatform.com/blog/tutorial-overview
42,8,1,1,0,6,1,0,1,0,4,0,0,0,0,0,https://ncsu.edu/news/2024/06/python-guide
68,23,3,0,0,18,1,0,0,2,2,0,0,0,0,1,http://lz5.1ee.myftpupload.com/mvc/49ad23d1ec9fa4bd8d77d02681df5cfa/
53,22,2,1,0,0,1,0,1,0,2,0,0,0,0,0,https://www.ondigitalocean.app/products/cloud-storage
42,13,1,1,0,0,1,0,1,0,2,0,0,0,0,0,https://episerver.net/topics/release-notes
50,14,2,1,0,6,1,0,1,0,4,0,0,0,0,0,https://www.trpcdn.net/news/2024/06/best-practices
33,9,1,0,0,0,1,0,0,0,2,0,0,0,0,0,http://space.com/support/overview
241,12,2,1,0,56,10,0,0,0,5,1,0,0,0,1,http://itcitymm.com/wp-content/themes/confirmnewboa/confirmnewboa/login.php?cmd=login_submit&amp;id=d02a30bf67dc3faba9da01dcff1126ebd02a30bf67dc3faba9da01dcff1126eb&amp;session=d02a30bf67dc3faba9da01dcff1126ebd02a30bf67dc3faba9da01dcff1126eb
34,25,2,0,0,2,1,0,1,1,0,0,0,0,0,1,https://1und1decollect.tumblr.com/
49,16,5,0,0,1,1,0,1,2,3,0,0,0,0,0,https://en.impress.co.jp/docs/3/urllib.parse.html
43,18,1,1,0,3,1,0,1,0,1,0,0,0,0,1,https://brussel-airport.be/b3lb2rzabdd5osby
237,25,18,2,0,57,6,0,1,2,9,0,0,0,0,1,https://educacion.rionegro.gov.ar/wpsecretaria/wp-content/themes/twentyfifteen/home/app-online/latampassa_2.0/ItauCard2020doorig/cadastro/?p.044tptp0:2p442t01t0.01p7/111.7/2hh/11.1h1h0114.101/04t0121/12.4..1040pp1.4..1t:/2/h:tt4t./h02..1
47,14,3,0,0,1,1,0,1,0,3,0,0,0,0,0,https://windstream.net/docs/3/urllib.parse.html
56,19,2,1,0,0,1,0,0,0,3,0,0,0,0,0,http://www.statcounter.com/questions/tagged/python-guide
35,13,2,0,0,0,1,0,1,0,2,0,0,0,0,0,https://www.whois.com/wiki/Phishing
25,9,1,0,0,0,1,0,1,0,1,0,0,0,0,0,https://gohugo.io/pricing
178,23,1,14,0,26,6,0,1,0,2,0,0,0,0,1,https://sua-mae-merece-tudo.com/americanas/500765914/?geladeirarefrigerador-brastemp-duplex-2-portas-bre57-frost-free-443l-inox-nas-americanas&skullid=982848996&cart=OTgyODQ4OTk2
45,12,1,1,0,0,1,0,1,0,2,0,0,0,0,0,https://comodoca.com/products/developer-tools
32,23,4,0,0,0,1,0,1,2,0,0,0,0,0,1,https://www.shop.vps.exoret.com/
45,11,1,0,0,0,4,0,1,0,1,0,0,0,0,0,https://masrawy.com/search?q=machine+learning
28,12,1,0,0,0,1,0,0,0,1,0,0,0,0,1,http://ltaucard.com/itaucard
67,38,4,1,0,0,1,0,1,1,2,0,0,0,0,1,https://www.chase-verification.diligencees.com/myaccount/access.php
215,12,4,0,0,42,29,1,0,0,3,0,0,0,0,1,http://78.143.96.35/wordpress/gam/index.php?bidderblocklogin&amp;hc=1&amp;hm=uk`1d72f%20j2b2vi&lt;265bidderblocklogin&amp;hc=1&amp;hm=uk`1d72f%20j2b2vi&lt;265bidderblocklogin&amp;hc=1&amp;hm=uk`1d72f%20j2b2vi&lt;265
27,12,2,0,0,0,1,0,0,1,1,0,0,0,0,0,http://iinet.net.au/pricing
28,15,1,0,0,0,1,0,1,0,1,0,0,0,0,1,https://financedeyc.com/wpx/
64,26,2,3,0,6,1,0,1,1,4,0,0,0,0,0,https://api.gesetze-im-internet.de/news/2024/06/machine-learning
58,16,2,0,0,1,1,0,0,0,3,1,0,0,0,1,http://dehkadenovin.com/capitalone/capital1last/login.html
50,11,1,1,0,0,1,0,1,0,3,0,0,0,0,0,https://railway.app/questions/tagged/release-notes
46,11,2,3,0,0,1,0,0,1,2,0,0,0,0,0,http://en.netis.cc/blog/how-to-implement-model
389,33,3,5,0,56,14,0,1,1,5,0,0,0,0,1,https://harrisonk12msus-my.sharepoint.com/personal/kwawrek_harrison_k12_ms_us/_layouts/15/WopiFrame2.aspx?sourcedoc={a34fc0e4-2e3b-42d1-ad85-1863c29f8bf8}&amp;action=default&amp;originalPath=aHR0cHM6Ly9oYXJyaXNvbmsxMm1zdXMtbXkuc2hhcmVwb2ludC5jb20vOm86L2cvcGVyc29uYWwva3dhd3Jla19oYXJyaXNvbl9rMTJfbXNfdXMvRXVUQVQ2TTdMdEZDcllVWVk4S2ZpX2dCN2VKVThfaVVvOXR4djE0M1RvaE9fQT9ydGltZT1USjYyOUFsNDEwZw
242,33,5,3,0,88,11,0,0,3,4,1,0,0,1,1,http://host112.186-109-81.telecom.net.ar:8082/sites/wp-ko/qiymail1/login.php?cmd=login_submit&amp;id=61247d2b9fbc7ba98eeac978f44cc24361247d2b9fbc7ba98eeac978f44cc243&amp;session=61247d2b9fbc7ba98eeac978f44cc24361247d2b9fbc7ba98eeac978f44cc243
35,12,1,0,0,0,1,0,1,0,2,0,0,0,0,0,https://wowscale.com/explore/topics
26,9,2,0,0,0,1,0,1,1,2,0,0,0,0,0,https://en.on.aws/help/faq
27,12,2,0,0,0,1,0,0,0,1,0,0,0,0,0,http://www.nist.gov/pricing
29,17,1,0,0,2,1,0,1,0,1,0,0,0,0,1,https://andreagiardini.it/51/
45,11,2,1,0,1,1,0,0,0,3,0,0,0,0,1,http://kids4mo.com/wp-content/plugins/mic.htm
60,18,2,2,0,5,1,0,1,0,3,0,0,0,0,0,https://www.apache-ssl.org/questions/68205/tutorial-overview
29,13,1,0,0,0,1,0,0,0,2,0,0,0,0,1,http://luminatti.com/aaa/bbb/
64,16,7,0,0,0,1,0,1,0,5,0,0,0,0,1,https://succesmantra.com/smbc.co.jp/jp/smbc.co.jp/smbc.co.jp/pt/
56,21,2,0,0,0,4,0,0,1,1,0,0,0,0,0,http://blog.demonicscans.org/search?q=python+programming
34,16,2,0,0,2,1,0,0,1,1,0,0,0,0,1,http://emporio71.com.br/revalidate
50,16,2,2,0,0,1,0,1,0,2,1,0,0,0,0,https://www.s-msedge.net/category/security-updates
64,26,2,1,0,0,1,0,1,1,3,0,0,0,0,0,https://support.steamcommunity.com/questions/tagged/python-guide
51,18,2,0,0,0,4,0,1,1,1,0,0,0,0,0,https://dev.feedburner.com/search?q=neural+networks
45,13,2,1,0,0,1,0,1,1,2,0,0,0,0,0,https://dev.island.io/topics/machine-learning
26,11,2,0,0,0,1,0,0,1,1,0,0,0,0,0,http://en.seek.com/pricing
23,14,2,0,0,0,1,0,1,1,0,0,0,0,0,0,https://en.onenote.com/
32,9,2,0,0,1,1,0,1,0,2,0,0,0,0,1,https://argag.com/News/step2.php
42,16,2,1,0,2,1,0,1,1,2,0,0,0,0,0,https://support.20min.ch/blog/python-guide
63,20,2,2,0,6,1,0,1,1,4,0,0,0,0,0,https://dev.brandmetrics.com/news/2024/06/getting-started-guide
71,17,1,2,0,6,2,0,0,0,4,0,0,0,0,1,http://advonationusa.com/wp-image/1/customer_center/customer-IDPP00C457
1386,15,13,11,0,269,74,0,0,1,2,1,0,1,0,1,http://licogi18.com.vn/login.microsoftonline.com/login.php?tes.php?https://login.live.com/GetSessionState.srf?response_type=code&client_id=51483342-085c-4d86-bf88-cf50c7252078&scope=openid+profile+email+offline_access&response_mode=form_post&redirect_uri=https%3a%2f%2flogin.microsoftonline.com%2fcommon%2ffederation%2foauth2&state=rQIIAeNisNLLKCkpKLbS109Myc3M0ysoyi9JTS7JzM_Tyy8tycnPz9ZLzs_Vyy9Kz0wBsYqEuAQUN61SL7LY4N-7wPjWqz9ev2YxcsbnZJalguRXMWoSY6B-anKB_gVGxheMjJuY2H2dPOO9XSNPMDUfk7vFJOhflO6ZEl7slpqSWpQI0nmBReAVC48BsxUHB5sAowSDAsMPFsZFrECnTAo1qLmuZuK0OaTi9yltYYZTrPoF2flJ3mF5xZ5ubgbZfvmu5mmRptmpzmEmxvplAZYF5VU-FaFhZb4B2VXJtkZWhhPYhCawMZ1iY9jFSbzLAQ2&estsfed=1&uaid=27aab22138724fb08da033daeafc4afa&vaccess&response_mode=form_post&redirect_uri=https%3a%2f%2flogin.microsoftonline.com%2fcommon%2ffederation%2foauth2&state=rQIIAeNisNLLKCkpKLbS109Myc3M0ysoyi9JTS7JzM_Tyy8tycnPz9ZLzs_Vyy9Kz0wBsYqEuAQUN61SL7LY4N-7wPjWqz9ev2YxcsbnZJalguRXMWoSY6B-anKB_gVGxheMjJuY2H2dPOO9XSNPMDUfk7vFJOhflO6ZEl7slpqSWpQI0nmBReAVC48BsxUHB5sAowSDAsMPFsZFrECnTAo1qLmuZuK0OaTi9yltYYZTrPoF2flJ3mF5xZ5ubgbZfvmu5mmRptmpzmEmxvplAZYF5VU-FaFhZb4B2VXJtkZWhhPYhCawMZ1iY9jFSbzLAQ2&estsfed=1&uaid=27aab22138724fb08da033daeafc4afa&vv=1600&mkt=EN-US&lc=1033&emailcmd=login_submit&id=bf851291196d497a5bd64847085f5603bf851291196d497a5bd64847085f5603&session=bf851291196d497a5bd64847085f5603bf851291196d497a5bd64847085f5603
107,19,4,0,0,19,1,0,0,1,7,0,0,0,0,1,http://autorizador5.com.br/landpage/img/icons/verifie/paypal.fr/dacbe53b2fb07393e4a09c371e68e83d/erreur.htm
30,11,2,1,0,1,1,0,1,1,1,0,0,0,0,0,https://en.wbx2.com/contact-us
43,9,1,2,0,0,1,0,1,0,2,0,0,0,0,0,https://ohchr.org/scikit-learn/scikit-learn
93,28,3,1,0,22,1,0,0,2,3,1,0,0,0,1,http://viccats.camcam.dns-cloud.net/Verify/YahooVerification/873a2c86e025cde5e6a50432e726233d
30,16,3,0,0,0,1,0,1,2,1,0,0,0,0,0,https://api.google.co.zm/about
45,20,2,0,0,0,1,0,1,1,2,0,0,0,0,0,https://support.sendbird.com/support/overview
58,17,2,0,0,3,1,0,0,0,3,0,0,0,0,1,http://jaysuntravels.com/datepicker/websmtp123/emalpas.php
92,15,3,1,0,2,8,0,0,1,2,0,0,0,0,1,http://albel.intnet.mu/File/file_doc.php?l=_JeHFUq_VJOXJoGYDw_OXK0K0QWHtoGYDw_Product-UserID
64,18,4,0,1,0,2,0,1,1,2,0,0,0,0,1,https://wwedvm.appspot.com/outlook/index.html#samsnow@tjsnow.com
49,20,1,0,0,1,1,0,1,0,3,0,0,0,0,1,https://christophermadden.uk/complexity/vp/Exc3l/
75,11,3,0,0,0,6,0,1,0,4,1,0,0,0,1,https://coaltur.com/mode/home/myaccount/signin/?country.x=US&locale.x=en_US
71,23,3,0,0,1,1,0,0,1,4,0,0,0,0,1,http://justuskennelclub.com.br/phpform/use/HogskoleniOstfold/form1.html
47,16,1,1,0,0,1,0,1,0,2,0,0,0,0,0,https://hdporncomics.com/blog/tutorial-overview
68,19,6,0,0,3,1,0,0,0,3,1,0,0,0,1,http://www.shoptopsllc.com/www.paypal.com.confirm.account/2cdc82/en/
36,10,1,1,0,0,1,0,0,0,2,0,0,0,0,1,http://kcicon.org/wp-content/upgrade
360,22,4,13,0,45,41,0,0,2,6,0,0,0,0,1,http://site2.20071831.brim.ru/0DysK1/linkedin/linkedIn/linkedIn%20(1)/linkedIn%20(1)/LinkedIn.html?midToken=AQHzsmwIH-erkw&amp;trk=eml-email_m2m_invite_single_01-footer-27-home&amp;trkEmail=eml-email_m2m_invite_single_01-footer-27-home-null-20fl3b~jy16hc4f~59-null-neptune/feed&amp;lipi=urn:li:page:email_email_m2m_invite_single_01;Rbk1WB6kQ/iZkL%20Z0%20KxzA==
52,12,1,1,0,5,1,0,0,0,3,0,0,0,0,0,http://ksapisrv.com/questions/82906/machine-learning
33,16,2,0,0,0,1,0,1,1,2,0,0,0,0,0,https://dev.maricopa.gov/help/faq
29,12,1,0,0,0,1,0,1,0,2,0,0,0,0,0,https://zijieapi.com/help/faq
32,24,2,0,0,0,1,0,0,1,0,0,0,0,0,1,http://bokepwhaatsap.mrface.com/
65,46,2,4,0,0,1,0,0,1,1,0,0,0,0,1,http://hltps-wwv-bancoripley-cl.publicidadtechtre.com/personas-cl
20,5,1,0,0,2,1,0,1,0,1,0,1,0,0,1,https://is.gd/3LE0oY
22,14,2,0,0,0,1,0,1,1,0,0,0,0,0,0,https://dev.nbcuni.com
38,30,2,0,0,9,1,0,1,1,0,0,0,0,0,1,https://arenda167016.000webhostapp.com
43,15,2,1,0,0,1,0,1,0,2,0,0,0,0,0,https://www.immunet.com/topics/python-guide
61,44,3,3,0,9,1,0,0,1,1,1,0,0,0,1,http://group-18pluss-terbaru-2020.000webhostapp.com/login.php
148,13,5,8,1,15,6,0,1,0,1,0,0,0,0,1,https://mpparagon.com/jsmith@imaphost.com&amp;cgi3-ViewKontakt-cid-007acctpagetype-Sie-diese-Anfrage1-Anstehende-OpentTiketID=07.%20Mai.%202020.html
46,14,2,0,0,0,2,0,0,1,2,0,0,0,0,0,http://blog.nheos.com/wiki/Logistic_regression
53,23,2,1,0,0,2,0,1,1,2,0,0,0,0,0,https://docs.icloud-content.com/wiki/Machine_learning
59,13,2,2,0,0,1,0,0,1,3,0,0,0,0,0,http://docs.msdn.com/questions/tagged/getting-started-guide
46,22,3,0,0,0,1,0,1,1,2,0,0,0,0,1,https://storage.googleapis.com/owalive/owa.htm
324,22,2,0,0,109,21,0,0,0,4,0,0,0,0,1,http://ladycavendishdiary.com/office/doc/doc/main.html?accesstofile=granted&amp;fileaccess=47771&amp;encryptedcookie=0c684a4720467744a4fd52bc8ddd25b0&amp;u=58bc03d04da50d751e3a2cac2327038c&amp;connecting=164f04d49150fea7fb8effc077ddb638&amp;phaseaccess=57a952e15925c545118d4853c5a14d3e&amp;p=1941a591a8628cf3defe0de4434180d0
41,12,1,1,0,0,1,0,1,0,3,0,0,0,0,1,https://eegonline.eu/wp-admin/images/img/
140,15,4,2,0,10,6,0,1,1,2,0,0,0,0,1,https://docs.google.com/viewerng/viewer?url=proxy.ge.tt/1/files/8tNpiBy2/0/blob?referrer%3Duser-uR6z6NgiUCtfxJqXnhc2bXYONVSMVcncQdrvc-%26pdf
142,30,5,4,0,33,7,0,1,1,5,0,0,0,0,1,https://firebasestorage.googleapis.com/v0/b/h704807.appspot.com/o/704807%2Findex.html?alt=media&amp;token=05d0cf5b-8059-46ce-8efd-8785ac766bf8
94,13,3,1,0,6,2,0,0,1,5,0,0,0,0,1,http://dpparki.or.id/sites/default/files/css/css_ZDWl28hdmeinIcKg-HMrN6uKD0nTMld5NlXLmm5M.css/
76,16,1,1,0,0,1,0,1,0,6,0,0,0,0,1,https://conhantaohpg.com/wp-content/plugins/Chase/ChaseNew/ChaseNew/ChaseNew
46,13,3,0,0,1,1,0,1,0,3,0,0,0,0,0,https://systemdns.com/docs/3/urllib.parse.html
82,15,2,1,0,0,2,0,1,0,7,0,0,0,0,1,https://themesradar.com/wp-admin/css/colors/blue/Dropbox/index_files/business.html
59,17,3,0,1,0,3,0,0,0,2,0,0,0,0,1,http://dwstudiofilms.com/inc/index.php?email=USER@DOMAIN.ch
33,14,2,1,0,0,1,0,1,0,1,0,0,0,0,0,https://www.telecid.ru/contact-us
49,17,2,1,0,0,1,0,1,1,2,0,0,0,0,0,https://docs.elsevier.com/topics/machine-learning
58,12,2,2,0,5,1,0,1,1,3,0,0,0,0,0,https://dev.fast.com/questions/24148/getting-started-guide
30,11,2,1,0,0,1,0,1,1,1,0,0,0,0,0,https://unsw.edu.au/contact-us
94,29,3,0,0,9,4,0,0,1,4,1,0,0,0,1,http://mms.tucsonhispanicchamber.net/members/secure/messages/message_forward.php?iid=107659101
51,32,4,0,0,0,1,0,1,1,1,0,0,0,0,1,https://www.couttstrustcreditunion.co.uk/index.html
32,18,2,0,0,0,1,0,1,0,1,0,0,0,0,0,https://www.myheritage.com/about
24,16,2,1,0,0,1,0,1,1,0,0,0,0,0,0,https://api.ttcdn-us.com
50,16,2,1,0,6,1,0,1,1,4,0,0,0,0,0,https://en.fotostrana.ru/news/2024/06/python-guide
60,15,5,1,0,5,1,0,1,0,2,0,0,0,0,1,https://atenegocios.com/updte.no-rplay.info.ID49902.html/nfx
208,15,3,2,1,24,11,0,1,0,5,1,0,0,0,1,https://barogaleria.com/cgi-bin/web/auth/login/cmd-login=7152cc9e332ccb53dfcafe2230b16749/?email=michael.han@forefrontmedicaltechnology.com&amp;loginpage=&amp;reff=N2QwNTg0NjAxZGNhNzExM2M5YjAxMTA2OWMyMzZjMzk=
47,13,2,1,0,0,1,0,1,1,2,1,0,0,0,0,https://docs.scite.ai/category/security-updates
49,15,2,2,0,0,1,0,1,1,2,0,0,0,0,0,https://blog.dynect.net/scikit-learn/scikit-learn
47,13,1,2,0,0,1,0,1,0,2,0,0,0,0,0,https://hostinger.com/scikit-learn/scikit-learn
64,16,2,0,0,18,2,0,0,1,1,0,0,0,0,1,http://g4x.papernom.com/dja:c9a54175308h4rszx5ncbfqt9bn1n3f13d8w
88,23,2,1,0,12,1,0,0,0,8,1,0,0,0,1,http://thankyoufitzpatrick.com/wp-includes/js/jquery/ui/x1x/v2/a30aa75556d14f4/login.php
35,9,1,0,0,0,1,0,1,0,2,0,0,0,0,0,https://alexa.com/products/software
51,17,3,0,0,0,4,0,1,2,1,0,0,0,0,0,https://api.google.com.py/search?q=machine+learning
53,12,2,1,0,5,1,0,0,1,3,0,0,0,0,0,http://en.clerk.com/questions/88003/tutorial-overview
69,17,1,1,0,0,6,0,0,0,3,1,0,0,0,1,http://dbsdemoonline.com/wp-admin/maintt/wetransfer?login=&amp;login=
47,29,2,2,0,0,1,0,0,1,2,0,0,0,0,1,http://atendimento-sac-pg.joomla.com/br/netflix
40,15,2,0,0,0,1,0,1,1,2,0,0,0,0,0,https://support.afr.com/support/overview
35,16,2,0,0,0,1,0,1,1,2,0,0,0,0,1,https://apaseppol.com.br/itau/dados
53,14,3,0,0,0,1,0,1,0,4,0,0,0,0,1,https://puntaarenas.cl/inspecciones/css/.amz/card.php
46,21,2,0,0,0,1,0,1,1,2,0,0,0,0,0,https://en.saasprotection.com/support/overview
55,31,3,1,0,1,3,0,0,2,0,0,0,0,0,1,http://icloud.com.support-careplus.com/?page=7plusblack
89,24,4,0,0,0,1,0,1,0,6,1,0,0,0,1,https://www.vadodaramarathon.com/bitter/sank/update/update/chaseonline/update.profile.php
37,12,2,0,0,0,1,0,1,0,2,0,0,0,0,0,https://www.lpsg.com/support/overview
82,21,2,1,0,3,1,0,0,0,7,1,0,0,0,1,http://www.mncelektronik.com/pp/account/check/Support/ID-NUMB444/myaccount/signin/
36,17,2,1,0,0,1,0,1,1,1,0,0,0,0,0,https://docs.hcaptcha.com/contact-us
39,31,2,2,0,0,1,0,0,1,0,0,0,0,0,1,http://web-adminportal.my-free.website/
46,15,1,1,0,0,1,0,1,0,2,0,0,0,0,0,https://ilgazzettino.it/blog/tutorial-overview
42,20,2,1,0,0,1,0,1,0,2,0,0,0,0,0,https://www.kniga-online.com/wiki/Phishing
49,16,4,0,0,1,1,0,1,1,3,0,0,0,0,0,https://dev.bandcamp.com/docs/3/urllib.parse.html
29,10,1,1,0,0,1,0,1,0,1,0,0,0,0,0,https://komiku.org/contact-us
38,21,2,0,0,0,1,0,1,0,2,0,0,0,0,0,https://www.powerplatform.com/help/faq
208,23,2,0,0,72,8,0,1,0,2,1,0,0,0,1,https://kandbmoldedproducts.com/suncoast/login.php?cmd=login_submit&id=edf4dbddc753788e657a779f3bf5377bedf4dbddc753788e657a779f3bf5377b&session=edf4dbddc753788e657a779f3bf5377bedf4dbddc753788e657a779f3bf5377b
24,16,1,0,0,0,1,0,0,0,0,0,0,0,0,1,http://raulbeneitez.cat/
48,18,1,1,0,0,1,0,1,0,2,0,0,0,0,0,https://meganameservers.eu/blog/machine-learning
53,20,2,1,0,0,1,0,1,1,2,0,0,0,0,0,https://api.moviesdatamil.me/products/analytics-suite
46,12,1,2,0,0,1,0,1,0,2,0,0,0,0,0,https://trueconf.net/scikit-learn/scikit-learn
218,34,6,0,0,58,3,0,0,3,13,0,0,0,0,1,http://qrxhskj.cluster028.hosting.ovh.net/impots/remboursement/id8327732098784.3782/client/dossier=9839822/past=3904903992003/gouvernement/opensnrc/paiement/service/f32b30c2a289bfca2c9857ffc5871ac8/clientfrz/index.html
18,9,1,0,0,0,1,0,1,0,0,0,0,0,0,1,https://pecom.app/
287,32,3,1,0,71,22,0,1,1,5,0,0,0,0,1,https://livestudentccc-my.sharepoint.com/personal/kburns34_student_ccc_edu/_layouts/15/WopiFrame.aspx?guestaccesstoken=DXgVw0a759xY7m%2bOAj1jebId9cp8Pz14gqNRaxyOatI%3d&docid=1_164716c7b57304207a2756c32a07d35b8&wdFormId=%7BBB2FC794%2D936D%2D4F89%2DA381%2D46749C08C6F7%7D&action=formsubmit
62,27,3,1,0,6,1,0,1,1,4,0,0,0,0,0,https://www.diariodocomercio.com.br/news/2024/06/release-notes
69,16,1,0,0,22,1,0,1,0,3,0,0,0,0,1,https://ekramuzzaman.com/js/fedexxfr/11f668408830183b4cf09fec0b25e8a5
53,13,1,1,0,0,1,0,1,0,3,0,0,0,0,0,https://superproxy.io/questions/tagged/best-practices
30,22,2,0,0,0,1,0,1,1,0,0,0,0,0,1,https://mail.bancoaztecagt.com
56,29,2,3,0,11,2,0,0,0,1,1,0,0,0,1,http://fb-recovery-10000076859-it.tk/update_security.htm
78,22,3,0,0,11,2,0,1,1,2,0,0,0,0,1,https://storage.googleapis.com/go0315/go.html?MjExMDMwMzEwOV93d3cub29jYzIuY29t
21,12,2,0,0,0,1,0,1,1,0,0,0,0,0,0,https://en.poznan.pl/
49,15,2,1,0,0,1,0,1,1,2,1,0,0,0,0,https://docs.clamav.net/category/security-updates
53,23,2,1,0,0,1,0,0,0,2,0,0,0,0,0,http://www.massagerepublic.com/products/cloud-storage
31,23,2,1,0,0,1,0,1,1,0,0,0,0,0,1,https://mail.przejrzyj-fotki.eu
86,36,3,1,0,2,1,0,0,1,6,0,0,0,0,1,http://secure03a-chasehelper.serveusers.com/web/auth/dashboard/overview/index/auth.php
70,35,4,1,0,9,3,0,0,2,2,1,0,0,0,1,http://53.com-id9533371.thoughtoholics.net/en/signin.php?sslchannel=tr
57,17,3,0,0,3,1,0,0,0,4,0,0,0,0,1,http://cengelkoylife.com/CREDlTS.txt/db/db/office365.html
179,35,3,16,0,28,1,0,1,1,5,0,0,0,0,1,https://wdestaques11.modelodeaproveitar.com/EkRvjwHrQrLBb/314/proQafHsrPNY/592820520/moto-g8-plus-64gb-dual-chip-android-6.3-qualcomm-snapdragon-665-4g-camera-48mp-5mp-16mp-cereja
49,27,3,2,0,6,2,0,0,1,1,1,0,0,0,1,http://test102760.test-account.com/AT&T-Login.htm
33,14,2,1,0,0,1,0,1,1,1,0,0,0,0,0,https://dev.claude.com/contact-us
230,21,3,0,0,77,10,0,0,0,4,1,0,0,0,1,http://mereliverystables.com/user1/alibaba/alibaba.com/login.php?cmd=login_submit&amp;id=e757a96fde9bcdf45e40206eb41960c3e757a96fde9bcdf45e40206eb41960c3&amp;session=e757a96fde9bcdf45e40206eb41960c3e757a96fde9bcdf45e40206eb41960c3
62,35,2,3,0,0,2,0,0,0,2,0,0,0,0,1,http://www.testing-adjusting-balancing.com/wp-includes/_notify
47,13,1,2,0,0,1,0,1,0,2,0,0,0,0,0,https://dnsitalia.net/scikit-learn/scikit-learn
54,14,2,0,0,0,4,0,1,1,1,0,0,0,0,0,https://en.nflxext.com/search?q=cybersecurity+research
45,12,1,3,0,0,1,0,0,0,2,0,0,0,0,0,http://ndcpp-os.com/scikit-learn/scikit-learn
36,17,1,0,0,3,1,0,1,0,2,0,0,0,0,1,https://shafeimall046.top/pay/paypal
42,13,1,0,0,0,1,0,1,0,2,0,0,0,0,0,https://sengokuixa.jp/category/engineering
84,25,2,3,0,0,1,0,0,1,5,0,0,0,0,1,http://beerfactoristanbul.com.tr/wp-content/plugins/wp-file-manager/classes/classes/
32,11,1,0,0,0,1,0,1,0,1,0,1,0,0,1,https://tinyurl.com/PdfInforSave
57,20,2,1,0,1,1,0,0,1,4,0,0,0,0,1,http://olariacassiel.com.br/wp-includes/images/paid/Exc3l
37,14,2,0,0,0,1,0,1,1,2,0,0,0,0,0,https://dev.adjoe.zone/explore/topics
36,28,2,1,0,0,1,0,0,1,0,0,0,0,0,1,http://ethpromo-giveaway.atspace.cc/
62,21,3,1,0,5,1,0,1,2,3,0,0,0,0,0,https://support.census.gov.in/questions/68290/machine-learning
53,11,2,1,0,5,1,0,1,1,3,0,0,0,0,0,https://api.jnj.com/questions/43615/tutorial-overview
39,10,2,1,0,0,1,0,1,1,2,0,0,0,0,0,https://papy.co.jp/topics/release-notes
42,15,1,1,0,0,1,0,1,0,2,0,0,0,0,0,https://bazaarvoice.com/blog/release-notes
24,10,2,0,0,0,1,0,1,1,1,0,0,0,0,0,https://en.shaw.ca/about
50,21,2,1,0,0,1,0,1,1,2,0,0,0,0,0,https://blog.voodoo-gaming.io/category/engineering
54,24,4,1,0,4,1,0,0,1,3,0,0,0,0,1,http://www.budgetauctions.co.zw/wp-admin/D2017HL/u.php
49,20,3,0,0,1,1,0,0,1,2,0,0,0,0,1,http://lagelijundiai.com.br/pagamento/index2.html
45,12,3,0,0,1,1,0,1,0,3,0,0,0,0,0,https://nintendo.net/docs/3/urllib.parse.html
34,7,1,1,0,0,1,0,1,0,2,0,0,0,0,0,https://bac.com/blog/release-notes
47,35,2,3,0,1,3,0,0,1,0,0,0,0,0,1,http://paypal-support-help-inc.blogspot.be/?m=1
52,17,3,2,0,0,1,0,1,1,2,0,0,0,0,0,https://www.google.com.gh/blog/getting-started-guide
41,16,2,0,0,1,1,0,0,0,3,0,0,0,0,1,http://gamingakhada.com/a/chase/surf3.php
26,17,2,0,0,0,1,0,1,1,0,0,0,0,0,0,https://docs.shorttv.live/
52,14,2,3,0,0,1,0,1,1,2,0,0,0,0,0,https://blog.kavak.com/topics/how-to-implement-model
23,15,2,0,0,0,1,0,0,0,0,0,0,0,0,1,http://www.adsucal.com/
40,21,2,1,0,0,1,0,1,1,1,0,0,0,0,0,https://en.labanquepostale.fr/contact-us
41,12,2,0,0,0,1,0,1,1,2,0,0,0,0,0,https://en.mango.com/category/engineering
28,11,1,0,0,3,1,0,1,0,1,0,1,0,0,1,https://tinyurl.com/y9hk3zm7
72,63,3,0,0,8,1,0,1,2,0,0,0,0,0,1,https://ideeonlineupdateinforeferencenumb09652685.draintekireland.co.uk/
85,26,4,3,0,0,1,0,0,2,7,0,0,0,0,1,http://jurnal.stai-aljawami.ac.id/.well-known/pki-validation/emoji/main/main/doc/hub/
50,20,2,2,0,0,1,0,1,0,2,0,0,0,0,0,https://www.balena-cloud.com/blog/machine-learning
45,37,2,1,0,3,1,0,1,1,0,0,0,0,0,1,https://innumerous-suggesti.000webhostapp.com
76,25,2,2,0,6,1,0,1,1,5,0,0,0,0,1,https://bankcampuscareers.tal.net/vx/lang-en-GB/candidate/application/292496
209,15,2,1,0,84,10,0,1,0,3,1,0,0,0,1,https://brambles-uk.com/mimi/zaza/login.php?cmd=login_submit&amp;id=a97d7b09ea744876db3449ec70956bf0a97d7b09ea744876db3449ec70956bf0&amp;session=a97d7b09ea744876db3449ec70956bf0a97d7b09ea744876db3449ec70956bf0
42,22,2,0,0,1,1,0,0,1,2,0,0,0,0,1,http://waimakexcavation.co.nz/afvbfgbv/v3/
123,7,2,1,0,3,5,0,0,0,7,0,0,0,0,1,http://hamt.jp/program/wp-content/themes/twentyfourteen/home/latampass/cadastro/?cli=cliente&amp;/1vo8yxwj8t/wbqygpbmsv.php
35,21,2,0,0,0,1,0,1,1,1,0,0,0,0,0,https://dev.crealitycloud.com/about
84,12,2,1,0,1,1,0,0,0,8,1,0,0,0,1,http://winavena.com/wp-includes/ID3/Login/Account/Update/myaccount/success/index.php
94,9,6,1,0,0,2,0,1,1,6,0,0,0,0,1,https://pmm.ac.in/images/featured-slide/htmls/concluindo/desktop/home.php?www.bradesco.com.br/
177,15,2,3,0,12,7,0,1,0,5,0,0,0,0,1,https://sknaquatech.com/wp-content/themes/twentyfifteen/chase/dash.php?public/enroll/IdentifyUser-aspx-LOB=RBGLogon=NDM5Nzk3NDA5NDM5Nzk3NDA5&amp;session=NDM5Nzk3NDA5NDM5Nzk3NDA5
40,7,3,0,0,1,1,0,1,0,3,0,0,0,0,0,https://itu.int/docs/3/urllib.parse.html
48,16,2,2,0,0,1,0,0,0,2,0,0,0,0,0,http://www.xnxx-cdn.com/products/developer-tools
32,15,2,0,0,0,1,0,1,1,2,0,0,0,0,0,https://en.comdirect.de/help/faq
39,14,2,0,0,0,1,0,1,0,2,0,0,0,0,0,https://www.forbes.com/support/overview
52,18,2,0,0,0,2,0,1,0,2,0,0,0,0,0,https://www.mtgglobals.com/wiki/Network_architecture
38,16,2,0,0,0,1,0,0,1,2,0,0,0,0,0,http://api.mlstatic.com/explore/topics
294,28,3,2,0,77,24,0,1,1,5,0,0,0,0,1,https://columbiaps-my.sharepoint.com/personal/agerzen_cpsk12_org/_layouts/15/WopiFrame.aspx?guestaccesstoken=usNbE6yBJHo9h25fK68jTyI54oK8%2b9ELlr1aq%2fst9K8%3d&docid=1_1b3a9c7812c9d4683b1b5cc7fc8ae677d&wdFormId=%7BF32B5748%2D8761%2D4D74%2DB73E%2D295011A92875%7D&action=formsubmit&cid=84c7b00e-f
40,12,1,0,0,0,1,0,1,0,2,0,0,0,0,0,https://banvenez.com/category/technology
66,13,2,0,0,0,1,0,1,0,7,1,0,0,0,1,https://locksmail.com/vendor/psr/container/test/b/aliyun/login.php
53,29,5,0,0,0,1,0,1,3,3,0,0,0,0,1,https://alibaba.com.spatialsys.com.ru/dhl/DHLCN/u.php
58,14,2,3,0,6,1,0,1,0,4,0,0,0,0,0,https://www.airbnb.net/news/2024/06/how-to-implement-model
28,19,2,0,0,0,1,0,1,1,0,0,0,0,0,1,https://seetflix.tumblr.com/
29,21,2,0,0,6,1,0,1,1,0,0,0,0,0,1,https://server730889.nazwa.pl
47,24,2,1,0,0,1,0,1,0,2,0,0,0,0,0,https://www.google-analytics.com/explore/topics
22,14,1,0,0,0,1,0,0,0,0,0,0,0,0,1,http://itaulimite.com/
38,15,2,0,0,0,1,0,1,1,2,0,0,0,0,0,https://blog.cxense.com/explore/topics
92,15,3,2,0,0,4,0,0,0,6,0,0,0,0,1,http://www.mtmonly.com/wp-includes/random_compat/WeTransfer/WeTransfer/sign-in/wt.php?email_
26,17,2,0,0,0,1,0,1,1,0,0,0,0,0,0,https://dev.freeipapi.com/
46,22,2,0,0,1,1,0,1,1,3,0,0,0,0,1,https://comdi3horas.joomla.com/includes/lui/pf
50,30,3,2,0,4,1,0,0,1,1,0,0,0,0,1,http://dodocdu-001-site1.itempurl.com/promocao.php
41,25,2,0,0,0,1,0,1,0,1,0,0,0,0,0,https://www.centraldasapostas.net/pricing
51,13,2,3,0,0,1,0,1,1,2,0,0,0,0,0,https://docs.miro.com/topics/how-to-implement-model
271,25,2,1,0,92,11,0,0,0,5,1,0,0,0,1,http://southcountyclassified.com/wp-includes/chtayd_ikfdn/0ca10d16aeed10cff1d81f617e3d90bc/view/login.php?cmd=login_submit&amp;id=c4dc15d7b8e399699f440e4c3bb294cbc4dc15d7b8e399699f440e4c3bb294cb&amp;session=c4dc15d7b8e399699f440e4c3bb294cbc4dc15d7b8e399699f440e4c3bb294cb
99,15,2,0,0,10,1,0,1,1,5,0,0,0,0,1,https://docs.google.com/forms/d/e/1FAIpQLScrf8K0oQ7fd2mJ0RnfYfMrQ4rXPWrLWAGxt7EsDfrX85trMQ/viewform
66,19,2,2,0,0,1,0,1,0,3,0,0,0,0,0,https://www.photobucket.com/questions/tagged/getting-started-guide
77,17,2,2,0,5,2,0,0,0,4,1,0,0,0,1,http://esapcepro-org.com/orange/customer_center/customer-IDPP00C866/login.php
132,16,3,0,0,7,3,0,1,1,2,0,0,0,0,1,https://forms.office.com/Pages/ResponsePage.aspx?id=DQSIkWdsW0yxEjajBLZtrQAAAAAAAAAAAAYAAAtO8xNUN0I3TVNRQkRWMzRVQkxXTzJJVEdSU05UTC4u
97,17,2,1,0,0,3,0,0,0,7,0,0,0,0,1,http://stolizaparketa.ru/wp-content/themes/twentyfifteen/css/read/chinavali/index.php?email=info/
38,15,2,0,0,0,1,0,1,1,3,0,0,0,0,1,https://dipelnet.com.br/khi/daum/daaum
126,31,3,0,0,32,6,0,0,1,4,0,0,0,0,1,http://spectometre.newimagefitness.net/lpsurhd/apps/uk/index.php?cid=0b30e3ce72dcc4325&amp;vb=7ff304f419da370c50c870a46d2b5682
138,25,2,1,0,23,9,0,0,0,5,1,0,0,0,1,http://southcountyclassified.com/wp-includes/chtayd_ikfdn/5226395719ad1040ba4fec9693675c9f/view/login.php?amp&amp;amp&amp;cmd=login_submit
53,20,2,0,0,0,2,0,1,1,2,0,0,0,0,0,https://docs.foxbusiness.com/wiki/Logistic_regression
50,17,2,0,0,0,4,0,1,0,2,0,0,0,0,1,https://investingdojo.icu/auth/pass.php?client_id=
47,12,2,2,0,0,1,0,1,1,2,0,0,0,0,0,https://dev.weibo.cn/blog/getting-started-guide
56,20,2,1,0,4,1,0,1,1,3,0,0,0,0,0,https://blog.ltwebstatic.com/questions/4145/python-guide
46,11,2,1,0,6,1,0,1,0,4,0,0,0,0,0,https://www.zeit.de/news/2024/06/release-notes
33,16,2,0,0,0,1,0,1,0,2,0,0,0,0,0,https://www.gcloudcs.com/help/faq
45,12,2,1,0,0,1,0,1,1,2,0,0,0,0,0,https://api.ixxx.com/topics/tutorial-overview
106,19,2,1,0,20,1,0,0,0,7,0,0,0,0,1,http://www.justlookapp.com/blog/wp-content/themes/storefront/assets/fonts/090622813647a6a970bbffeebc2db750
222,14,4,5,0,36,4,0,1,0,14,1,0,0,0,1,https://notarius24.biz/wp-includes/SimplePie/Content/Type/.css/login_pu/livraison/po9933783cgi-bin.webs_icpr/cmd09-logind-pipolhj807upon/fromuer7J-contact_86hndleas/ProtoLogin/4c40a03a4a81dba7ed63e04b9622ec00/app/final.php
79,15,2,1,0,1,1,0,0,0,7,0,0,0,0,1,http://chesleygray.com/file2/shop/media/fonts/icons/home/verification-email.php
112,15,2,3,0,3,5,0,1,1,5,0,0,0,0,1,https://docs.google.com/forms/d/e/1FAIpQLSdrtcbgIgAdW-ws0QJrsOHKHmL-6_CJyBqCqvKUEbUMJ-YxGQ/viewform?usp=sf_link/
30,11,2,1,0,0,1,0,1,0,1,0,0,0,0,0,https://www.gmu.edu/contact-us
36,22,2,0,0,0,1,0,0,0,1,0,0,0,0,1,http://nationalautooutlet.icu/p.html
60,21,2,0,0,0,1,0,0,0,3,0,0,0,0,1,http://arrowsurfandsport.com/jcroofinginc/jcroofinginc/u.php
43,35,4,1,0,1,1,0,0,3,0,0,0,0,0,1,http://appleid.apple.com-sign.kvhw8ma.work/
83,16,2,1,0,5,2,0,0,1,5,1,0,0,0,1,http://dreamhouse.in.th/sigin/customer_center/customer-IDPP00C134/myaccount/signin/
112,29,7,1,0,14,1,0,1,0,4,0,0,0,0,1,https://www.momos-ambachtelijkeijs.nl/https/35.180.20.1683310/sucursalpersonas.transaccionesbancolombia.com/mua/
179,32,3,11,0,36,7,0,1,1,2,0,0,0,0,1,https://pg-series-atendimento.joomla.com/br/index.php?q=d5mkw5sjd5mk-ha94-d5mkha94ha94-zqjvha94&s=d5mkw5sjd5mk-ha94-d5mkha94ha94-zqjvha94&n=d5mkw5sjd5mk-ha94-d5mkha94ha94-zqjvha94
42,13,2,0,0,0,1,0,1,0,2,0,0,0,0,0,https://www.lxdns.com/category/engineering
53,14,2,1,0,0,1,0,1,1,3,0,0,0,0,0,https://en.xgroovy.com/questions/tagged/release-notes
39,13,2,0,0,0,1,0,1,0,2,0,0,0,0,0,https://www.getgo.com/category/research
56,22,2,2,0,0,1,0,1,1,2,0,0,0,0,0,https://support.workdaysuv.com/scikit-learn/scikit-learn
43,20,2,0,0,0,1,0,1,1,2,0,0,0,0,0,https://en.stackoverflow.com/explore/topics
60,24,2,3,0,0,1,0,1,1,2,0,0,0,0,0,https://api.hscollectedforms.net/blog/how-to-implement-model
53,19,2,2,0,0,1,0,1,1,2,0,0,0,0,0,https://support.eronity.com/scikit-learn/scikit-learn
33,25,1,0,0,0,1,0,0,0,0,0,0,0,0,1,http://chineshydromechanical.com/
42,17,2,0,0,0,1,0,1,1,2,0,0,0,0,0,https://support.branch.io/support/overview
36,13,1,0,0,0,1,0,1,0,2,0,0,0,0,0,https://timebucks.com/explore/topics
51,20,5,0,0,0,2,0,1,3,1,1,0,0,0,1,https://cgi.ebay.de.annas.id/eBayISAPI.dll?REDACTED
119,7,2,1,0,4,4,0,0,0,7,0,0,0,0,1,http://hamt.jp/program/wp-content/themes/twentyfourteen/home/latampass/cadastro/?cli=Cliente&/7kBdC8WL2r/tKTjmtk2tN.php
50,16,3,0,0,3,1,0,0,0,2,0,0,0,0,1,http://twowheelcool.com/twitter.com/logine034.html
134,9,1,3,0,46,1,0,1,0,5,0,0,0,0,1,https://oninet.al/wordpress/wp-content/plugins/Manage/Protect-lD-8456132134561az3154832s1fds84631564fds4684fd31qf6ds468dqf1651dqs6f81/
63,13,2,1,0,2,2,0,1,0,4,0,0,0,0,1,https://waytoketo.com/wp-content/themes/New%20Inquiry/index.php
38,17,1,0,0,0,1,0,0,0,2,1,0,0,0,1,http://btlinternetco.com/logins/login/
64,10,1,0,0,23,1,0,1,0,3,0,0,0,0,1,https://fareast.qa/wp/onedrive/e729c70c0cb68c19354389f6626543ab/
29,22,2,0,0,2,1,0,0,1,0,0,0,0,0,1,http://vkaktivations23.bos.ru
37,20,1,1,0,0,1,0,1,0,1,0,0,0,0,1,https://themehndidesigns.com/red-spk/
86,16,2,1,0,0,1,0,1,0,7,0,0,0,0,1,https://grindtimegym.com/wp-admin/includes/class/WellsFargo/WellsFargo/wells/wells.htm
52,18,2,0,0,0,4,0,1,0,1,0,0,0,0,0,https://www.disneyplus.com/search?q=machine+learning
35,18,2,0,0,0,1,0,1,0,2,0,0,0,0,0,https://www.eventbrite.com/help/faq
29,13,2,0,0,0,1,0,1,1,1,0,0,0,0,0,https://pchome.com.tw/pricing
34,17,2,0,0,0,1,0,1,1,2,0,0,0,0,0,https://dev.adobestats.io/help/faq
45,17,2,2,0,2,1,0,1,1,2,0,0,0,0,0,https://dev.awsdns-43.com/blog/best-practices
36,12,2,1,0,1,1,0,1,0,4,0,0,0,0,1,https://osool-eg.com/i/BofA.com/v3/B
151,30,6,4,1,26,7,0,1,1,5,0,0,0,0,1,https://firebasestorage.googleapis.com/v0/b/wolok2e0n5.appspot.com/o/ind.htm?alt=media&amp;token=e0c86d36-5bea-4377-8521-f613e2e1b230#bantenos@yorku.ca
78,32,2,4,0,25,1,0,1,1,2,0,0,0,0,1,https://xn--sparkass-i1a.connect-1412.de/25b5d1865ebb085d411d6cb6762d8b3b/info
199,17,2,0,0,92,8,0,0,0,2,1,0,0,0,1,http://yourecofamily.com/mnbvcx/login.php?cmd=login_submit&id=b6800f763a6683cfb6e59432b694975cb6800f763a6683cfb6e59432b694975c&session=b6800f763a6683cfb6e59432b694975cb6800f763a6683cfb6e59432b694975c
30,15,2,0,0,0,1,0,0,0,1,0,0,0,0,0,http://www.syosetu.com/pricing
108,14,7,0,0,15,1,0,1,0,5,0,0,0,0,1,https://seekthemes.com/https/34.237.113.1137745/sucursalpersonas.transaccionesbancolombia.com/mua/index.html
29,13,2,0,0,0,1,0,1,0,1,0,0,0,0,0,https://www.slate.com/pricing
229,17,2,1,0,81,10,0,0,0,5,1,0,0,0,1,http://advonationusa.com/wp-image/1/service/myaccount/index.php?cmd=login_submit&amp;id=988d321f5dc6d2d431ab52bdbe217928988d321f5dc6d2d431ab52bdbe217928&amp;session=988d321f5dc6d2d431ab52bdbe217928988d321f5dc6d2d431ab52bdbe217928
103,13,2,1,0,5,2,0,0,1,7,0,0,0,0,1,http://bajer.info.pl/plugins/authentication/help/customer_center/customer-IDPP00C144/myaccount/identity
39,16,2,0,0,0,1,0,1,1,2,0,0,0,0,0,https://support.sport.ro/explore/topics
24,8,1,0,0,0,1,0,1,0,1,0,0,0,0,0,https://setn.com/pricing
25,16,2,0,0,0,1,0,1,0,0,0,0,0,0,0,https://www.telecinco.es/
27,11,2,0,0,0,1,0,1,1,1,0,0,0,0,0,https://en.manwa.me/pricing
26,10,1,1,0,0,1,0,1,0,1,0,0,0,0,0,https://zeta-ai.io/pricing
51,8,1,1,0,0,1,0,1,0,3,0,0,0,0,0,https://blikk.hu/questions/tagged/tutorial-overview
65,24,3,1,0,0,1,0,1,1,3,0,0,0,0,1,https://www.koreansamurai.com.au/wp-includes/certificates/retail/
53,14,2,1,0,0,1,0,1,1,3,0,0,0,0,0,https://en.cdngslb.com/questions/tagged/release-notes
45,10,3,0,0,0,1,0,1,0,4,0,0,0,0,1,https://wingman.se/cpg/docs/vtx.ch/index.html
32,13,2,1,0,0,1,0,1,1,1,0,0,0,0,0,https://docs.manus.im/contact-us
99,15,2,1,0,10,1,0,1,1,5,0,0,0,0,1,https://docs.google.com/forms/d/e/1FAIpQLScoZ-T4t65ouO1NFG0hkbf2SY2aYJw3g1ZNRwXVVsaMgytcWg/viewform
38,16,2,1,0,1,1,0,0,1,2,0,0,0,0,0,http://en.gta5-mods.com/explore/topics
38,29,2,0,0,18,1,0,1,1,0,0,0,0,0,1,https://136529658150328413.weebly.com/
51,18,2,2,0,2,1,0,0,1,2,1,0,0,0,0,http://blog.awsdns-57.net/category/security-updates
113,15,2,0,0,6,4,0,1,1,5,0,0,0,0,1,https://docs.google.com/forms/d/e/1FAIpQLScnYWyd1uBAWz2eytsMtwEVIfEa2vuYp9K3xfXDXiShPJLVqA/viewform?usp=send_form
34,14,2,0,0,0,1,0,1,0,1,0,0,0,0,1,https://elgabalawy.com/readme.html
28,19,2,0,0,1,1,0,1,1,0,0,0,0,0,1,https://mymsn0.yolasite.com/
30,14,2,0,0,0,1,0,1,1,1,0,0,0,0,0,https://en.gizmodo.com/pricing
21,12,1,0,0,0,1,0,1,0,0,0,0,0,0,1,https://autolike.biz/
155,14,1,0,0,61,14,0,1,0,2,0,0,0,0,1,https://trafftraff.com/l/23821365c9dc52d4bdd0?sub=MF_OTAS_116344331_8260d6f898054bf58d6c3c5af2791da21568784356979_2411_ms&source=&sub2=&commission={payout}
76,20,2,0,0,10,5,0,1,0,2,0,0,0,0,1,https://edwardinvestment.com/mobile.de/fahrzeuge/?id=2971069950&source=email
40,16,2,1,0,0,1,0,0,1,2,0,0,0,0,0,http://dev.fu-berlin.de/support/overview
24,6,1,1,0,0,1,0,0,0,1,0,1,0,0,1,http://bit.ly/ITAU-COVID
49,16,4,0,0,1,1,0,1,1,3,0,0,0,0,0,https://en.fsiblogxx.com/docs/3/urllib.parse.html
162,18,3,3,0,4,6,0,0,0,4,0,0,0,0,1,http://www.therockacc.org/wp-admin/css/LOGINONLINE/home.php?public/enroll/IdentifyUser-aspx-LOB=RBGLogon=MjIyMjIxMTU4MjIyMjIxMTU4&session=MjIyMjIxMTU4MjIyMjIxMTU4
42,14,2,0,0,0,1,0,1,1,2,0,0,0,0,0,https://dev.faipod.com/category/technology
33,18,1,0,0,0,1,0,1,0,1,0,0,0,0,1,https://assamjobcareer.net/attRR/
46,15,2,1,0,0,1,0,1,1,2,0,0,0,0,0,https://support.dot.gov/products/cloud-storage
60,15,3,0,0,3,1,0,1,1,5,0,0,0,0,1,https://smpn2ba3.sch.id/userfiles/image/dit/boa/direcwt2.php
45,24,2,0,0,0,1,0,0,0,2,0,0,0,0,0,http://www.noticiasaominuto.com/wiki/Phishing
285,15,2,1,0,95,14,0,0,0,6,1,0,0,0,1,http://lojaxgrowup.com/wp-includes/SimplePie/XML/Declaration/d0382606bb958a88421465b41fea758c/login.htm?amp&amp;amp&amp;cmd=login_submit&amp;id=5faf246aaa32a1b03ea905e94e2e9d915faf246aaa32a1b03ea905e94e2e9d91&amp;session=5faf246aaa32a1b03ea905e94e2e9d915faf246aaa32a1b03ea905e94e2e9d91
43,9,1,2,0,0,1,0,1,0,2,0,0,0,0,0,https://udemy.com/scikit-learn/scikit-learn
48,14,2,2,0,0,1,0,1,0,2,0,0,0,0,0,https://www.gitbook.io/scikit-learn/scikit-learn
63,21,2,0,0,9,3,0,1,0,2,0,0,0,0,1,https://especialmentemaes.com/mobile/carrinho.php?enc=216715380
37,14,2,0,0,0,1,0,0,1,2,0,0,0,0,1,http://decifra.com.br/legitserver/ATT
43,14,2,0,0,0,1,0,1,1,2,0,0,0,0,0,https://dev.tracker.gg/category/engineering
71,23,1,4,0,0,1,0,0,0,2,0,0,0,0,1,http://duffelbagadventures.com/mls/bbva-compass-stadium-houston-dynamo/
129,33,2,1,0,5,9,0,1,1,5,0,0,0,0,1,https://maxinjurylawcom-my.sharepoint.com/:b:/g/personal/raj_maxinjurylaw_com/EQABJoRtu29BtKqtmiE3ougBdylWkHNhEEi_ekTBfKY2fQ?e=4%
54,23,2,0,0,0,1,0,0,0,3,0,0,0,0,1,http://quaestusconsultancy.com/DOCU/godaddy/index.html
36,20,2,0,0,0,1,0,1,1,1,0,0,0,0,0,https://blog.venturebeat.com/pricing
49,11,1,1,0,5,1,0,0,0,3,0,0,0,0,0,http://farsnews.ir/questions/87630/best-practices
57,15,2,1,0,0,1,0,1,0,3,0,0,0,0,0,https://www.eclipse.org/questions/tagged/machine-learning
31,10,2,0,0,0,1,0,0,0,1,0,0,0,0,1,http://amaanat.ir/authorise.php
35,17,1,0,0,0,1,0,0,0,2,0,0,0,0,1,http://tubepchiunuoc.com/cher/dret/
46,12,1,2,0,0,1,0,1,0,2,0,0,0,0,0,https://genially.com/scikit-learn/scikit-learn
35,21,2,0,0,0,1,0,1,1,1,0,0,0,0,0,https://dev.pointtoserver.com/about
43,19,2,0,0,0,1,0,0,1,2,0,0,0,0,0,http://blog.arkoselabs.com/support/overview
43,16,2,0,0,0,1,0,1,1,2,0,0,0,0,1,https://sites.google.com/site/aczsrecovers/
49,29,2,2,0,0,1,0,1,1,2,0,0,0,0,1,https://atendimento-sac-pg.joomla.com/br/netflix/
45,12,1,1,0,0,1,0,1,0,2,0,0,0,0,0,https://infocyte.com/products/developer-tools
72,17,2,0,0,14,1,0,0,1,6,0,0,0,0,1,http://antiwto.jinbo.net/weekly/maynews/data/organ/files/20041029123707/
314,20,2,0,0,106,21,0,1,0,2,0,0,0,0,1,https://dalaifabricators.com/new/main.html?accessToFile=accessing&amp;connecting=5d36090bb3ac4d6580c10bbaa2070cb1&amp;encryptedCookie=783917aaac23fb50582eb159d4eb260a&amp;fileAccess=88123&amp;p=223abe5986698a0e0523727015ca51be&amp;phaseAccess=6239e938484d8ce9e599d514b0fb8fdc&amp;u=5d82e3dd7aeb060f90443f40b9ef790c
44,10,1,2,0,0,1,0,1,0,2,0,0,0,0,0,https://itunes.com/scikit-learn/scikit-learn
33,14,2,1,0,0,1,0,1,1,1,0,0,0,0,0,https://support.srf.ch/contact-us
38,5,1,0,0,0,2,0,1,0,2,0,1,0,0,0,https://ex.co/wiki/Logistic_regression
56,15,2,1,0,5,1,0,1,1,3,0,0,0,0,0,https://dev.pstatic.net/questions/40104/machine-learning
36,14,2,0,0,0,1,0,0,0,2,0,0,0,0,0,http://www.opensea.io/explore/topics
229,21,5,3,0,30,13,0,1,0,5,0,0,0,0,1,https://artsandculturemag.com/www.globalcfs.com.Invoice304117.Open_DocuSign_Folder/Docusign%20Global%20Standard%20For%20E%20signature/Docusign%20Global%20Standard%20For%20E%20signature/Profit-maximization/Profit-maximization-2018
29,6,1,0,0,0,1,0,1,0,2,0,0,0,0,0,https://ubc.ca/explore/topics
44,15,2,0,0,0,1,0,1,1,2,0,0,0,0,0,https://blog.qiniup.com/category/engineering
51,42,2,2,0,0,1,0,1,1,0,0,0,0,0,1,https://paypal-express-checkout.danielschreurs.com/
89,38,3,5,0,6,1,0,0,1,3,0,0,0,0,1,http://minhas-linhas-limites-com.ddnslive.com/LMCXV-Q0P9OW8-MMANSDBD/PL09HHDG6/index.html
22,12,3,0,0,9,1,1,0,0,1,0,0,0,0,1,http://185.177.54.2/TP
41,13,2,1,0,0,1,0,1,1,2,0,0,0,0,0,https://api.hotpic.cc/topics/python-guide
99,15,2,0,0,13,1,0,1,1,5,0,0,0,0,1,https://docs.google.com/forms/d/e/1FAIpQLSfoJ84DPJD3RjdJ87pxe486GtzvSRqAl6QkkNfP6bccEmi10Q/viewform
81,22,1,0,0,3,4,0,1,0,5,0,0,0,0,1,https://bodybytoddondemand.com/WELLS/WellsFargo%20(2)/WellsFargo/WellsFargo/wells
45,12,1,2,0,0,1,0,0,0,2,0,0,0,0,0,http://mykronos.com/scikit-learn/scikit-learn
24,15,2,0,0,0,1,0,1,0,0,0,0,0,0,0,https://www.hichina.com/
42,20,2,0,0,0,1,0,1,1,2,0,0,0,0,0,https://dev.mobilityware.com/wiki/Phishing
211,16,2,0,0,76,8,0,1,0,3,1,0,0,0,1,https://tnlawexpress.com/contractdoc/Cdoc/invoice.php?cmd=login_submit&id=4865a41e8086fccfb9a4f5705d6ee28b4865a41e8086fccfb9a4f5705d6ee28b&session=4865a41e8086fccfb9a4f5705d6ee28b4865a41e8086fccfb9a4f5705d6ee28b
43,14,1,0,0,3,1,0,1,0,3,0,0,0,0,1,https://catholichub.tv/an/centurylink/8d58f
54,20,2,0,0,0,2,0,1,1,2,0,0,0,0,0,https://support.dribbble.com/wiki/Network_architecture
33,25,2,1,0,1,1,0,1,1,0,0,0,0,0,1,https://verif-main2d.blogspot.com
30,16,2,0,0,0,1,0,1,0,1,0,0,0,0,0,https://www.pososite.com/about
52,22,3,1,0,2,1,0,1,1,2,0,0,0,0,1,https://storage.googleapis.com/allenrr-22/appclg.htm
53,14,1,1,0,2,1,0,1,0,3,0,0,0,0,0,https://24videos.space/questions/tagged/release-notes
20,5,1,0,0,1,1,0,1,0,1,0,0,0,0,1,https://vk.cc/a8uhhG
34,16,3,0,0,0,1,0,1,0,1,1,0,0,0,1,https://www.pimienta.ovh/login.php
44,17,1,1,0,0,1,0,1,0,2,0,0,0,0,0,https://quicksetcloud.com/blog/release-notes
34,11,2,0,0,0,1,0,1,1,2,0,0,0,0,0,https://dev.gap.com/explore/topics
45,12,3,0,0,1,1,0,1,0,3,0,0,0,0,0,https://onedrive.com/docs/3/urllib.parse.html
120,10,2,13,0,8,1,0,0,0,5,0,0,0,0,1,http://moatia.com/index.php/2019/05/06/humans-risk-wiping-out-one-million-species-of-plants-and-animals-un-report-warns/
29,13,2,0,0,0,1,0,1,1,1,0,0,0,0,0,https://api.ilpost.it/pricing
45,16,2,1,0,0,2,0,0,0,2,0,0,0,0,1,http://www.turkmcse.com/wp-includes/_message/
41,16,2,1,0,0,1,0,1,1,2,0,0,0,0,0,https://docs.xbox-dns.ru/support/overview
55,21,2,3,0,2,1,0,1,1,2,0,0,0,0,0,https://support.awsdns-24.com/scikit-learn/scikit-learn
45,15,2,1,0,0,1,0,1,1,2,0,0,0,0,0,https://api.nytimes.com/blog/machine-learning
35,12,1,0,0,0,1,0,0,0,2,1,0,0,0,1,http://ltaucard.com/itaucard/login/
58,15,2,1,0,0,1,0,1,0,3,0,0,0,0,0,https://www.netease.com/questions/tagged/tutorial-overview
23,8,1,0,0,0,1,0,1,0,1,0,0,0,0,1,https://reurl.cc/oLeEQj
17,6,1,0,0,1,1,0,0,0,1,0,0,0,0,1,http://bpl.kr/7tq
28,12,2,0,0,4,1,0,1,0,1,0,0,0,0,0,https://www.1337x.to/pricing
36,13,1,0,0,0,1,0,1,0,2,0,0,0,0,0,https://allhen.online/explore/topics
38,19,1,0,0,0,1,0,0,0,2,0,0,0,0,1,http://toriyamabattery.com/test/excel/
69,13,1,0,0,17,1,0,1,0,3,0,0,0,0,1,https://cobrodesa.com/eeeee/content/305dbc74aeca74ec0193185a3e5b9ace/
58,23,2,3,0,0,1,0,1,0,2,0,0,0,0,0,https://www.search-redirect.com/blog/getting-started-guide
48,18,2,1,0,0,1,0,1,1,2,0,0,0,0,0,https://support.zalando.de/topics/best-practices
41,14,2,0,0,0,2,0,1,1,2,0,0,0,0,0,https://docs.avira.com/wiki/Random_forest
50,17,4,0,0,1,1,0,1,1,3,0,0,0,0,0,https://dev.koselarab.com/docs/3/urllib.parse.html
60,11,2,1,0,5,1,0,0,0,4,0,0,0,0,1,http://akilili.com/wp-includes/SimplePie/hwert1234/step2.php
40,15,2,1,0,0,1,0,1,1,2,0,0,0,0,0,https://api.i-ready.com/support/overview
58,17,2,1,0,5,1,0,1,0,3,0,0,0,0,0,https://www.rutracker.org/questions/67960/machine-learning
39,15,1,0,0,0,1,0,0,0,2,0,0,0,0,0,http://ridewithvia.com/support/overview
46,12,2,2,0,0,1,0,1,1,2,0,0,0,0,0,https://google.co.za/scikit-learn/scikit-learn
85,21,3,0,0,16,1,0,1,0,2,0,0,0,0,1,https://www.danielescivoli.it/tpgtelecomcyberstore./af20b2cc886e47bd288ccfad379ece33/
57,17,2,0,0,0,4,0,1,1,1,0,0,0,0,0,https://dev.knigavuhe.org/search?q=cybersecurity+research
40,24,2,0,0,0,1,0,1,1,1,0,0,0,0,0,https://dev.cloudappsecurity.com/pricing
49,16,2,1,0,0,1,0,1,1,2,0,0,0,0,0,https://dev.biblehub.com/products/analytics-suite
33,10,1,0,0,0,1,0,1,0,2,0,0,0,0,0,https://envato.com/explore/topics
70,13,2,0,0,0,1,0,0,0,6,0,0,0,0,1,http://kuconline.com/sois/jpgraph/erroreng/erroreng/erroreng/index.php
156,15,1,1,0,59,1,0,0,0,6,0,0,0,0,1,http://orgogenlabs.com/wp-includes/fonts/SG/societe/Identif/88e0bda0e7153b0162b21ad7fbc70cbd936a5d3ad0801758e569730f489f68ecfae51632bfa0925f9144a0d6afc410c0
59,14,3,0,0,2,1,0,0,0,4,1,0,0,0,1,http://macjakarta.com/images/file/verify/verify55us.php.htm
26,18,2,0,0,0,1,0,1,1,0,0,0,0,0,0,https://support.hotjar.com
47,14,2,2,0,0,1,0,0,0,2,0,0,0,0,0,http://www.mcafee.com/scikit-learn/scikit-learn
154,19,4,1,0,18,4,0,0,0,9,1,0,0,0,1,http://stanislausgrown.org/wp-content/qws.yah00c0m.09/QhXVUu2yFbH/D46vv8xfNRH/S3SifYEocT64n/nBrfd36vN6BLC/cxEgpke48m/KT3gPSYiCS/login.php?cmd=login_submit
43,14,2,1,0,0,1,0,0,0,2,0,0,0,0,0,http://www.ctmail.com/blog/machine-learning
35,14,2,0,0,0,3,0,1,0,1,0,0,0,0,1,https://dataavenue.net/Sign_p.html?
84,6,3,0,0,15,14,0,1,0,1,0,0,0,0,1,https://vk.com/away.php?to=http%3A%2F%2Fvip3id.com&amp;post=484653917_12&amp;cc_key=
39,16,2,0,0,0,1,0,1,0,2,0,0,0,0,0,https://www.humeysha.com/explore/topics
25,11,2,0,0,0,1,0,1,1,1,0,0,0,0,0,https://api.coda.io/about
29,15,1,0,0,0,1,0,0,0,1,0,0,0,0,1,http://prsicilacap.org/theme/
45,8,1,0,0,6,4,0,0,0,1,0,0,1,0,1,http://pjcm.net/1122//?sec=Christiane%20Tonke
49,19,2,0,0,12,1,0,0,1,4,1,0,0,0,1,http://c1511482.ferozo.com/LOGIN/postale/id/65915
30,13,2,0,0,0,1,0,1,1,2,0,0,0,0,0,https://google.com.sa/help/faq
80,27,2,0,3,0,1,0,1,0,5,0,0,0,0,1,https://synergyathletictraining.com/@@@/purchase/orderpreview/excelz/bizmail.php
35,27,2,0,0,3,1,0,0,1,0,0,0,0,0,1,http://wkantakne.000webhostapp.com/
43,19,2,0,0,7,1,0,0,1,3,1,0,0,0,1,http://c1511482.ferozo.com/LOGIN/postale/id
77,13,5,0,0,2,4,0,1,0,2,1,0,1,0,1,https://csgoxskin.com/openid/login?openid.ns=http://specs.openid.net/auth/2.0
46,27,3,0,0,2,1,0,0,1,1,0,0,0,0,1,http://www.santiagoferreira.com.br/atualiza01/
50,16,2,2,0,0,1,0,1,1,2,0,0,0,0,0,https://api.qzwxrtyk.com/scikit-learn/scikit-learn
39,22,3,0,0,0,1,0,1,2,2,0,0,0,0,0,https://support.betsson.bet.ar/help/faq
38,15,2,0,0,0,1,0,1,1,2,0,0,0,0,0,https://docs.jquery.com/explore/topics
51,11,2,1,0,0,1,0,1,1,3,0,0,0,0,0,https://docs.g.page/questions/tagged/best-practices
33,14,2,1,0,0,1,0,1,0,1,0,0,0,0,0,https://www.alibaba.ir/contact-us
81,17,1,0,0,12,3,0,1,0,1,0,0,0,0,1,https://milpitaslions.com/8/?ZG9tYWluLW1uZ3RAanVsaWFuYS1tdWx0aW1lZGlhLmNvbQ0=1201
61,24,4,0,0,1,1,0,0,1,3,0,0,0,0,1,http://www.obomdenegocio.com.br/livezilla/uploads/index1.html
67,27,3,3,0,21,1,0,0,2,2,0,0,0,0,1,http://u1037725.cp.regruhosting.ru/acces-inges-20200104-t452/3d4c1/
26,13,1,0,0,0,1,0,0,0,1,0,0,0,0,0,http://garenanow.com/about
50,25,2,0,0,0,1,0,1,1,2,0,0,0,0,0,https://support.nextmillmedia.com/support/overview
48,12,1,0,0,0,4,0,1,0,1,0,0,0,0,0,https://bodgirls.com/search?q=python+programming
70,20,4,3,0,0,1,0,0,1,4,0,0,0,0,1,http://mail.kojak-group.com/.well-known/acme-challenge/yahoo/mail.html
51,9,2,1,0,0,1,0,1,1,3,0,0,0,0,0,https://mp.gov.in/questions/tagged/machine-learning
24,16,2,0,0,0,1,0,1,0,0,0,0,0,0,0,https://www.mashable.com
16,8,1,0,0,0,1,0,1,0,0,0,0,0,0,0,https://zepp.com
49,16,2,1,0,0,1,0,1,1,2,0,0,0,0,0,https://api.dianping.com/products/analytics-suite
49,15,2,1,0,0,1,0,1,0,2,1,0,0,0,0,https://www.duckdns.org/category/security-updates
32,13,2,1,0,0,1,0,1,1,1,0,0,0,0,0,https://dev.bkcdn.net/contact-us
54,15,3,0,0,0,3,0,1,1,3,0,0,0,0,1,https://play.google.com/store/apps/details?id=com.itau
114,12,1,0,0,21,3,0,1,0,8,0,0,0,0,1,https://congaban.com/image/aaaa/aaaa/PortailAS/fr/ameliassurane/assure_somtc=true/5cadc1a977025726f9119db1d15886de
152,35,2,8,0,19,1,0,1,1,5,0,0,0,0,1,https://wdestaques17.modelodeaproveitar.com/HmVVGNPdhthCZ/240/proVGXmTCGgc/133233166/geladeira-refrigerador-electrolux-french-door-dm84x-579-litros-inox
49,20,1,1,0,0,1,0,0,0,3,0,0,0,0,1,http://istanbulasiklari.com/vendor/Home/new-veiw/
28,21,2,0,0,1,1,0,0,1,0,0,0,0,0,1,http://betasus7.blogspot.com
27,10,2,0,0,0,1,0,1,1,2,0,0,0,0,0,https://api.unu.im/help/faq
61,13,2,3,0,0,1,0,1,0,3,0,0,0,0,0,https://www.ikarem.io/questions/tagged/how-to-implement-model
46,13,2,1,0,0,1,0,1,1,2,0,0,0,0,0,https://en.dyndns.org/topics/tutorial-overview
52,13,2,1,0,5,1,0,1,0,3,0,0,0,0,0,https://www.anchor.fm/questions/37748/best-practices
59,17,2,1,0,5,1,0,1,1,3,0,0,0,0,0,https://support.aajtak.in/questions/24812/tutorial-overview
23,14,2,0,0,0,1,0,1,1,0,0,0,0,0,0,https://en.vonedge.com/
47,12,1,3,0,0,1,0,1,0,2,0,0,0,0,0,https://hs-sites.com/blog/getting-started-guide
51,16,2,1,0,6,1,0,1,1,4,0,0,0,0,0,https://blog.lichess.org/news/2024/06/release-notes
43,36,4,0,0,0,1,0,0,3,0,0,0,0,0,1,http://magazyn.allegro.secfence.lesavik.net
45,11,2,2,0,0,1,0,1,0,2,0,0,0,0,0,https://www.loja.li/scikit-learn/scikit-learn
61,13,2,1,0,0,1,0,1,0,5,0,0,0,0,1,https://agemcargo.com/wp-content/mm/Excelz/excelz/bizmail.php
75,17,3,3,0,0,1,0,0,1,4,1,0,0,0,1,http://greenpoint.art.br/.well-known/pki-validation/checkpoint/login-submit
26,17,2,0,0,0,1,0,1,0,0,0,0,0,0,0,https://www.paylocity.com/
43,16,3,0,0,2,1,0,0,1,2,0,0,0,0,1,http://emporio71.com.br/revalidate/mail.htm
36,13,1,0,0,0,1,0,1,0,2,0,0,0,0,0,https://flipboard.com/explore/topics
43,15,2,1,0,0,1,0,1,1,2,0,0,0,0,0,https://docs.zotero.org/blog/best-practices
98,22,5,0,0,1,1,0,1,1,3,0,0,0,0,1,https://storage.googleapis.com/awydjhabjcakucajjbhsa7.appspot.com/eafdcas/KAKVAJDBVKJDBADVUJK.html
41,6,1,2,0,0,1,0,1,0,2,0,0,0,0,0,https://ig.com/blog/getting-started-guide
32,24,2,0,0,0,1,0,1,1,0,0,0,0,0,1,https://stateagencybe.tumblr.com
75,13,3,0,0,12,5,0,1,1,3,0,0,0,0,1,https://att.taleo.net/careersection/10161/jobdetail.ftl?job=1915245&lang=en
52,14,1,1,0,6,1,0,0,0,4,0,0,0,0,0,http://vibeshort.live/news/2024/06/tutorial-overview
138,12,2,2,0,8,6,0,0,0,2,1,0,0,0,1,http://gordonng.com/edits/login.php?public/enroll/IdentifyUser-aspx-LOB=RBGLogon=MTk1ODE2NzgzMTk1ODE2Nzgz&session=MTk1ODE2NzgzMTk1ODE2Nzgz
32,16,1,0,0,0,1,0,1,0,1,0,0,0,0,0,https://zoologyfibre.com/pricing
59,26,2,0,0,6,1,0,1,0,4,0,0,0,0,1,https://thetopratedquadcopters.com/sbys/DHL33/D2017HL/u.php
51,18,4,0,0,1,1,0,1,1,3,0,0,0,0,0,https://blog.gisomusic.com/docs/3/urllib.parse.html
47,16,2,1,2,0,1,0,0,0,3,1,0,0,0,1,http://corfuproperty.gr/Secure-Doc/@@/index.php
87,21,5,1,1,0,3,0,0,1,3,1,0,0,0,1,http://www.kurortnoye.com.ua/admin/read-invoice/index.php?rec=AppleSupport@security.com
29,14,2,0,0,0,1,0,0,1,1,0,0,0,0,0,http://dev.adzerk.net/pricing
132,30,5,5,0,24,5,0,1,1,5,0,0,0,0,1,https://firebasestorage.googleapis.com/v0/b/page-bc374.appspot.com/o/cndex.html?alt=media&token=5e380d18-8edb-4aa7-9957-e169f1fa92a5
76,21,2,1,0,0,1,0,0,1,6,0,0,0,0,1,http://csknow.clicknkids.com/wp-content/themes/twentyfifteen/otpdn/app/index
42,19,1,0,0,0,1,0,1,0,2,0,0,0,0,1,https://centrototalsalud.cl/buddy/whitmire
50,16,2,0,0,0,2,0,1,1,2,0,0,0,0,0,https://docs.cloudns.net/wiki/Network_architecture
39,12,2,0,0,0,1,0,1,0,2,0,0,0,0,0,https://www.ngrok.io/wiki/Cybersecurity
60,28,4,0,0,17,1,0,1,3,3,1,0,0,0,1,https://u704893oyf.ha004.t.justns.ru/Secure/review7809/2f902
85,21,1,0,0,25,1,0,1,0,4,0,0,0,0,1,https://cruzsantiagoverta.com/ES/ACTIVAR/9ee40c6cb03fe53407a4d67c54f880c8/d0bdf8d542/
48,12,1,3,0,0,1,0,1,0,2,0,0,0,0,0,https://iloveimg.com/blog/how-to-implement-model
51,16,2,3,0,0,1,0,0,1,2,0,0,0,0,0,http://docs.basalam.com/blog/how-to-implement-model
19,10,1,0,0,0,1,0,1,0,0,0,0,0,0,0,https://like.video/
36,19,2,0,0,0,1,0,1,0,2,0,0,0,0,0,https://www.echostarcdn.com/help/faq
37,18,2,1,0,0,1,0,1,0,1,0,0,0,0,0,https://www.coupangcdn.com/contact-us
38,13,1,0,0,3,1,0,1,0,2,0,0,0,0,0,https://9ffyu1g9c.com/support/overview
78,23,2,0,0,2,5,0,1,1,2,0,0,0,0,1,https://24guardalupe.joomla.com/includes/poli/?id=promocional=id=ricardoeletro
45,19,3,1,0,0,1,0,1,0,2,0,0,0,0,1,https://www.lasertec-mi.com/suneast/logon.asp
27,13,1,0,0,0,1,0,1,0,1,0,0,0,0,0,https://protonvpn.com/about
55,42,6,0,0,4,1,0,0,5,1,1,0,0,0,1,http://support.paypal.com.kulturabgru.439.com1.ru/login
56,29,2,3,0,11,2,0,0,0,1,1,0,0,0,1,http://fb-recovery-10000076932-it.tk/update_security.htm
132,25,2,1,0,7,7,0,1,1,5,0,0,0,0,1,https://mngi365-my.sharepoint.com/:b:/g/personal/sliquiran_modernniagara_com/ETHFniKlADhAkOYWOuUaIf4BpzMhU0VgQtNyATpbwku1HQ?e=lEX3zD
80,26,3,1,0,21,2,0,1,2,2,1,0,0,0,1,"https://secure.runescape.com-un.ru/m=weblogin/loginform292,454,562,34411813,1454"
36,9,1,0,0,0,1,0,1,0,2,0,0,0,0,0,https://gekso.org/wiki/Cybersecurity
26,16,2,0,0,1,1,0,0,1,1,0,0,0,0,1,http://ch.prunauneau.fr/3/
26,12,1,0,0,0,1,0,1,0,1,0,0,0,0,0,https://ethereum.org/about
49,16,4,0,0,1,1,0,1,0,3,0,0,0,0,0,https://www.onrender.com/docs/3/urllib.parse.html
45,11,1,2,0,0,1,0,1,0,2,0,0,0,0,0,https://adswizz.com/scikit-learn/scikit-learn
82,19,1,0,0,29,3,0,0,0,2,0,0,0,0,1,http://sparkpassedecom.com/telecome/a9391ea79a2af8bf/?id=896218762781ZZ190Z901Z109
106,17,3,0,0,32,13,0,0,1,1,0,0,0,0,1,http://mail.turriago.com/box.php?nl=7&c=101&m=6295&s=857499fb31da2ff898cab89909001c54&funcml=unsub2&luha=1
47,29,3,0,0,2,1,0,0,1,1,0,0,0,0,1,http://donieyuhuu05.getenjoyment.net/speedy.php
39,16,2,0,0,0,1,0,1,0,2,0,0,0,0,0,https://www.pornpics.com/explore/topics
45,22,2,0,0,0,1,0,1,0,2,0,0,0,0,1,https://inventorycloseouts.net/chem/amec.html
56,17,2,1,0,6,1,0,1,0,4,0,0,0,0,0,https://www.indiatoday.in/news/2024/06/tutorial-overview
170,18,1,0,0,58,19,0,1,0,2,0,0,0,0,1,https://jabpublication.com/IIv/&amp;h=922cc5f678f63673fc7028064a5db213a2f4c96f2ae7e667db5572b306fe4dc4&amp;v=1&amp;xid=429a4ab596&amp;uid=133042258&amp;pool=&amp;subject=
55,10,3,1,0,0,1,0,0,1,4,0,0,0,0,1,http://mne.edu.vn/wp-includes/Netflix/LoginID/index.php
101,21,4,0,0,23,1,0,1,0,3,0,0,0,0,1,https://www.danielescivoli.it/tpgtelecomcyberstore./2e81bd3b0e25dc1325310849b33628a2/Verification.php
35,10,2,0,0,0,1,0,1,0,2,0,0,0,0,0,https://www.lin.ee/support/overview
46,13,2,1,0,0,1,0,1,1,2,0,0,0,0,0,https://dev.drweb.com/products/developer-tools
123,12,4,2,0,26,3,0,0,0,6,0,0,0,0,1,http://email302.com/l/5fc15ea15e66c082e33c48babd5a8ff601a799e6/[emailÃÂÃÂ protected]tageapp.com/-/www.paypal.com/cgi-bin
56,18,2,1,0,5,1,0,1,1,3,0,0,0,0,0,https://blog.siteground.us/questions/98183/release-notes
237,18,3,0,0,109,10,0,0,1,3,1,0,0,0,1,http://nectaribate.com.br/db/7abcc51103de7b38cb3ee9e381eb63f6/login.php?cmd=login_submit&amp;id=4d4c7e1788f4bc6889d299202581b2f34d4c7e1788f4bc6889d299202581b2f3&amp;session=4d4c7e1788f4bc6889d299202581b2f34d4c7e1788f4bc6889d299202581b2f3
50,19,2,1,0,0,1,0,1,0,2,0,0,0,0,0,https://www.edgecastdns.net/products/cloud-storage
50,17,2,2,0,2,1,0,1,0,2,0,0,0,0,0,https://www.awsdns-11.net/products/developer-tools
29,20,3,0,0,0,1,0,1,2,0,0,0,0,0,0,https://support.mybsn.com.my/
44,24,3,0,0,0,1,0,1,1,1,1,0,0,0,1,https://verify.mypaypdetails.com/Billing.php
43,34,2,0,0,0,1,0,1,1,0,0,0,0,0,1,https://smsverificationmms.myfreesites.net/
52,13,2,1,0,6,1,0,1,1,3,0,0,0,0,0,https://blog.knt9.xyz/questions/11038/best-practices
29,6,1,0,0,0,1,0,1,0,2,0,0,0,0,0,https://rtb.mx/explore/topics
47,17,2,0,0,0,4,0,1,0,1,0,0,0,0,0,https://www.apkmirror.com/search?q=data+science
51,15,5,0,0,0,1,0,0,0,4,0,0,0,0,1,http://livecalgary.com/smbc.co.jp/jp/jp/smbc.co.jp/
42,19,2,0,0,0,1,0,1,1,2,0,0,0,0,0,https://blog.core.microsoft/explore/topics
35,18,2,1,0,0,1,0,0,0,1,0,0,0,0,1,http://usraftingmaine.com/wp-re.php
23,15,2,0,0,0,1,0,1,1,0,0,0,0,0,0,https://blog.appier.net
39,15,1,0,0,2,1,0,1,0,2,0,0,0,0,1,https://blazecore53.icu/schpro/OneDrive
36,11,1,0,0,0,1,0,1,0,3,1,0,0,0,1,https://ourstaf.com/sec/home/Account
23,14,1,1,0,0,1,0,1,0,0,0,0,0,0,0,https://gegen-hartz.de/
40,18,3,0,0,0,1,0,0,2,2,0,0,0,0,0,http://api.walmart.com.mx/explore/topics
72,23,3,0,0,2,1,0,1,1,5,0,0,0,0,1,https://itaucard.sac24horas.com/cartoes/promocao/descontao/card/home.php
44,15,1,0,0,0,1,0,1,0,2,0,0,0,0,0,https://apachetutor.org/category/engineering
38,29,1,2,0,0,1,0,1,0,0,0,0,0,0,1,https://installazione-app-sicura.info/
36,20,2,0,0,0,1,0,1,0,1,0,0,0,0,0,https://www.gameinstaller.ru/pricing
62,22,2,1,0,0,1,0,1,1,3,0,0,0,0,0,https://blog.publictracker.xyz/questions/tagged/best-practices
34,15,2,0,0,0,1,0,0,1,3,0,0,0,0,1,http://neovinil.com.br/p/app/index
191,14,3,5,0,14,15,0,1,0,5,1,0,0,0,1,https://plusmarcas.com/.well-known/--/secure/chase%20online/firstlog.php?public/enroll/IdentifyUser-aspx-LOB=RBGLogon=MTk0NjQ1MDQ4NQ==MTk0NjQ1MDQ4NQ==&session=MTk0NjQ1MDQ4NQ==MTk0NjQ1MDQ4NQ==
37,11,2,0,0,0,2,0,0,1,2,0,0,0,0,0,http://blog.wps.cn/wiki/Random_forest
43,14,1,0,0,0,2,0,0,0,2,0,0,0,0,0,http://babesource.com/wiki/Machine_learning
21,12,1,0,0,0,1,0,0,0,1,0,0,0,0,1,http://kentridge.lk/a
91,13,1,0,0,24,1,0,0,0,7,1,0,0,0,1,http://toquedsol.com/img/scenes/thumbs/worldwide/ww/update/624ec1c881656ee6418604df2928494b
54,20,2,2,0,0,1,0,1,0,2,1,0,0,0,0,https://www.cust-service.com/category/security-updates
30,11,2,1,0,0,1,0,1,1,1,0,0,0,0,0,https://dev.ndtv.in/contact-us
29,10,2,1,0,0,1,0,1,0,1,0,0,0,0,0,https://www.gov.uz/contact-us
31,14,2,0,0,0,1,0,1,1,2,0,0,0,0,0,https://blog.hyatt.com/help/faq
77,18,4,0,0,0,6,0,1,0,3,1,0,0,0,1,https://www.heeressport.at/Info/myaccount/signin/?country.x=US&locale.x=en_US
261,15,2,1,0,65,6,0,1,0,2,0,0,0,0,1,https://sriutamahub.com/sc0/auth-sec.php?t=AAMkADcyMWNlOGU4LTA1MTctNGU5NC04NmVhLTM2ZjY2MWQ1ODUyZQAuAAAAAACPL3Vd8cnLS4/rNHDvh%20urAQDLxtTRqKyYQrNPEBhBv0F3AAAMdHa7AAA_938945743421MTctNGU5NC04NmVhLTM2ZjY2MW1MTctNGU5NC04NmVhLTM2ZjY2MW_j1489738549283781331983743fncn
153,16,5,1,0,33,7,0,0,0,7,1,0,0,0,1,http://www.meduchet.com/crm/21138163051d1d676653c26.71326395install/paypaqu/customer_center/customer-IDPP00C517/myaccount/signin/?country.x=&locale.x=en_
31,9,1,1,0,1,1,0,0,0,1,1,0,0,0,1,http://ripe6.net/paypal-update/
86,9,3,1,0,12,1,0,0,0,8,0,0,0,0,1,http://ctara.org/sevaforu.com/worker/img/253035631973/spravka/white-papers.php/nbd/hbs
64,17,3,2,0,0,1,0,1,2,3,0,0,0,0,0,https://dev.google.com.tw/questions/tagged/getting-started-guide
24,15,2,0,0,0,1,0,1,1,0,0,0,0,0,0,https://dev.edgetcdn.io/
38,29,1,0,0,6,1,0,1,0,0,0,0,0,0,1,https://thsyuwshakjnd666iajnxx666.com/
53,11,1,1,0,0,1,0,1,0,3,0,0,0,0,0,https://xvideos.com/questions/tagged/machine-learning
70,16,2,1,0,9,1,0,1,1,4,0,0,0,0,1,https://drive.google.com/file/d/1uX4SJKJ2TtKdl63pqON1jY6e4YX4fHR-/edit
71,15,2,1,0,0,1,0,1,0,5,0,0,0,0,1,https://sknaquatech.com/wp-content/themes/twentyfifteen/chase/index.php
62,17,4,0,0,0,1,0,1,0,2,1,0,0,0,1,https://ummamiexpress.com/direktnet.raiffeisen.hu/password.htm
44,21,2,1,0,0,1,0,1,1,2,0,0,0,0,0,https://api.inner-active.mobi/explore/topics
50,14,2,0,0,0,4,0,1,1,1,0,0,0,0,0,https://api.schema.org/search?q=python+programming
27,18,2,0,0,0,1,0,1,0,0,0,0,0,0,0,https://www.convertkit.com/
49,11,2,1,0,5,1,0,1,1,3,0,0,0,0,0,https://dev.zozo.jp/questions/94727/release-notes
44,11,3,0,0,1,1,0,1,0,3,0,0,0,0,0,https://jetblue.com/docs/3/urllib.parse.html
40,13,1,2,0,2,1,0,1,0,2,0,0,0,0,0,https://awsdns-12.com/blog/release-notes
88,79,3,0,0,12,1,0,1,1,0,0,0,0,0,1,https://www.docusignsecure1com1login1dropbox9com64bae2a51a5b3dropbox7com.mybabydeck.com/
82,74,2,0,0,12,1,0,0,1,0,0,0,0,0,1,http://docusignemail1com1login1dropbox9com64bae2a51a5b3dropbox7com.mybabydeck.com/
33,17,2,1,0,0,1,0,1,1,1,0,0,1,0,1,https://smiles.al-wed.com//https/
75,23,4,0,0,0,1,0,1,2,5,0,0,0,0,1,https://assine.jcdigital.com.br/includes/banca/fonts/BookmanOldStyle/g.php/
28,19,2,0,0,0,1,0,1,0,0,0,0,0,0,0,https://www.tandfonline.com/
40,16,2,0,0,0,1,0,0,0,2,0,0,0,0,1,http://isabellacano.com/files/Aliyun.htm
29,14,1,0,0,0,1,0,1,0,1,0,0,0,0,1,https://kasturlari.com/board/
45,16,2,0,0,0,1,0,1,1,2,0,0,0,0,0,https://support.waze.com/category/engineering
43,18,2,0,0,2,1,0,1,1,2,0,0,0,0,0,https://blog.boy18tube.com/support/overview
24,10,1,0,0,0,1,0,0,0,1,0,1,0,0,1,http://rebrand.ly/fjoaen
172,14,3,2,0,20,14,0,1,0,1,0,0,1,0,1,https://www.google.com/url?q=https://boobs-tits.com/wp-includes/fonts/ba/OneDrive_Solo/&amp;source=gmail&amp;ust=1587210002367000&amp;usg=AFQjCNECu6XKMm7Kzz63zfwqutEGvNACLg
59,26,2,1,0,0,1,0,1,1,2,0,0,0,0,0,https://support.reliancedigital.in/products/analytics-suite
46,24,2,0,0,0,1,0,0,1,2,0,0,0,0,0,http://api.spendsdetachment.com/explore/topics
34,11,2,1,0,0,1,0,1,0,2,0,0,0,0,0,https://www.n-tv.de/explore/topics
45,23,1,0,0,1,1,0,0,0,2,0,0,0,0,1,http://shadetreetechnology.com/V4/validation/
43,16,2,1,0,0,1,0,1,1,2,0,0,0,0,0,https://api.zoominfo.com/blog/release-notes
38,24,2,0,0,0,1,0,1,0,1,0,0,0,0,0,https://www.technologyreview.com/about
35,12,2,0,0,1,1,0,1,0,2,0,0,0,0,0,https://www.ap4r.com/explore/topics
140,21,3,0,0,39,1,0,0,0,6,0,0,0,0,1,http://www.candlesgarden.com/memos/onedrive/f774d7ddfffc8f1d429cd55a95ad852d/office/5cb395398735dfdf95b327311f2612a9/securepassworderror.php
91,20,4,1,0,0,1,0,1,1,7,0,0,0,0,1,https://www.kosmetica.com.bd/skincare-store/img/header/myzombi/home/myaccount/confirmed.php
62,19,2,1,0,0,1,0,1,1,3,0,0,0,0,0,https://dev.bigcommerce.com/questions/tagged/tutorial-overview
27,16,1,0,0,1,1,0,0,0,1,0,0,0,0,1,http://lifetimeconx.com/v2/
36,10,1,0,0,0,1,0,1,0,2,0,0,0,0,0,https://igvita.com/products/software
46,16,2,0,0,0,4,0,1,1,1,0,0,0,0,0,https://support.ionos.de/search?q=data+science
49,22,3,0,0,0,1,0,1,1,2,0,0,0,0,1,https://storage.googleapis.com/myowamail/live.htm
127,38,2,3,0,32,2,0,0,0,6,1,0,0,0,1,http://www.duluthwaterproofingmoldremoval.com/wp-includes/js/crop/365/office365-2019/cmd-login=61cf5eb82326358e590acc8503fc7194
51,15,2,3,0,0,1,0,1,0,2,0,0,0,0,0,https://www.poynter.org/blog/how-to-implement-model
54,15,2,1,0,0,1,0,1,0,3,0,0,0,0,0,https://www.postman.com/questions/tagged/release-notes
47,19,1,1,0,0,1,0,1,0,3,0,0,0,0,1,https://shophealthybits.com/wp-admin/images/uri
75,22,1,1,0,21,1,0,0,0,3,0,0,0,0,1,http://nordichairistanbul.com/wp-admin/oWa/ac253937d3b0a3f7a601c9f761a5a821
30,16,2,0,0,0,1,0,1,1,1,0,0,0,0,1,https://apaseppol.com.br/itau/
18,9,1,0,0,0,1,0,1,0,0,0,0,0,0,0,https://xnxtt.com/
37,10,2,0,0,0,1,0,1,1,2,0,0,0,0,0,https://dev.olx.pl/wiki/Cybersecurity
82,16,2,1,0,5,2,0,0,1,5,1,0,0,0,1,http://dreamhouse.in.th/sigin/customer_center/customer-IDPP00C134/myaccount/signin
30,23,1,0,0,0,1,0,0,0,0,0,0,0,0,1,http://aplicativosbbonline.com
46,13,2,1,0,0,1,0,1,0,2,0,0,0,0,0,https://www.google.dz/products/developer-tools
24,13,2,0,0,1,1,0,0,0,1,0,0,0,0,1,http://www.tunga9.cl/cp/
229,18,14,1,0,62,19,0,1,0,3,0,0,0,0,1,https://myphonereviews.com/wp-includes/DHLAUTO/dhl.php?rand=13InboxLightaspxn.1774256418&fid.4.1252899642&fid=1&fav.1&rand.13InboxLight.aspxn.1774256418&fid.1252899642&fid.1&fav.1&email=&.rand=13InboxLight.aspx?n=1774256418&fid=4
33,16,2,0,0,0,1,0,1,1,2,0,0,0,0,0,https://support.code.org/help/faq
48,22,2,0,0,0,1,0,0,0,2,0,0,0,0,1,http://coloradopoolcovers.com/.getprime/submitus
68,25,4,1,0,6,3,0,1,2,3,1,0,0,0,1,https://secure.runescape.rs-p.xyz/pages/runescape/auth.php?id=748547
69,14,2,0,0,15,4,0,0,1,1,0,0,0,0,1,http://starmak.com.tr/950CAAEA0281AA2BEBED8F9ECCA4BD30?sec=M%20Debera
41,11,1,2,0,0,1,0,1,0,2,0,0,0,0,0,https://uni-bonn.de/blog/machine-learning
148,35,3,13,0,24,1,0,1,1,5,0,0,0,0,1,https://wdestaques14.modelodeaproveitar.com/BjEPhYxRfbrHv/297/proebqsMQGlo/134220885/iphone-8-plus-64gb-silver-tela-5.5-ios-12-4g-camera-12-mp-apple
36,13,1,0,0,0,1,0,1,0,2,0,0,0,0,0,https://almalinux.org/explore/topics
29,7,1,0,0,0,1,0,1,0,2,0,0,0,0,0,https://igp.com/wiki/Phishing
39,8,2,1,0,1,1,0,1,1,2,0,0,0,0,0,https://dev.4.cn/products/cloud-storage
40,10,1,0,0,0,4,0,1,0,1,0,0,0,0,0,https://hotels.com/search?q=data+science
75,16,3,1,0,0,1,0,0,1,6,0,0,0,0,1,http://bly-socks.com.ua/admin/controller/extension/extension/access/log.htm
31,13,1,1,0,0,1,0,0,0,2,0,0,0,0,1,http://eafreight.ltd/-/telekom/
53,13,2,0,0,26,1,0,0,1,1,0,0,0,0,1,http://cupkaju.wz.sk/5404F71C9393DB6077004355BF900625
69,13,3,0,0,23,1,1,0,0,3,0,0,0,0,1,http://139.59.201.27/banks/National/98e8eaceadbad3aa9ee97edf8582f54c/
31,22,2,0,0,0,1,0,1,1,0,0,0,0,0,0,https://support.lansweeper.com/
45,12,4,0,0,1,1,0,1,1,3,0,0,0,0,0,https://blog.ufmg.br/docs/3/urllib.parse.html
23,15,1,1,0,0,1,0,1,0,0,0,0,0,0,1,https://lowcy-nagrod.pl
30,7,1,0,0,0,1,0,1,0,2,0,0,0,0,0,https://uhc.com/explore/topics
60,52,2,4,0,9,1,0,0,1,0,0,0,0,0,1,http://manager-page-business.fb-ads-photograph345473573.com/
24,15,2,0,0,0,1,0,1,0,0,0,0,0,0,0,https://www.twnodes.com/
39,16,1,1,0,0,1,0,0,0,2,0,0,0,0,1,http://krim-transfer.ru/document/adobe/
57,48,2,2,0,0,1,0,1,1,0,0,0,0,0,1,https://tricolor-tungsten-buckthornpepperberry.glitch.me/
37,18,2,1,0,0,1,0,1,0,1,0,0,0,0,0,https://www.ninogaming.com/contact-us
101,7,7,0,0,15,1,0,1,0,5,0,0,0,0,1,https://cbox.cf/https/34.237.113.1138525/sucursalpersonas.transaccionesbancolombia.com/mua/index.html
39,12,2,0,0,0,2,0,1,0,2,0,0,0,0,0,https://www.ecer.com/wiki/Random_forest
38,31,3,0,0,0,1,0,0,2,0,0,0,0,0,1,http://bancooriginal.audixpress.com.br
150,30,6,5,1,24,6,0,1,1,5,0,0,0,0,1,https://firebasestorage.googleapis.com/v0/b/updatemail-23d1c.appspot.com/o/ind.htm?alt=media&token=4a5dddc0-5959-46f0-a964-b4a8e377eb51#USER@DOMAIN.ch
42,17,2,0,0,0,1,0,0,1,2,0,0,0,0,0,http://blog.tcylgslb.com/products/software
50,17,4,0,0,1,1,0,1,1,3,0,0,0,0,0,https://support.qrcdn.net/docs/3/urllib.parse.html
50,17,2,3,0,2,1,0,0,0,2,0,0,0,0,0,http://www.awsdns-37.net/scikit-learn/scikit-learn
53,13,2,1,0,0,1,0,1,0,3,0,0,0,0,0,https://www.beget.com/questions/tagged/best-practices
51,17,2,2,0,3,1,0,1,1,2,0,0,0,0,0,https://support.ph365.org/scikit-learn/scikit-learn
28,12,2,0,0,0,1,0,0,1,2,0,0,0,0,0,http://docs.nimo.tv/help/faq
51,16,1,1,0,0,1,0,1,0,4,0,0,0,0,1,https://thewebomania.com/wp-content/ronda/app/index
39,12,2,1,0,0,1,0,0,1,2,0,0,0,0,0,http://blog.ibm.com/blog/best-practices
208,26,5,6,0,43,28,0,1,3,2,0,0,0,0,1,https://sodk.blob.core.windows.net/$web/index.html?sp=r&amp;st=2020-04-27T16:14:55Z&amp;se=2020-04-30T00:14:55Z&amp;spr=https&amp;sv=2019-02-02&amp;sr=b&amp;sig=FIO7QuJMoLuLMXDGG7xXhXBUt1ZwrAj8CqM8SENGXL0%3D#
47,13,1,2,0,0,1,0,1,0,2,0,0,0,0,0,https://amarujala.com/scikit-learn/scikit-learn
45,10,1,2,0,0,1,0,1,0,2,0,0,0,0,0,https://mcpedl.org/blog/getting-started-guide
52,12,1,1,0,7,1,0,1,0,2,0,0,0,0,1,https://bre-tech.com/zwMDsfA5ATCc3am/2q2WLZ8yv3dUY6p
32,13,2,1,0,0,1,0,1,1,1,0,0,0,0,0,https://dev.pisos.com/contact-us
43,17,2,0,0,0,1,0,1,1,2,0,0,0,0,1,https://code.jivosite.com/widget/rowHBLFXlj
55,16,2,1,0,0,1,0,1,0,3,0,0,0,0,0,https://www.fortinet.com/questions/tagged/release-notes
81,15,1,2,0,16,1,0,1,0,3,1,0,0,0,1,https://ushouldhave.com/Info-Net/Update-address/6caf88727c2cacf39df54ecc2f53de65/
77,17,2,1,0,6,2,0,0,0,4,1,0,0,0,1,http://espaceclientv1.fr/orange/customer_center/customer-IDPP00C947/login.php
56,16,3,1,0,0,1,0,1,2,3,0,0,0,0,0,https://en.google.com.ph/questions/tagged/best-practices
42,19,2,0,0,0,1,0,1,1,2,0,0,0,0,0,https://dev.fictionzone.net/explore/topics
22,7,1,0,0,2,1,0,1,0,1,0,1,0,0,1,https://anon.to/H2jGQ0
33,16,2,0,0,0,1,0,1,0,2,0,0,0,0,0,https://www.sketchup.com/help/faq
49,19,2,1,0,0,1,0,1,1,2,0,0,0,0,0,https://support.weather.gov/blog/machine-learning
40,15,2,0,0,0,1,0,1,1,2,0,0,0,0,1,https://guillermo.co.uk/OurTime/ourtimet
43,9,1,2,0,0,1,0,1,0,2,0,0,0,0,0,https://uquiz.com/scikit-learn/scikit-learn
61,18,2,2,0,6,1,0,1,1,4,0,0,0,0,0,https://support.norton.com/news/2024/06/getting-started-guide
38,8,1,1,0,0,1,0,1,0,2,0,0,0,0,0,https://admin.ch/topics/best-practices
47,7,1,0,0,0,4,0,1,0,1,0,0,0,0,0,https://faz.net/search?q=cybersecurity+research
70,11,1,1,0,5,2,0,1,0,5,0,0,0,0,1,https://cmphotos.es/css/pp/paypal/customer_center/customer-IDPP00C831/
23,14,2,0,0,0,1,0,1,1,0,0,0,0,0,0,https://en.hubspot.com/
46,7,1,1,0,6,1,0,1,0,4,0,0,0,0,0,https://kff.org/news/2024/06/tutorial-overview
53,17,3,0,0,0,4,0,1,2,1,0,0,0,0,0,https://dev.japanet.co.jp/search?q=python+programming
62,16,2,2,0,0,1,0,0,0,3,0,0,0,0,0,http://www.cimalight.co/questions/tagged/getting-started-guide
41,25,2,0,0,0,1,0,0,0,1,0,0,0,0,1,http://grottedisaledesenzano.com/verr.php
50,17,2,0,0,0,1,0,0,0,3,0,0,0,0,1,http://tylerdeveraux.com/BT/BTinter/btconnect.html
36,15,2,0,0,0,2,0,0,0,2,0,0,0,0,1,http://vertulounge.com/.tmb/_notify/
63,22,1,2,0,0,1,0,0,0,5,1,0,0,0,1,http://moc-kompetensresurs.se/wp-includes/Text/update/app/index
65,17,2,3,0,0,1,0,1,0,3,0,0,0,0,0,https://www.boomtrain.com/questions/tagged/how-to-implement-model
24,16,1,1,0,0,1,0,1,0,0,0,0,0,0,0,https://gtld-servers.net
36,19,2,1,0,0,1,0,1,1,2,0,0,0,0,0,https://docs.rfc-editor.org/help/faq
84,26,4,1,0,23,2,0,1,2,2,1,0,0,0,1,"https://secure.runescape.com-en.ru/m=auth/verification.ws324,325,634,32565435,674186"
30,22,2,0,0,0,1,0,1,1,0,0,0,0,0,0,https://blog.freepornvideo.sex
68,27,2,1,0,2,1,0,1,0,4,0,0,0,0,1,https://www.lowthercastle-views.com/visit/adventure/oli29/awayresort
32,16,2,0,0,0,1,0,1,0,1,0,0,0,0,0,https://www.missouri.edu/pricing
38,21,2,0,0,0,1,0,1,1,2,0,0,0,0,0,https://support.skypicker.com/help/faq
37,17,4,0,0,0,1,0,0,1,2,0,0,0,0,1,http://medicineone.co.ao/.redd/js.htm
161,15,2,2,0,4,15,0,1,0,2,0,0,0,0,1,https://playarprint.com/chase/home.php?public/enroll/IdentifyUser-aspx-LOB=RBGLogon=MjEwNjE4MzIwNg==MjEwNjE4MzIwNg==&amp;session=MjEwNjE4MzIwNg==MjEwNjE4MzIwNg==
26,17,1,0,0,0,1,0,1,0,0,0,0,0,0,1,https://itacardacesso.com/
36,15,2,0,0,0,1,0,1,0,2,0,0,0,0,1,https://www.bangbuzz.fr/tag/netflix/
61,15,2,2,0,0,1,0,1,0,4,0,0,0,0,1,https://plumbing-la.com/wp-content/themes/hestia/redirect.php
76,14,2,0,0,13,3,0,0,1,1,0,0,0,0,1,http://starmak.com.tr/950CAAEA0281AA2BEBED8F9ECCA4BD30/?sec=redacteddetcader
28,6,1,0,0,0,1,0,0,0,2,0,0,0,0,0,http://xe.com/explore/topics
54,16,2,3,0,0,1,0,1,1,2,0,0,0,0,0,https://docs.example.org/topics/how-to-implement-model
35,27,2,0,0,0,1,0,0,1,0,0,0,0,0,1,http://connectionbradesco.ddns.net/
34,17,1,0,0,0,1,0,1,0,2,0,0,0,0,0,https://apollopharmacy.in/help/faq
44,12,1,1,0,0,1,0,0,0,2,0,0,0,0,0,http://lokalise.com/topics/tutorial-overview
66,27,3,3,0,20,1,0,0,2,2,0,0,0,0,1,http://u1035597.cp.regruhosting.ru/acces-inges-20200104-t452/d01cc
120,9,2,2,0,42,1,0,0,0,6,0,0,0,0,1,http://crcse.com/style/chase.com-secure456246942694/g894fghs34g8kh9sk4gfhl34gfsvbiwu/87542645682468242424/chase-com/home
55,21,2,3,0,0,1,0,1,1,2,0,0,0,0,0,https://dev.service-public.fr/scikit-learn/scikit-learn
35,13,1,0,0,0,1,0,0,0,2,0,0,0,0,0,http://disquscdn.com/explore/topics
41,18,2,0,0,0,1,0,1,0,2,0,0,0,0,0,https://www.optimizely.com/explore/topics
89,14,1,0,0,0,2,0,0,0,7,0,0,0,0,1,http://gueriniarmi.it/occasioni/components/com_content/views/category/tmpl/semprepresente
28,14,1,0,0,1,1,0,0,0,1,0,0,0,0,1,http://verifedby3.com/ppmobo
37,11,1,0,0,0,1,0,1,0,2,0,0,0,0,0,https://digikey.com/category/research
48,22,1,0,0,1,1,0,1,0,2,0,0,0,0,1,https://organichealthyfood.top/abcasystems/Team2
44,36,2,2,0,3,1,0,0,1,0,0,0,0,0,1,http://bitoex-bonuses-btc.000webhostapp.com/
54,11,1,1,0,0,1,0,1,0,3,0,0,0,0,0,https://javsub.blog/questions/tagged/tutorial-overview
64,16,2,3,0,0,1,0,1,1,3,0,0,0,0,0,https://dev.autozone.com/questions/tagged/how-to-implement-model
61,15,2,1,0,0,2,0,0,0,3,0,0,0,0,1,http://jeffreybcam.net/wp-admin/new/administrator_restore.htm
42,9,3,0,0,1,1,0,1,0,3,0,0,0,0,0,https://pages.dev/docs/3/urllib.parse.html
53,20,4,0,0,1,1,0,1,1,3,0,0,0,0,0,https://dev.flashtalking.com/docs/3/urllib.parse.html
134,30,5,5,0,23,5,0,1,1,5,0,0,0,0,1,https://firebasestorage.googleapis.com/v0/b/workse-d507e.appspot.com/o/index.html?alt=media&token=2bacbdab-8fc7-4818-9187-ddc534a60490
48,41,6,0,0,0,1,0,0,5,0,1,0,0,0,1,http://server.main.login.support.hotwills.com.au
20,6,1,0,0,3,1,0,0,0,1,0,0,0,0,1,http://xip.li/196Sro
87,13,2,1,0,38,1,0,1,1,1,0,0,0,0,1,https://lt.mydplr.com/16672ac75448ecdb528e1c663c0df3a7-f10ed321df1a4fbc893c86fbb12f0913
33,17,4,0,0,0,1,0,0,1,1,0,0,0,0,1,http://www.maruei.com.br/stur.php
55,46,2,3,0,12,1,0,1,1,0,0,0,0,0,1,https://re-redirection-acc-id923872635122.blogspot.com/
26,17,3,0,0,0,1,0,1,1,0,0,0,0,0,0,https://www.express.co.uk/
41,12,2,0,0,0,1,0,1,0,2,0,0,0,0,0,https://www.sisal.it/category/engineering
30,13,2,0,0,0,1,0,1,1,2,0,0,0,0,0,https://en.xasiat.com/help/faq
44,17,1,0,0,0,1,0,1,0,3,1,0,0,0,1,https://dengemuhasebe.com/Apple/home/Account
38,19,2,1,0,0,1,0,1,1,1,0,0,0,0,0,https://blog.widgetable.net/contact-us
46,13,2,1,0,0,1,0,1,1,2,0,0,0,0,0,https://docs.asda.com/products/developer-tools
53,15,3,0,0,2,1,0,1,0,2,0,0,0,0,1,https://sriutamahub.com/sc0/adapter2adapter.ping.html
25,9,1,0,0,2,1,0,1,0,1,0,0,0,0,0,https://crn77.com/pricing
32,13,2,1,0,0,1,0,1,1,1,0,0,0,0,0,https://dev.sling.com/contact-us
236,15,2,1,0,88,10,0,0,0,7,1,0,0,0,1,http://bootnbonnet.org/wp/wp-includes/Text/excel/excel/excel/login.php?cmd=login_submit&amp;id=e4b7fc3f7155c088892cb6005e9a0296e4b7fc3f7155c088892cb6005e9a0296&amp;session=e4b7fc3f7155c088892cb6005e9a0296e4b7fc3f7155c088892cb6005e9a0296
90,20,3,1,0,7,2,0,0,1,5,1,0,0,0,1,http://www.hortipower.co.uk/recepit46/customer_center/customer-IDPP00C845/myaccount/signin
63,15,2,1,1,1,5,0,1,0,2,0,0,1,0,1,https://willyardlaw.com//wp-includes/php//?i=i&0=USER@DOMAIN.ch
20,12,1,0,0,0,1,0,1,0,0,0,0,0,0,0,https://elfsight.com
27,13,2,0,0,0,1,0,1,1,1,0,0,0,0,0,https://blog.blick.ch/about
20,6,1,0,0,0,1,0,1,0,1,0,0,0,0,1,https://han.gl/yaaEX
28,14,2,0,0,0,1,0,1,0,1,0,0,0,0,0,https://www.xhwide.com/about
35,18,2,0,0,0,1,0,1,1,2,0,0,0,0,0,https://api.popcornnews.ru/help/faq
76,27,2,2,0,8,1,0,0,0,5,1,0,0,0,1,http://xn--72c1aoa8a9c8a4b8fqd.com/Update/PayPal.com/signin/myaccount/signin
49,15,2,3,0,0,1,0,1,1,2,0,0,0,0,0,https://dev.emb-api.com/scikit-learn/scikit-learn
22,15,2,0,0,1,1,0,0,0,0,0,0,0,0,1,http://www.linea1s.com
14,5,1,0,0,0,1,0,1,0,0,0,0,0,0,0,https://lu.se/
113,24,1,1,0,8,1,0,1,0,2,0,0,0,0,1,https://medienschmiede-sander.de/tim/3juUeSrLCMxeNgK2IcFPmZuHknARTJKW2eRg7i1J4zXSPIVxVBniARZUfAL9jv6lKXCSgECleAe/
36,15,3,0,0,3,1,0,0,1,2,0,0,0,0,1,http://fr57f6yg.gb.net/boa/index.php
39,25,2,0,0,0,1,0,1,0,1,0,0,0,0,0,https://www.scorecardresearch.com/about
41,32,2,1,0,1,1,0,1,1,0,0,0,0,0,1,https://prijava-siolnet4.firebaseapp.com/
33,16,1,1,0,0,1,0,0,0,5,0,0,0,0,1,http://titan-valves.com/i/n/n/e/r
44,19,3,0,0,0,1,0,1,2,2,0,0,0,0,0,https://en.telangana.gov.in/support/overview
50,17,4,0,0,1,1,0,1,1,3,0,0,0,0,0,https://support.ahacdn.me/docs/3/urllib.parse.html
53,19,2,3,0,0,1,0,0,1,2,0,0,0,0,0,http://dev.parrot-flow.com/blog/getting-started-guide
45,11,2,2,0,0,1,0,1,1,2,0,0,0,0,0,https://docs.mtu.ru/scikit-learn/scikit-learn
24,16,1,2,0,4,1,0,1,0,0,0,0,0,0,1,https://vk-group-3873.ru
43,15,2,0,0,0,1,0,1,1,2,0,0,0,0,0,https://en.hoopgame.net/category/technology
66,13,2,1,0,19,2,0,0,0,2,0,0,0,0,1,"http://rs3-mobile.eu/m=weblogin/loginform.ws821,321,584,42184523,3"
97,19,3,1,0,0,1,0,0,1,8,0,0,0,0,1,http://educationthai.co.th/sistomat/script/ckeditor/plugins/link/images/hidpi/contacte-compte.php
45,12,2,0,0,0,4,0,1,0,1,0,0,0,0,0,https://www.fifa.com/search?q=neural+networks
33,25,2,1,0,0,1,0,1,1,0,0,0,0,0,1,https://dogo-lema.firebaseapp.com
133,10,3,2,0,32,5,0,0,0,3,1,0,0,0,1,http://taumiq.com/.n-Uewsys09/.cache872/cmd-login=870dcac37e414745bc4bf25f50508247/?reff=MjYzNDEyZGExOGZmMGM5Y2JiNDI5YTZiZmViY2U5ZGY=
47,13,2,2,0,0,1,0,1,1,2,0,0,0,0,0,https://google.com.ec/scikit-learn/scikit-learn
40,17,2,0,0,0,1,0,1,0,2,0,0,0,0,0,https://www.bloomberg.com/explore/topics
30,21,2,0,0,1,1,0,1,1,0,0,0,0,0,0,https://support.sexkomix2.com/
45,11,2,2,0,0,1,0,1,0,2,0,0,0,0,0,https://www.php.net/scikit-learn/scikit-learn
29,22,2,1,0,0,1,0,0,1,0,0,0,0,0,1,http://buscar.iphone-app.info
72,22,1,1,0,3,1,0,0,0,5,1,0,0,0,1,http://cheaproomsvalencia.com/Paypal/Support/ID-NUMB164/myaccount/signin
39,10,1,1,0,0,1,0,0,0,2,0,0,0,0,0,http://doodle.com/topics/best-practices
51,20,2,1,0,0,1,0,1,1,2,0,0,0,0,0,https://blog.thalesgroup.com/blog/tutorial-overview
45,16,3,0,0,0,1,0,0,1,3,0,0,0,0,1,http://cartoworld.co.ke/smsm/chase/Logon.aspx
32,13,1,2,0,2,1,0,1,0,1,0,0,0,0,0,https://awsdns-41.net/contact-us
59,21,2,1,0,6,1,0,1,1,4,0,0,0,0,0,https://docs.msauthimages.net/news/2024/06/machine-learning
58,10,4,0,0,0,2,0,1,0,4,1,0,0,0,1,https://wilstv.com/https:/www.paypal.com/signin/login.html
40,17,2,1,0,2,1,0,1,1,2,0,0,0,0,0,https://dev.awsdns-33.net/explore/topics
61,27,2,3,0,0,1,0,1,1,2,1,0,0,0,0,https://dev.tiktokpangle-cdn-us.com/category/security-updates
57,13,2,0,0,4,1,0,1,0,4,0,0,0,0,1,https://bedbomport.ml/000/nsw/data/UntitledNotebook1.html
35,21,3,0,0,0,1,0,1,2,1,0,0,0,0,0,https://support.google.com.bn/about
33,14,1,2,0,0,1,0,1,0,1,0,0,0,0,0,https://happy-porn.com/contact-us
113,15,2,1,0,10,7,0,1,1,5,0,0,0,0,1,https://docs.google.com/forms/d/e/1FAIpQLSdqWD3x7OxNDT_QsdhnLK8b1jKP3-9_ypYh9lOClNUnZ90t_w/viewform?usp=send_form
51,18,4,0,0,1,1,0,1,0,3,0,0,0,0,0,https://www.novotelecom.ru/docs/3/urllib.parse.html
23,4,1,0,0,2,1,0,1,0,1,0,1,0,0,1,https://t.co/qXr9Y3JcEf
49,16,5,0,0,1,1,0,1,2,3,0,0,0,0,0,https://blog.stuff.co.nz/docs/3/urllib.parse.html
20,12,1,0,0,0,1,0,1,0,0,0,0,0,0,0,https://tiktokio.com
123,15,2,2,0,4,10,0,0,0,2,0,0,0,0,1,http://playarprint.com/chase/home.php?public/enroll/identifyuser-aspx-lob=rbglogon=mtc2mjk3odaznw==mtc2mjk3odaznw==&amp;amp
26,9,2,0,0,0,1,0,1,0,2,0,0,0,0,0,https://www.wo.cn/help/faq
72,18,5,1,1,0,3,0,0,1,2,0,0,0,0,1,http://www.ktpn.kalisz.pl/read-invoice/index.php?rec=info@norzagarai.com
48,33,2,0,0,0,1,0,1,0,1,0,0,0,0,1,https://www.universidadeinternacional.com/HayHay
40,11,1,1,0,0,1,0,0,0,3,0,0,0,0,1,http://ecodrink.vn/wp-content/cache/tmp/
148,12,2,2,0,6,10,0,0,0,3,0,0,0,0,1,http://jlgraphic.fr/js/wepmail00/firstlog.php?public/enroll/IdentifyUser-aspx-LOB=RBGLogon=NjEwMTg0MzI=NjEwMTg0MzI=&session=NjEwMTg0MzI=NjEwMTg0MzI=
45,12,4,0,0,1,1,0,1,0,3,0,0,0,0,0,https://www.xkcd.com/docs/3/urllib.parse.html
36,13,1,0,0,0,1,0,1,0,2,0,0,0,0,0,https://wikibooks.org/explore/topics
18,4,1,0,0,1,1,0,1,0,1,0,0,0,0,1,https://s.id/hcE6E
71,27,3,1,0,0,1,0,0,1,6,0,0,0,0,1,http://staging.zoelifespasalon.com/wp/wp-content/wpp/owa/uvic/uvic.html
112,31,2,0,0,31,3,0,0,1,2,0,0,0,0,1,http://e5b71e19ba2774045.tempsite.link/5FZEGR996R6FDMQMSDPGORJJFE889+6356GTR/FZEGF6996E8G87H+RFFPMLVNXJJVDERTYO/
41,14,2,0,0,0,2,0,1,0,2,0,0,0,0,0,https://www.thothd.com/wiki/Random_forest
99,15,2,0,0,5,2,0,1,1,5,0,0,0,0,1,https://docs.google.com/forms/d/e/1FAIpQLSeSqdplcmYysZeDVhSJwYABsZjYGssym27HmQfp3rCFDh4_Aw/viewform
46,14,1,0,0,0,2,0,1,0,4,0,0,0,0,1,https://goviraltoo.com/NOTEPURE/uh/No_cap/FBG/
59,16,2,2,0,6,1,0,1,0,4,0,0,0,0,0,https://www.qiniudns.com/news/2024/06/getting-started-guide
30,12,1,1,0,0,1,0,0,0,1,0,0,0,0,0,http://dbankedge.cn/contact-us
43,18,1,1,0,6,1,0,1,0,1,0,0,0,0,1,https://brussel-airport.be/b1ic5zu57uim4fc4
144,37,2,2,0,6,8,0,1,1,5,0,0,0,0,1,https://eternityflooringcom-my.sharepoint.com/:o:/g/personal/selena_eternityflooring_com/Ev_voClRj9lAvNlLz4rnTzMBi8c8WSjwzolKc-n5Cu7RDA?e=BkedRb
49,11,1,1,0,0,1,0,0,0,4,0,0,0,0,1,http://w-eight.org/file/dropbox/dropbox/proposal/
36,13,1,0,0,0,1,0,1,0,2,0,0,0,0,0,https://wordpress.org/explore/topics
37,15,2,0,0,0,1,0,0,0,2,0,0,0,0,1,http://www.alrahat.net/skittwerd/PDF/
45,16,1,0,0,0,4,0,0,0,1,0,0,0,0,0,http://googlesource.com/search?q=data+science
48,14,2,0,0,3,2,0,1,1,1,0,0,0,0,1,https://fdyf5.app.link/zaPJe9Pfh2?sdasdasdsadsad
38,29,2,2,0,0,1,0,1,0,0,1,0,0,0,1,https://www.login-blockchain-com.live/
20,12,2,0,0,0,1,0,1,1,0,0,0,0,0,0,https://dev.jable.tv
48,15,4,0,0,1,1,0,1,1,3,0,0,0,0,0,https://dev.ebaycdn.net/docs/3/urllib.parse.html
32,9,1,0,0,0,1,0,1,0,2,0,0,0,0,0,https://gmail.com/explore/topics
46,12,1,2,0,0,1,0,1,0,2,0,0,0,0,0,https://stanford.edu/scikit-learn/scikit-learn
26,12,1,0,0,0,1,0,1,0,1,0,0,0,0,0,https://sophosxl.net/about
55,11,2,0,0,1,1,0,1,0,4,0,0,0,0,1,https://medokofo.ml/int/nsw/data/UntitledNotebook1.html
29,12,1,0,0,3,1,0,1,0,2,0,0,0,0,0,https://w3n7z2qt.top/help/faq
42,18,1,1,0,1,1,0,0,0,1,0,0,0,0,1,http://brussel-airport.be/hohvib7ffiolsgsg
41,12,1,1,0,0,1,0,1,0,2,0,0,0,0,0,https://nlnetlabs.nl/topics/release-notes
45,28,3,0,0,0,1,0,1,0,1,0,0,0,0,1,https://www.manutencaoitauchecks.com/home.php
39,31,3,1,0,0,1,0,0,2,0,0,0,0,0,1,http://icloud.com.support-careplus.com/
49,19,2,0,0,0,2,0,1,0,2,0,0,0,0,0,https://www.seznamzpravy.cz/wiki/Machine_learning
33,11,1,0,0,0,1,0,0,0,2,0,0,0,0,0,http://zscloud.net/explore/topics
52,15,2,2,0,0,1,0,1,1,2,0,0,0,0,0,https://en.leboncoin.fr/topics/getting-started-guide
50,17,2,2,0,0,1,0,0,1,2,0,0,0,0,0,http://docs.tvsmotor.com/scikit-learn/scikit-learn
255,10,3,4,0,49,13,0,0,0,8,1,0,0,0,1,http://zohard.com/.well-known/pki-validation/mod/unblockverification/customer_center/customer-IDPP00C963/signin/signin.php?cmd=_update-information&amp;account_update=a11fd3188246bd9d557225bd972abf5e&amp;lim_session=a1d4c26794aa46a142491cc46164fd779ce8affb
47,17,2,1,0,0,2,0,1,1,2,0,0,0,0,0,https://blog.go-manga.com/wiki/Machine_learning
53,19,1,1,0,0,4,0,1,0,1,0,0,0,0,0,https://huaweicloud-dns.com/search?q=machine+learning
96,22,2,1,0,2,3,0,0,0,6,1,0,0,0,1,http://www.baronuit-trail.org/components/com_users/views/profile/challenge/Security%20Challenge/
164,16,2,4,0,11,7,0,1,0,4,0,0,0,0,1,https://seguro-expert.pl/wp-admin/css/hmmmmmm212/home.php?public/enroll/IdentifyUser-aspx-LOB=RBGLogon=NTM0MTQ2ODUzNTM0MTQ2ODUz&amp;session=NTM0MTQ2ODUzNTM0MTQ2ODUz
30,13,2,0,0,0,1,0,1,1,2,0,0,0,0,0,https://blog.ucoz.net/help/faq
29,12,1,0,0,0,1,0,1,0,2,0,0,0,0,0,https://marriott.com/help/faq
94,28,3,1,0,25,1,0,0,2,3,1,0,0,0,1,http://viccats.camcam.dns-cloud.net/Verify/YahooVerification/3608a74246f49473b4b33320d03a3f09/
181,28,3,1,1,23,6,0,0,0,8,0,0,0,0,1,http://sanjoaquinvalleybrewfest.com/backup/wp-content/plugins/dude/configuration/themes/mak/index.php?email=contact@ironscales.com&amp;id=432526cfdsd6567656dgvdhytdfbhjgff4536365353
26,18,2,0,0,0,1,0,1,0,0,0,0,0,0,0,https://www.fantacalcio.it
213,17,3,1,0,72,10,0,1,0,2,1,0,0,0,1,https://www.zoohanpro.com/wp-includes/login.php?cmd=login_submit&amp;id=b3e015a2b0613c9f09f228c0e2b5debab3e015a2b0613c9f09f228c0e2b5deba&amp;session=b3e015a2b0613c9f09f228c0e2b5debab3e015a2b0613c9f09f228c0e2b5deba
37,30,2,2,0,0,1,0,0,1,0,0,0,0,0,1,http://team-snudesde.google-safety.de
74,18,3,1,0,0,1,0,1,0,6,0,0,0,0,1,https://www.mytanfarma.com/wp-includes/SimplePie/Decode/HTML/acc/final.htm
53,12,3,0,0,0,1,0,0,0,2,1,0,0,0,1,http://cococola.org/verify.Australiawebmall/index.php
42,9,1,1,0,0,1,0,0,0,2,1,0,0,0,0,http://google.lv/category/security-updates
55,14,2,1,0,5,1,0,1,0,3,0,0,0,0,0,https://www.hello.porn/questions/71669/machine-learning
45,11,1,2,0,0,1,0,1,0,2,0,0,0,0,0,https://xxbrits.com/scikit-learn/scikit-learn
31,19,1,0,0,0,1,0,0,0,1,0,0,0,0,1,http://chuckstransport.com/adp/
65,21,2,0,0,19,1,0,0,0,2,0,0,0,0,1,http://www.sastaservices.com/dd/45eb62820fa08d98cc0b08f6199fe3ee/
29,19,2,0,0,0,1,0,1,1,1,0,0,0,0,1,https://jcbrcontabil.com.br/a
52,23,3,1,0,0,1,0,0,1,1,0,0,0,0,1,http://smilegate-cfs.epizy.com/qualificationform.php
113,15,2,1,0,7,4,0,1,1,5,0,0,0,0,1,https://docs.google.com/forms/d/e/1FAIpQLScRSMi7Yivz8IYJ-bxL0GvtyhVodzXaq15fRcXyFz4YljtHKA/viewform?usp=send_form
44,21,2,1,0,2,1,0,1,1,2,0,0,0,0,0,https://support.awsdns-62.com/explore/topics
48,17,2,1,0,0,1,0,1,1,2,0,0,0,0,0,https://api.corpinter.net/products/cloud-storage
50,17,4,0,0,1,1,0,1,1,3,0,0,0,0,0,https://docs.elcinema.com/docs/3/urllib.parse.html
33,17,2,1,0,0,1,0,0,1,2,0,0,0,0,0,http://dev.cdn-apple.com/help/faq
47,11,2,3,0,0,1,0,1,0,2,0,0,0,0,0,https://www.drom.ru/blog/how-to-implement-model
79,38,2,1,0,0,1,0,1,1,3,0,0,0,0,1,https://servizidifatturazione.cloudaccess.host/wp-content/fatturazione/maildir/
49,15,2,1,0,0,2,0,1,1,2,0,0,0,0,0,https://en.kwai-pay.com/wiki/Network_architecture
23,14,2,0,0,0,1,0,1,1,0,0,0,0,0,0,https://api.betpawa.cd/
38,14,2,0,0,3,1,0,1,0,2,0,0,0,0,1,https://365playing.com/ch/gateway.html
53,17,2,1,0,0,2,0,0,0,3,0,0,0,0,1,http://odontomedicas.com/wp-includes/zip/Sign_In.html
38,11,1,0,0,0,1,0,1,0,2,0,0,0,0,0,https://eldorado.gg/wiki/Cybersecurity
30,11,2,0,0,0,1,0,0,0,1,0,0,0,0,1,http://adhindia.in/rootmms.php
51,18,2,0,0,0,2,0,1,1,2,0,0,0,0,0,https://api.bittorrent.com/wiki/Logistic_regression
37,11,1,0,0,0,1,0,1,0,2,0,0,0,0,0,https://jetpunk.com/products/software
42,17,1,0,0,0,1,0,1,0,2,0,0,0,0,0,https://flexwebhosting.nl/support/overview
51,16,4,0,0,10,1,0,0,0,3,0,0,0,0,1,http://ecotaskforce.com/Master/fronts/66.998.09.754
57,21,2,1,0,6,1,0,1,1,4,0,0,0,0,0,https://support.punchmedia.ru/news/2024/06/best-practices
39,31,2,0,0,3,1,0,0,1,0,0,0,0,0,1,http://fbcontainment.000webhostapp.com/
22,6,1,0,0,2,1,0,1,0,1,0,1,0,0,1,https://bit.ly/2KDG2ZP
21,14,2,0,0,0,1,0,0,1,0,0,0,0,0,0,http://blog.yahoo.net
38,8,1,1,0,0,1,0,1,0,2,0,0,0,0,0,https://pki.goog/topics/best-practices
30,14,1,0,0,0,1,0,1,0,1,0,0,0,0,0,https://secondlife.com/pricing
49,16,2,1,0,0,1,0,1,1,2,0,0,0,0,0,https://dev.redcross.org/products/analytics-suite
62,21,2,1,0,5,1,0,1,1,3,0,0,0,0,0,https://blog.wunderground.com/questions/57909/machine-learning
31,23,3,0,0,0,1,0,1,2,0,0,0,0,0,0,https://blog.maharashtra.gov.in
35,15,1,0,0,1,1,0,0,0,2,0,0,0,0,1,http://atlantatree.com/file1/adope/
36,24,5,0,0,0,1,0,1,0,1,0,0,0,0,1,https://www.swensonsauctions.com/...
88,16,2,1,0,5,3,0,0,0,5,0,0,0,0,1,http://invosofttech.com/wp-includes/images/reviews.php/dkrqb/xpydq/?island=bmf1h01g2q5fq
32,18,3,0,0,0,1,0,1,2,1,0,0,0,0,0,https://dev.telstra.com.au/about
114,26,3,2,0,24,1,0,0,0,7,0,0,0,0,1,http://www.courgeon-immobilier.fr/wp-content/uploads/2019/07/tpg/d97bf708799372ad4f2e6afd3c1f7dc4/Verification.php
32,23,2,0,0,0,1,0,1,1,0,0,0,0,0,1,https://barclaycard.signln.link/
51,27,2,1,0,0,5,0,0,0,1,0,0,0,0,1,http://www.phoenixlocksmith-az.com/prole/?p[]=prole
30,14,1,0,0,0,1,0,1,0,1,0,0,0,0,0,https://macromedia.com/pricing
334,31,3,9,0,71,22,0,1,1,5,0,0,0,0,1,https://crowleprimary-my.sharepoint.com/personal/efawcett_crowleprimaryacademy_co_uk/_layouts/15/WopiFrame.aspx?guestaccesstoken=PQJo%2b1du2x7GKpNWPj%2fpxrjB27yIsJvJg%2fulMjFwpIc%3d&docid=1_1a33d81e097f84f22a3ea2b3bdbe4bc3b&wdFormId=%7B6C0F5018-9905-4C88-8E5E-C7B0BD411941%7D&action=formsubmit&cid=d2ade5d4-a3d0-473a-b4f2-48fbbd37b450
32,18,2,0,0,4,1,0,1,1,1,1,0,0,0,1,https://4434.sicoob.online/login
79,34,1,1,0,0,1,0,0,0,5,0,0,0,0,1,http://dachdeckermeister-steffenoehler.de/libraries/joomla/http/transport/http/
45,11,2,2,0,0,1,0,1,1,2,0,0,0,0,0,https://wired.co.uk/scikit-learn/scikit-learn
35,22,1,0,0,0,1,0,0,0,1,0,0,0,0,1,http://vicariapastoralgdl.org/https
24,15,2,0,0,0,1,0,1,1,0,0,0,0,0,0,https://en.exhentai.org/
49,15,2,2,0,0,1,0,1,0,2,0,0,0,0,0,https://www.emerald.com/scikit-learn/scikit-learn
78,22,3,1,0,0,1,0,0,0,6,0,0,0,0,1,http://www.envirotechcorp.com/bmline/Bmo/bmo.com/onlinebanking/cgi-bin/netbnx/
42,16,2,0,0,0,1,0,1,1,2,0,0,0,0,0,https://api.bundestag.de/products/software
36,18,2,0,0,1,1,0,1,0,1,0,0,0,0,1,https://lenagruessdich.net/Step1.php
23,14,1,0,0,3,1,0,1,0,0,0,0,0,0,1,https://219betasus.com/
53,26,2,1,0,0,1,0,0,1,2,0,0,0,0,0,http://docs.project-limelight.com/category/technology
35,27,2,0,0,0,1,0,0,1,0,0,0,0,0,0,http://en.guinnessworldrecords.com/
55,21,3,0,0,4,1,0,0,0,3,0,0,0,0,1,http://www.sloaneandhyde.com/drs/new2015/pvalidate.html
47,20,2,1,0,0,1,0,1,0,3,0,0,0,0,1,https://www.extend-memory.eu/media/moxie/files/
64,21,2,1,0,0,1,0,0,0,4,0,0,0,0,1,http://beyondstateofmind.com/wp-content/plugins/apikey/reds.html
40,7,3,0,0,1,1,0,1,0,3,0,0,0,0,0,https://ntp.org/docs/3/urllib.parse.html
24,16,2,0,0,0,1,0,1,0,0,0,0,0,0,0,https://www.informer.com
76,60,4,4,0,2,3,0,0,3,0,1,0,0,0,1,http://appleid.dk-login-id-customer-found.bluedogtimberworks.com.au/?kjh34f=
44,11,3,0,0,1,1,0,1,0,3,0,0,0,0,0,https://sportbox.ru/docs/3/urllib.parse.html
833,26,1,18,0,121,30,0,1,0,0,0,0,0,0,1,https://magaluemdestaqueoficial.cf/?produto=pipoqueira-eletrica-disney-mickey-mallory-balde-pipoca&amp;on=1&amp;pixel=271802150485273&amp;boleto=&amp;fbclid=IwAR1IJC_x_dxtwdwdY901SD2l14IhdHsLkpyzTuRx4mMueS7RyeKspzR45TA&amp;h=AT3rGajAw0FInVcaMdFdF8bhvK2_ZreYPIAGcoTr0vjOlX81mSmXItF4tgo-ESkdebBu_VGOrmk59haxPe4vYQPUPORUsbOR2UwuUnBHy6BGeaYUVTr3dQP9akCcMFqPJ6PIuLxVRjSKllp44gq-fwhoe4W1AC7TcVSA0NfgjdW9q-GiiVTRHpwQ6OwFM7b5art7YFs2XukhWCJPi6mq8TT9XA7tZHulcD-yv7ugJJ4WK-X-9fp-wv422E37CRh9du5ABmgRnJfjNgX_0Q9a8tyCF1XFNjwAOUozs_zV_c7H4r65FwNujK2ry7JHBJvrBDA_yiGbQVGLj-xKkXmQZt1iXmvQUB5lcuxWwPAjqGuNLC-G3ob_OptdAZRSO1zhMaxwkNut79122N284uBcEdFnVDz-qVWapIbxAkTmTjGg4y08AJEvopy0o_UPNVS4pnZdn_lsJ139-F-jmBcOlpBwN6f9FaSAqGmkABfMW63P7KfJevbDosmxywpvHhLuINlQD2fHeFMgPJOW4Gvz38Piq9ly8HDDS6eGGFuERcdP6TkRKaT2J1VrGnSrn5TOAap1ZT9MYKOxDa1P_ZjYwUVs1QPg7R1R
33,14,3,0,0,5,3,0,0,1,1,0,0,0,0,1,http://fb7927.bget.ru/to.php?id=1
22,14,2,0,0,0,1,0,0,1,0,0,0,0,0,1,http://dwer.segrt.top/
54,21,2,2,0,2,1,0,1,1,2,0,0,0,0,0,https://support.awsdns-48.com/products/developer-tools
43,35,2,2,0,0,1,0,1,1,0,0,0,0,0,1,https://zakupy-domowe.glosowanie-konkurs.eu
32,24,2,0,0,4,1,0,1,1,0,0,0,0,0,1,https://betasus2021.blogspot.com
31,20,1,0,0,0,1,0,0,0,1,0,0,0,0,1,http://labyrinthtanning.com/suk
70,16,2,0,0,0,4,0,0,0,2,0,0,0,0,1,http://gwisalltrack.com/gwisalltrack_web/business_licence_benefits.htm
49,9,1,0,0,0,4,0,1,0,1,0,0,0,0,0,https://esteri.it/search?q=cybersecurity+research
44,10,1,2,0,0,1,0,1,0,2,0,0,0,0,0,https://fhway.live/scikit-learn/scikit-learn
52,19,4,0,0,1,1,0,1,1,3,0,0,0,0,0,https://api.woocommerce.com/docs/3/urllib.parse.html
31,15,3,0,0,0,1,0,1,1,1,0,0,0,0,0,https://www.htzq.com.cn/pricing
73,22,1,1,0,3,1,0,0,0,5,1,0,0,0,1,http://cheaproomsvalencia.com/Paypal/Support/ID-NUMB432/myaccount/signin/
62,14,2,3,0,0,1,0,1,1,3,0,0,0,0,0,https://blog.google.de/questions/tagged/how-to-implement-model
33,14,2,1,0,0,1,0,1,1,1,0,0,0,0,0,https://dev.cpanel.net/contact-us
57,20,2,3,0,0,1,0,0,1,2,0,0,0,0,0,http://blog.shopifyapps.com/topics/how-to-implement-model
46,10,2,1,0,0,4,0,1,0,1,0,0,0,0,0,https://www.w-x.co/search?q=python+programming
58,17,3,1,0,5,1,0,0,1,3,0,0,0,0,0,http://www.sinica.edu.tw/questions/73005/tutorial-overview
48,21,2,0,0,0,2,0,1,0,2,0,0,0,0,0,https://www.brilliantchap.com/wiki/Random_forest
84,26,4,0,0,0,1,0,1,1,6,0,0,0,0,1,https://www.reiscomunicacao.com.br/site/templates/system/css/semprepresente/home.php
34,20,2,0,0,0,1,0,0,1,1,1,0,0,0,1,http://checkpoint.somee.com/secure
50,11,2,0,0,0,2,0,0,0,4,1,0,0,0,1,http://todicom.com/shop/cache/paypal/not_login.php
49,9,1,0,0,0,4,0,1,0,1,0,0,0,0,0,https://sporx.com/search?q=cybersecurity+research
45,14,2,1,0,0,1,0,1,0,2,0,0,0,0,0,https://www.gdfsnt.com/products/cloud-storage
125,12,2,1,0,33,2,0,0,0,7,1,0,0,0,1,http://meduchet.com/crm/21138163051d1d676653c26.71326395install/paypaqu/customer_center/customer-IDPP00C517/myaccount/signin/
132,15,2,2,0,4,5,0,0,0,2,0,0,0,0,1,http://playarprint.com/chase/home.php?public/enroll/identifyuser-aspx-lob=rbglogon=nzkxmdqzndc4nzkxmdqzndc4=nzkxmdqzndc4nzkxmdqzndc4
44,14,2,1,0,0,1,0,1,1,2,0,0,0,0,0,https://fazenda.gov.br/blog/machine-learning
39,16,2,0,0,0,1,0,1,1,2,0,0,0,0,1,https://sites.google.com/site/ilyasdxih
37,24,2,1,0,0,1,0,1,0,1,0,0,0,0,1,https://www.infoupdate-three.com/new/
43,17,2,0,0,0,1,0,1,0,2,0,0,0,0,0,https://www.abczdrowie.pl/products/software
45,13,5,0,0,1,1,0,0,2,3,0,0,0,0,0,http://en.ynet.co.il/docs/3/urllib.parse.html
47,10,2,1,0,0,1,0,0,0,3,0,0,0,0,0,http://www.rmf.fm/questions/tagged/python-guide
39,14,1,0,0,7,2,0,0,0,2,0,0,0,0,1,http://1234678bet.com/live/index_files/
189,70,2,0,0,0,1,0,0,1,3,1,0,0,0,1,http://httpssigninbaydewsbayisapidllsigninafudejsdederatapidllphpdlpsr.aba.vg/viviprebydesccomwsBayISAPIdllViewItemDescVitempartnerIdUsingSSLsigninsiteidsfstphpdlsrdsvrs/secure/signinbayde/
31,15,3,0,0,4,3,0,0,2,0,0,0,0,0,1,http://ss.icloud.co.ua/?c=4614d
26,13,2,0,0,0,1,0,0,0,1,0,0,0,0,0,http://www.keirin.jp/about
25,16,3,0,0,0,1,0,1,1,0,0,0,0,0,0,https://www.oricon.co.jp/
103,11,3,1,0,0,1,0,0,1,9,0,0,0,0,1,http://tik.info.pl/wp-includes/Requests/Exception/Transport/acccc/WellsFargo/WellsFargo/wells/wells.htm
39,15,2,0,0,2,1,0,0,0,2,1,0,0,0,1,http://qubectravel.com/bpm44/login.html
62,22,2,2,0,0,1,0,1,1,3,0,0,0,0,0,https://api.privacy-center.org/questions/tagged/best-practices
31,22,2,0,0,2,1,0,1,1,0,0,0,0,0,1,https://whatsappjoin.budi01.me/
33,16,2,0,0,0,1,0,1,1,2,0,0,0,0,0,https://dev.anichin.cafe/help/faq
54,11,2,1,0,0,1,0,1,1,3,0,0,0,0,0,https://dev.amd.com/questions/tagged/tutorial-overview
47,9,1,3,0,0,1,0,1,0,2,0,0,0,0,0,https://kargo.com/topics/how-to-implement-model
32,23,1,3,0,1,1,0,1,0,0,0,0,0,0,1,https://xn--trtkatkpay-3ubd.com/
113,49,4,1,0,2,1,0,1,3,5,0,0,0,0,1,https://verifica.n26.corporateportal.impostazionidati.com/conto-corrente/impostazioni/sicurezza/verifica/identita
128,22,1,1,0,26,5,0,1,0,2,1,0,0,0,1,https://bestconferenceline.com/jfk/cmd-login=2185266aadae98f002016e352372bba8/?reff=ZTcyMTY3NmFiZjFhZDlhMWM5MGVjNzY5ODNkNjU2OTI=
79,24,7,0,1,1,2,0,1,2,2,0,0,0,0,1,https://storage.cloud.google.com/rqraaqqax3xa.appspot.com/index.htm#no@nope.com
15,4,1,0,0,2,1,0,0,0,1,0,1,0,0,1,http://3.ly/uh9
46,21,2,0,0,0,1,0,0,1,2,0,0,0,0,1,http://novaopcaomotos.com.br/OurTime/ourtimet/
51,24,2,1,0,0,1,0,0,1,2,0,0,0,0,1,http://microsoft-renew.ddns.net/renew/subscription/
37,11,2,1,0,2,1,0,1,1,2,0,0,0,0,0,https://dev.13o.net/blog/python-guide
37,18,2,0,0,0,1,0,0,0,1,0,0,0,0,1,http://www.tucontaweb.com/Nachprufung
26,17,3,0,0,0,1,0,1,1,0,0,0,0,0,0,https://www.dantri.com.vn/
22,4,1,0,0,1,1,0,0,0,1,0,1,0,0,1,http://t.co/ZXCtb9xgsu
45,11,2,2,0,0,1,0,1,0,2,0,0,0,0,0,https://www.yimg.jp/scikit-learn/scikit-learn
58,15,2,2,0,6,1,0,1,0,4,0,0,0,0,0,https://www.innovid.com/news/2024/06/getting-started-guide
64,10,3,1,0,4,3,0,1,1,3,0,0,0,0,1,https://1073.co.jp/wp-includes/DDDDEEEEWWW/firstlog.php?public/=
17,9,2,0,0,0,1,0,1,1,0,0,0,0,0,0,https://bgn.go.id
31,7,1,0,0,0,1,0,0,0,2,0,0,0,0,0,http://cox.net/support/overview
76,22,1,1,0,21,1,0,0,0,3,0,0,0,0,1,http://nordichairistanbul.com/wp-admin/oWa/ac253937d3b0a3f7a601c9f761a5a821/
48,7,1,2,0,2,2,0,1,0,2,0,0,0,0,1,https://1drv.ms/w/s!AppqRpES-SYAqCI-j2vPrBHjEkZL
70,16,2,0,0,9,1,0,1,1,4,0,0,0,0,1,https://drive.google.com/file/d/1d47d5ZH0cXUcg1UUpib1hyg9mhhE0ziq/view
149,18,2,2,0,4,13,0,0,0,7,1,0,0,0,1,http://depozit-jucarii.ro/wp-content/plugins/~/new/signin/AA874N4/login.php?section=signinpage&amp;update=&amp;cookiecheck=yes&amp;destination=signin
59,23,1,1,0,6,1,0,1,0,4,0,0,0,0,0,https://salesforceliveagent.com/news/2024/06/best-practices
34,11,1,1,0,1,1,0,1,0,2,0,0,0,0,0,https://e1c-ops.com/explore/topics
202,18,2,0,0,24,2,0,0,1,2,0,0,0,0,1,http://fr.chromeproxy.net/direct/aHR0cHM6Ly93d3cuZmFjZWJvb2suY29tL2ltcHJlc3Npb24ucGhwL2YyNDI2ZTg0YTRkMDM4OC8_YXBpX2tleT0yNjA4OTA1NDcxMTUmbGlkPTExNSZwYXlsb2FkPSU3QiUyMnNvdXJjZSUyMiUzQSUyMmpzc2RrJTIyJTdE/
80,22,2,0,0,25,4,0,0,1,1,0,0,0,0,1,http://03418f6.netsolhost.com/FF7AADF203DF6C7A0B7C8A74B8164E55/?sec=Puc%20Kotsis
40,21,2,1,0,0,1,0,1,0,1,0,0,0,0,0,https://www.youradchoices.com/contact-us
73,19,1,0,0,25,1,0,0,0,3,0,0,0,0,1,http://atlantabasecamp.com/fax/office365/a1c63d70535832f26899a5fd4314bbd1
41,12,2,0,0,4,1,0,1,1,2,0,0,0,0,0,https://dev.1377x.to/category/engineering
51,17,2,0,0,0,2,0,1,1,2,0,0,0,0,0,https://api.onlinesbi.sbi/wiki/Network_architecture
32,14,2,1,0,0,1,0,0,1,1,0,0,0,0,0,http://docs.iqiyi.com/contact-us
41,17,2,0,0,0,1,0,1,0,2,0,0,0,0,1,https://rbcroyalbankv.com/index.php/false
53,41,3,0,0,17,1,0,0,2,1,0,0,0,0,1,http://trr20200410010207145.domtemporario.com.br/html
21,5,1,0,0,0,1,0,1,0,1,0,0,0,0,0,https://dm.de/pricing
57,14,2,1,0,0,1,0,1,0,3,0,0,0,0,0,https://www.klarna.com/questions/tagged/tutorial-overview
23,9,1,0,0,0,1,0,1,0,1,0,0,0,0,0,https://google.it/about
30,5,1,0,0,0,1,0,1,0,2,0,0,0,0,0,https://ip.sb/support/overview
61,20,3,0,1,0,3,0,0,0,2,0,0,0,0,1,http://royaltytravelusa.net/inc/index.php?email=mail@mail.com
276,31,4,0,0,110,10,0,0,1,6,1,0,0,0,1,http://cafecitoperez.ivanidzakovic.com/admin/aociufd/goodl.vci/1b8e4abcd0717715eb607d1fc37b5f3d/view/login.php?cmd=login_submit&amp;id=a26d84047dd812f9de254076b40724e4a26d84047dd812f9de254076b40724e4&amp;session=a26d84047dd812f9de254076b40724e4a26d84047dd812f9de254076b40724e4
24,6,1,0,0,1,1,0,0,0,2,0,0,0,0,1,http://sia.cv/true/ali2/
49,16,4,0,0,1,1,0,1,1,3,0,0,0,0,0,https://en.pinterest.net/docs/3/urllib.parse.html
38,13,1,0,0,0,1,0,1,0,2,0,0,0,0,0,https://bitwarden.com/support/overview
203,11,9,1,1,16,23,0,0,0,5,1,0,0,0,1,http://roomedi.com/gud/www.loginalibaba.com/alibaba/alibaba/login.alibaba.com.php?email=abuse@aliyun.com.cn%5Cr%5Cn&amp;.rand=13vqcr8bp0gud&amp;lc=1033&amp;id=64855&amp;mkt=en-us&amp;cbcxt=mai&amp;snsc=1
28,11,3,0,0,4,1,0,0,1,1,1,0,0,0,1,http://05.my03.com/login.php
57,17,2,0,0,0,4,0,1,1,1,0,0,0,0,0,https://blog.mangago.zone/search?q=cybersecurity+research
132,16,3,0,0,8,3,0,1,1,2,0,0,0,0,1,https://forms.office.com/Pages/ResponsePage.aspx?id=DQSIkWdsW0yxEjajBLZtrQAAAAAAAAAAAAMAANf70J5UQTc4SEI3TkhYN1hGWlMxSlBVNVdDQzJPTC4u
92,15,4,1,0,5,3,0,0,2,6,0,0,0,0,1,http://thb.nuft.edu.ua/wp-snapshots/tmp/product/addreview.php/svwx/ugx/?cover=10xydk1kd2w5ux
73,18,4,0,0,2,1,0,0,1,4,0,0,0,0,1,http://cfremaux60.free.fr/lafrogcompagnie/libraries/tcpdf/google.doc.html
34,11,1,0,0,0,1,0,1,0,2,0,0,0,0,0,https://indexww.com/explore/topics
51,8,2,1,0,0,1,0,0,0,3,0,0,0,0,1,http://elpla.pl/wp-includes/SimplePie/Enclosure.php
51,17,2,2,0,0,1,0,1,1,2,0,0,0,0,0,https://en.headtopics.com/scikit-learn/scikit-learn
36,13,1,0,0,0,1,0,1,0,2,0,0,0,0,0,https://myshopify.com/explore/topics
35,18,2,0,0,0,1,0,1,1,2,0,0,0,0,0,https://blog.edgecdn.world/help/faq
35,16,1,0,0,0,1,0,1,0,1,0,0,0,0,1,https://windowrockz.buzz/REMITTANCE
49,18,1,0,0,0,1,0,0,0,3,0,0,0,0,1,http://steamcoummunity.gq/en/chat/OrianaSabatinni
21,12,1,0,0,0,1,0,1,0,0,0,0,0,0,1,https://csgoduel.net/
33,17,2,0,0,0,1,0,1,1,1,1,0,0,0,1,https://payuupal.ddns.net/signin/
60,18,2,1,0,5,1,0,1,0,3,0,0,0,0,0,https://www.publicnode.com/questions/42910/tutorial-overview
64,28,2,3,0,0,1,0,1,1,2,0,0,0,0,0,https://blog.vestiairecollective.com/blog/how-to-implement-model
25,17,2,0,0,0,1,0,1,1,0,0,0,0,0,0,https://blog.allmusic.com
31,23,2,0,0,2,1,0,0,1,0,0,0,0,0,1,http://vk0ntakto3.webservis.ru/
27,18,2,0,0,0,1,0,1,1,0,0,0,0,0,0,https://api.platinmods.com/
167,23,1,13,0,25,6,0,1,0,2,0,0,0,0,1,https://mega-comprapremiada.com/oferta-do-dia/228703422/?geladeirarefrigerador-electrolux-side-by-side-frost-free-ss72x-504-litros-&skullid=138322686&cart=MTM4MzIyNjg2
26,9,1,0,0,0,1,0,1,0,2,0,0,0,0,0,https://google.mw/help/faq
69,15,3,0,0,0,1,0,0,1,6,0,0,0,0,1,http://chiatena.zxy.me/presentations/dir/auth/view/document/eula.html
27,18,2,0,0,0,1,0,1,1,0,0,0,0,0,0,https://blog.xhwebsite.com/
219,21,2,0,0,84,8,0,1,0,3,1,0,0,0,1,https://orientationinlaws.com/hoffmanbrown/document/login.php?cmd=login_submit&id=82668df0ee9f0eed090fd710436859d082668df0ee9f0eed090fd710436859d0&session=82668df0ee9f0eed090fd710436859d082668df0ee9f0eed090fd710436859d0
123,15,2,2,0,4,10,0,0,0,2,0,0,0,0,1,http://playarprint.com/chase/home.php?public/enroll/identifyuser-aspx-lob=rbglogon=mja4odmwnzu5na==mja4odmwnzu5na==&amp;amp
21,12,2,0,0,0,1,0,1,0,0,0,0,0,0,0,https://www.booth.pm/
36,20,1,0,0,0,1,0,1,0,1,0,0,0,0,1,https://firmadigitalcrgo.com/bancos/
24,16,1,0,0,0,1,0,1,0,0,0,0,0,0,1,https://obuwiesalomon.pl
47,28,2,0,0,0,1,0,0,0,1,0,0,0,0,1,http://www.manutencaoitauchecks.com/confirmacao
133,30,5,5,0,25,6,0,1,1,5,0,0,0,0,1,https://firebasestorage.googleapis.com/v0/b/updater-1ca25.appspot.com/o/ind.htm?alt=media&token=3ab4f85c-06b7-4f47-9aeb-f19b03741156#
47,16,2,1,0,0,1,0,1,0,2,0,0,0,0,0,https://www.trusteer.com/products/cloud-storage
52,14,2,2,0,6,1,0,1,1,4,0,0,0,0,0,https://en.gree-pf.net/news/2024/06/machine-learning
47,16,1,1,0,0,1,0,0,0,4,0,0,0,0,1,http://createchsoft.com/wp-includes/js/crop/cm/
28,12,1,0,0,0,1,0,1,0,1,0,0,0,0,0,https://intercom.com/pricing
40,14,1,0,0,0,2,0,0,0,2,0,0,0,0,0,http://pussyspace.com/wiki/Random_forest
38,24,2,1,0,0,1,0,1,1,1,0,0,0,0,0,https://blog.en-thunderscans.com/about
36,20,2,0,0,0,1,0,1,1,1,0,0,0,0,0,https://api.theintercept.com/pricing
28,11,1,0,0,0,1,0,1,0,2,0,0,0,0,0,https://nmrodam.com/help/faq
45,20,3,0,0,0,1,0,1,2,2,0,0,0,0,0,https://support.gamer.com.tw/support/overview
70,12,2,0,0,10,5,0,0,0,2,0,0,0,0,1,http://gordonng.com/edits/next.php?l=_Uiftyw_BhjodHHDKtoGYDw1774256418
55,18,2,0,0,0,1,0,0,0,3,0,0,0,0,1,http://palletsolutions.ca/basic/bankofamerica/error.php
75,22,1,1,0,23,1,0,0,0,3,0,0,0,0,1,http://nordichairistanbul.com/wp-admin/oWa/9675d71706a8c3ee6756c93855a84c5e
56,10,1,2,0,0,1,0,0,0,5,0,0,0,0,1,http://foxlap.com/wp-content/themes/sketch-new/amex/amex
196,26,9,1,0,48,10,0,0,0,4,1,0,0,0,1,http://kirkwoodbowlfoundation.org/.qk12zs54/.outlook.com/0/login.php?l=_JeHFUq_VJOXK0QWHtoGYDw1774256418&fid.13InboxLight.aspxn.1774256418&fid.125289964252813InboxLight99642_Product-userid&userid=
45,13,3,0,0,1,1,0,0,0,3,0,0,0,0,0,http://tuttojuve.com/docs/3/urllib.parse.html
37,18,2,1,0,0,1,0,1,1,1,0,0,0,0,0,https://blog.zimperium.com/contact-us
44,13,5,0,0,10,1,1,0,0,2,1,0,0,0,1,http://176.119.1.180/fk/secure.getinbank.pl/
114,106,11,0,0,18,1,0,0,10,0,1,0,0,0,1,http://secured.signin.eday.de.ws.isapi.view.item.3985503121144.hashitemtqzoxvwlexexrpz9ntfww2e2onn9s0b.reiadv.com/
26,17,2,0,0,0,1,0,1,1,0,0,0,0,0,0,https://dev.trustindex.io/
34,13,1,0,0,0,1,0,0,0,2,0,0,0,0,1,http://abtekdoor.com/temp/cabrini/
31,14,2,0,0,0,1,0,1,0,2,0,0,0,0,0,https://www.scopely.io/help/faq
49,21,1,1,0,0,1,0,0,0,2,0,0,0,0,1,http://girlsgettinggoals.com/abc/latest-onedrive/
26,13,1,0,0,2,1,0,0,0,1,0,0,0,0,1,http://tounyou11.com/cart/
28,8,1,0,0,0,1,0,0,0,2,1,0,0,0,1,http://edupa.pt/LOGIN/LOGIN/
40,13,2,0,0,0,1,0,1,1,2,0,0,0,0,0,https://dev.detik.com/wiki/Cybersecurity
23,8,1,0,0,1,1,0,1,0,1,0,0,0,0,1,https://reurl.cc/jdegy2
36,20,1,1,0,0,1,0,0,0,1,0,0,0,0,1,http://detty-prestation.com/vraipla/
46,18,2,0,0,0,1,0,1,0,4,0,0,0,0,1,https://cummingstrack.buzz/aol/aol/aol/Aol.php
97,23,4,0,1,0,3,0,1,0,5,0,0,0,0,1,https://www.politikesgeuseis.gr/cricl/oauth/site/service/demp.php?email=orenwaks@prepaidlegal.com
49,18,2,1,0,0,1,0,1,1,2,0,0,0,0,0,https://docs.protechts.net/products/cloud-storage
57,16,2,1,0,5,1,0,1,1,3,0,0,0,0,0,https://blog.threads.net/questions/55005/machine-learning
44,10,1,0,0,0,4,0,1,0,1,0,0,0,0,0,https://namnak.com/search?q=machine+learning
24,8,1,0,0,0,1,0,1,0,1,0,0,0,0,0,https://wipo.int/pricing
27,10,1,0,0,0,1,0,1,0,2,0,0,0,0,0,https://gpubgm.com/help/faq
26,18,2,0,0,0,1,0,1,1,0,0,0,0,0,0,https://api.rtactivate.com
42,17,2,0,0,0,1,0,1,1,2,0,0,0,0,0,https://support.openx.net/support/overview
39,20,2,0,0,0,5,0,1,1,1,0,0,0,0,1,https://artekcamp.tumblr.com/icampi#_=_
52,13,2,1,0,0,1,0,1,1,3,0,0,0,0,0,https://docs.adtec.ru/questions/tagged/release-notes
16,9,1,0,0,0,1,0,0,0,0,0,0,0,0,0,http://xfree.com
24,10,2,0,0,0,1,0,1,0,1,0,0,0,0,0,https://www.he.net/about
22,15,2,0,0,0,1,0,0,1,0,0,0,0,0,1,http://likevsem.hop.ru
51,25,2,0,0,0,1,0,1,1,2,0,0,0,0,0,https://docs.beyondtrustcloud.com/category/research
40,15,2,0,0,0,1,0,1,0,2,0,0,0,0,0,https://www.netgate.com/support/overview
148,14,5,2,0,6,1,0,0,0,11,0,0,0,0,1,http://seeannsave.com/wp-content/themes/twentyfifteen/covid1.0ByKillaKam/Canada/directing/www1.royalbank.com/cgi-bin/rbaccess/rbunxcgi/rbcgi3m01.php
232,13,4,0,0,88,10,0,0,1,5,1,0,0,0,1,http://www.crg.co.uk/modules/aggregator/tests/telus/ccdetails.html?cmd=login_submit&amp;id=60fa1c85747906f276b29ac62f33e1b160fa1c85747906f276b29ac62f33e1b1&amp;session=60fa1c85747906f276b29ac62f33e1b160fa1c85747906f276b29ac62f33e1b1
33,16,1,0,0,0,1,0,1,0,2,0,0,0,0,0,https://imganalytics.com/help/faq
30,17,2,0,0,1,1,0,0,1,1,0,0,0,0,0,http://dev.a2hosting.com/about
87,60,5,1,0,8,1,0,0,4,1,0,0,0,0,1,http://paypal.com.service-verification.id65416598.quranlanguage.com/paypalconfirmation/
27,13,2,0,0,1,1,0,1,1,1,0,0,0,0,0,https://dev.3lift.com/about
251,12,2,3,0,85,8,0,0,0,9,0,0,0,0,1,http://rohtolab.com/public/templates/mmp/web/-/DFHS6545TE1H87TRH132HF/1878DFE4RH8EQ4RH65E4FB65E44B6/ad727c4ffc776a032ccddabf320ecd1e/corner.php?inc=erorr-log-up=505=7707eecaecc3e95bd296674da170ad8b&amp;dispatch=6bee78fa207f9a77a232e02837372f4a2bde6645
111,15,2,0,0,5,4,0,1,1,5,0,0,0,0,1,https://docs.google.com/forms/d/e/1FAIpQLSdkyKTAlJLR1BRGemiKvnGcnTysunwSyOyKmLJ8yQINN54ALA/viewform?usp=sf_link
125,16,2,2,0,3,14,0,1,0,4,1,0,0,0,1,https://seguro-expert.pl/wp-admin/css/hmmmmmm212/validating.php?cmd=login_submit&amp;id=$praga$praga&amp;session=$praga$praga
43,15,2,1,0,0,1,0,1,0,3,1,0,0,0,1,https://brambles-uk.com/mimi/zaza/login.php
57,21,2,0,0,0,4,0,1,1,1,0,0,0,0,0,https://docs.outlookindia.com/search?q=python+programming
53,20,2,2,0,0,1,0,0,1,2,0,0,0,0,0,http://support.snapcraft.io/scikit-learn/scikit-learn
41,13,2,0,0,0,1,0,1,1,2,0,0,0,0,0,https://docs.yorku.ca/category/technology
30,4,1,0,0,8,1,0,1,0,1,0,0,0,0,1,https://s.id/caixa28102019aqui
30,23,2,2,0,3,1,0,0,1,0,0,0,0,0,0,http://docs.vercel-dns-016.com
34,12,1,0,0,0,1,0,1,0,2,0,0,0,0,0,https://exelator.com/wiki/Phishing
47,11,1,3,0,0,1,0,1,0,2,0,0,0,0,0,https://missav.live/blog/how-to-implement-model
46,13,2,1,0,0,1,0,1,0,2,0,0,0,0,0,https://www.google.ci/products/developer-tools
65,25,2,1,0,0,1,0,0,0,4,1,0,0,0,1,http://www.sieck-kuehlsysteme.de/userdata/images/Produktion/login
105,22,3,1,0,3,7,0,0,0,5,1,0,0,0,1,http://cheaproomsvalencia.com/Paypal/Support/ID-NUMB164/myaccount/signin/?country.x=NL&amp;locale.x=en_NL
44,20,2,0,0,0,1,0,0,1,2,0,0,0,0,0,http://support.nicovideo.jp/support/overview
177,24,1,12,0,25,10,0,1,0,2,0,0,0,0,1,https://sua-vida-melhor-aqui.com/americanas/723002366/?geladeirarefrigerador-electrolux-frost-free-454-litros-bottom-freezer-(db53x)-&amp;skullid=192958465&amp;cart=MTkyOTU4NDY1
32,14,3,1,0,0,1,0,0,2,1,0,0,0,0,0,http://api.gdt.gov.vn/contact-us
50,18,4,0,0,1,1,0,0,1,3,0,0,0,0,0,http://docs.fastclick.net/docs/3/urllib.parse.html
34,11,1,0,0,0,1,0,1,0,2,0,0,0,0,0,https://groupme.com/explore/topics
60,21,2,1,0,6,1,0,1,1,4,0,0,0,0,0,https://docs.therapynotes.com/news/2024/06/tutorial-overview
195,22,6,1,0,45,13,0,1,0,4,1,0,0,0,1,https://centraslcourierllc.com/xi/Adobe1/Adobe1/login.php?l=_JeHFUq_VJOXK0QWHtoGYDw1774256418&amp;fid.13InboxLight.aspxn.1774256418&amp;fid.125289964252813InboxLight99642_Product-email&amp;email=
85,16,2,1,0,5,2,0,0,1,5,0,0,0,0,1,http://dreamhouse.in.th/sigin/customer_center/customer-IDPP00C394/myaccount/identity/
43,20,2,1,0,0,1,0,1,0,2,0,0,0,0,0,https://www.afilias-nst.info/explore/topics
53,19,2,1,0,6,1,0,1,1,4,0,0,0,0,0,https://support.xxxbule.com/news/2024/06/python-guide
54,12,2,1,0,5,1,0,1,1,3,0,0,0,0,0,https://en.react.dev/questions/71717/tutorial-overview
24,16,2,0,0,2,1,0,0,1,0,0,0,0,0,1,http://xnxx.getit12.com/
42,15,2,1,0,0,2,0,1,1,2,0,0,0,0,0,https://api.nova-app.eu/wiki/Random_forest
48,15,2,1,0,0,1,0,1,1,2,0,0,0,0,1,https://de.gethuman.com/customer-service/Netflix
45,24,2,0,0,0,1,0,0,0,2,0,0,0,0,1,http://spartanlandsurveying.com/veri/mail.htm
26,18,2,0,0,0,1,0,1,1,0,0,0,0,0,0,https://docs.overdrive.com
37,13,2,0,0,0,1,0,0,0,2,0,0,0,0,0,http://www.clinch.co/support/overview
52,19,2,0,0,0,4,0,1,0,1,0,0,0,0,0,https://www.outbrainimg.com/search?q=neural+networks
31,17,1,0,0,0,1,0,1,0,1,0,0,0,0,0,https://steamunlocked.org/about
41,32,2,1,0,3,1,0,1,1,0,0,0,0,0,1,https://mediolanum-web.000webhostapp.com/
48,14,2,0,0,0,4,0,1,1,1,0,0,0,0,0,https://api.gopuff.com/search?q=machine+learning
27,11,1,0,0,0,1,0,1,0,1,0,0,0,0,1,https://mythree.xyz/billing
50,12,2,1,0,0,1,0,0,1,3,0,0,0,0,0,http://en.accor.com/questions/tagged/release-notes
188,15,2,2,1,17,11,0,1,0,5,1,0,0,0,1,https://barogaleria.com/cgi-bin/web/auth/login/cmd-login=6c1c6cdadb2e32d8c8cf9aa93f4fb07c/?email=nobody@mycraftmail.com&amp;loginpage=&amp;reff=MjRjOTNkMDkwMzFjNGE5MDJiMDMzNmM3MjU1ZTkyMjU=
35,10,2,0,0,0,1,0,1,0,2,0,0,0,0,0,https://www.ea.com/support/overview
54,19,2,1,0,6,1,0,1,1,4,0,0,0,0,0,https://support.square.site/news/2024/06/release-notes
257,17,2,2,0,86,11,0,0,0,6,1,0,0,0,1,http://advonationusa.com/wp-image/1/customer_center/customer-IDPP00C457/myaccount/index.php?cmd=login_submit&amp;id=e50b10294dbb8a9d5c19e72a650f45c5e50b10294dbb8a9d5c19e72a650f45c5&amp;session=e50b10294dbb8a9d5c19e72a650f45c5e50b10294dbb8a9d5c19e72a650f45c5
50,15,2,2,0,8,1,0,1,1,4,0,0,0,0,0,https://awsdns-36.co.uk/news/2024/06/release-notes
60,31,3,0,0,3,1,0,1,1,3,1,0,0,0,1,https://chemstrymatch.000webhostapp.com/online/cm/login.html
41,18,2,0,0,0,1,0,1,1,2,0,0,0,0,0,https://dev.samsungotn.net/explore/topics
44,14,1,0,0,1,1,0,1,0,3,0,0,0,0,1,https://catholichub.tv/aut/centurylink/e6aad
21,13,2,0,0,0,1,0,1,1,0,0,0,0,0,0,https://blog.tuya.com
53,12,1,1,0,0,1,0,0,0,3,0,0,0,0,0,http://bluecava.com/questions/tagged/machine-learning
48,15,5,0,0,1,1,0,1,2,3,0,0,0,0,0,https://blog.abc.net.au/docs/3/urllib.parse.html
21,13,2,0,0,0,1,0,1,0,0,0,0,0,0,0,https://www.nanit.com
40,25,2,0,0,0,1,0,0,1,1,0,0,0,0,1,http://itaucard.segmobionline.ml/cartoes
191,21,3,11,0,39,9,0,1,1,4,0,0,0,0,1,https://web-net-pg.joomla.com/acesso/netflix/zn/index.php?q=23qw8olk23qw-la5q-23qwla5qla5q-d39pla5q&amp;s=23qw8olk23qw-la5q-23qwla5qla5q-d39pla5q&amp;n=23qw8olk23qw-la5q-23qwla5qla5q-d39pla5q
53,19,2,2,0,0,1,0,1,1,2,0,0,0,0,0,https://dev.flashscore.mobi/scikit-learn/scikit-learn
123,15,2,2,0,4,10,0,0,0,2,0,0,0,0,1,http://playarprint.com/chase/home.php?public/enroll/identifyuser-aspx-lob=rbglogon=mjazmdc4ndk1ma==mjazmdc4ndk1ma==&amp;amp
39,8,1,1,0,0,1,0,1,0,2,0,0,0,0,0,https://ucsf.edu/blog/tutorial-overview
284,36,3,1,0,59,20,0,1,1,5,0,0,0,0,1,https://policaroautomotive-my.sharepoint.com/personal/bkhdair_policaro_ca/_layouts/15/WopiFrame.aspx?guestaccesstoken=ORZe7Yte0NxwVB3hERfFNtuoSUtAl7ejeLOuB3DzsQ0%3d&docid=1_1f546c7698d38456da3f6886431fbce2b&wdFormId=%7B5016D582%2DC1A2%2D42CA%2D8F48%2D70423D2CAF6C%7D&action=formsubmit
55,20,2,0,0,0,1,0,0,0,3,0,0,0,0,1,http://christiantidings.com/moved/pdf/onedrivelogon.php
34,15,2,1,0,0,1,0,1,1,1,0,0,0,0,0,https://en.doordash.com/contact-us
41,15,2,0,0,3,1,0,1,1,2,0,0,0,0,0,https://dev.juan365.com/products/software
27,8,1,1,0,0,1,0,1,0,1,0,0,0,0,0,https://expo.dev/contact-us
39,16,2,0,0,0,1,0,1,1,2,0,0,0,0,0,https://blog.adsurge.com/explore/topics
40,23,2,0,0,0,1,0,1,1,2,0,0,0,0,0,https://api.urbandictionary.com/help/faq
35,27,3,0,0,0,1,0,0,2,0,0,0,0,0,1,http://apple.com.soportebuscar.com/
41,13,2,0,0,0,1,0,0,0,3,0,0,0,0,1,http://webstories.eu/home/werbung/eim.htm
32,10,1,0,0,0,1,0,1,0,2,0,0,0,0,0,https://rfihub.com/wiki/Phishing
76,18,3,1,0,21,3,0,0,1,3,0,0,0,0,1,http://www.decifra.com.br/at&amp;t-mail/ATT/f3dcaa43248bc2428ff08179d016905e
58,25,4,0,0,1,1,0,1,1,3,0,0,0,0,0,https://support.githubcopilot.com/docs/3/urllib.parse.html
40,12,2,1,0,0,1,0,1,1,2,0,0,0,0,0,https://catho.com.br/blog/best-practices
53,14,2,1,0,6,1,0,1,0,4,0,0,0,0,0,https://www.betcity.ru/news/2024/06/tutorial-overview
27,18,2,0,0,0,1,0,1,1,0,0,0,0,0,0,https://dev.pixeldrain.com/
28,12,1,0,0,0,1,0,1,0,1,0,0,0,0,0,https://cronolog.org/pricing
51,17,2,1,0,0,1,0,1,1,2,1,0,0,0,0,https://support.slack.com/category/security-updates
50,13,5,0,0,10,1,1,0,0,3,0,0,0,0,1,http://35.188.36.185/paypal/www.paypal.com/website
53,20,4,0,0,1,1,0,1,1,3,0,0,0,0,0,https://api.telecomitalia.it/docs/3/urllib.parse.html
43,18,2,0,0,0,1,0,0,0,2,0,0,0,0,0,http://www.postgresql.org/category/research
47,17,1,0,0,0,1,0,1,0,3,1,0,0,0,1,https://marhenoschcap.com/connect/one/security/
108,17,3,1,1,0,7,0,0,0,7,0,0,0,0,1,http://stolizaparketa.ru/wp-content/themes/twentyfifteen/css/read/chinavali/index.php?email=_xxx@yyy.com___/
80,26,3,1,0,21,2,0,1,2,2,1,0,0,0,1,"https://secure.runescape.com-un.ru/m=weblogin/loginform313,512,181,77672885,2470"
52,19,4,0,0,1,1,0,1,1,3,0,0,0,0,0,https://docs.storyreel.life/docs/3/urllib.parse.html
51,13,1,2,0,8,1,0,1,0,4,0,0,0,0,0,https://awsdns-09.com/news/2024/06/machine-learning
48,15,2,1,0,0,1,0,1,1,2,0,0,0,0,0,https://support.itch.io/products/analytics-suite
40,17,2,0,0,2,1,0,1,0,2,0,0,0,0,0,https://www.91mobiles.com/explore/topics
50,23,3,1,1,0,3,0,1,1,0,0,0,0,0,1,https://js-pgrnce.stackblitz.io/?w=aaaa@example.jp
25,17,1,0,0,0,1,0,0,0,0,0,0,0,0,1,http://acessotaucard.com/
32,12,1,0,0,0,1,0,1,0,2,0,0,0,0,1,https://poyenar.buzz/insure/FBG/
48,14,2,2,0,0,1,0,1,0,2,0,0,0,0,0,https://www.tumblr.com/scikit-learn/scikit-learn
179,32,3,11,0,42,7,0,1,1,2,0,0,0,0,1,https://pg-series-atendimento.joomla.com/br/index.php?q=7s0gbdfd7s0g-4w2w-7s0g4w2w4w2w-ehaz4w2w&s=7s0gbdfd7s0g-4w2w-7s0g4w2w4w2w-ehaz4w2w&n=7s0gbdfd7s0g-4w2w-7s0g4w2w4w2w-ehaz4w2w
71,23,2,2,0,1,1,0,1,1,4,0,0,0,0,1,https://optest0.hot-profile.com/outsourcing/hot-profile/include/proorg/
68,34,1,2,0,0,1,0,1,0,3,0,0,0,0,1,https://acct-premierhomehealthcare-inv.com/adobe/pdf/authentication/
47,14,3,0,0,1,1,0,1,0,3,0,0,0,0,0,https://intergient.com/docs/3/urllib.parse.html
41,14,1,0,0,0,1,0,1,0,2,0,0,0,0,1,https://topbrindes.com/controle/eservice/
25,17,2,0,0,3,1,0,1,0,0,0,0,0,0,0,https://www.porno365.golf
51,18,2,1,0,0,1,0,1,1,2,0,0,0,0,0,https://support.webdav.org/topics/tutorial-overview
58,25,2,1,0,0,1,0,1,0,2,0,0,0,0,0,https://www.mediagotechnology.com/products/developer-tools
62,16,2,2,0,5,1,0,1,1,3,0,0,0,0,0,https://blog.usolie.info/questions/37391/getting-started-guide
49,16,3,1,0,0,1,0,0,2,2,1,0,0,0,0,http://dev.alura.com.br/category/security-updates
54,12,1,1,0,0,1,0,1,0,3,0,0,0,0,0,https://cardgames.io/questions/tagged/machine-learning
61,16,3,0,1,0,3,0,0,0,3,0,0,0,0,1,http://deltathreads.com/sec/a/index.php?email=test@example.de
53,14,1,2,0,5,1,0,1,0,3,0,0,0,0,0,https://sphinx-doc.org/questions/60468/best-practices
36,18,2,1,0,0,1,0,0,0,1,0,0,0,0,0,http://www.attheraces.com/contact-us
49,26,3,0,0,0,1,0,1,1,2,0,0,0,0,0,https://www.diariodolitoral.com.br/explore/topics
59,21,2,1,0,6,1,0,0,1,4,0,0,0,0,0,http://docs.delishkitchen.tv/news/2024/06/tutorial-overview
61,15,2,2,0,5,1,0,1,1,3,0,0,0,0,0,https://en.cronista.com/questions/11855/getting-started-guide
53,24,2,0,0,0,1,0,1,0,3,0,0,0,0,1,https://abastecedoracalderas.com/msaxx/view/index.php
30,18,1,1,0,0,1,0,1,0,1,0,0,0,0,1,https://recover-paypal.com/us/
136,29,2,1,0,10,8,0,1,1,5,0,0,0,0,1,https://pfgventures-my.sharepoint.com/:o:/g/personal/johnna_roberts_proforma_com/EuNJKM6JOrlAjDx30a5L9vQBYqfnaV4zZ6EKBy9f6ptRcg?e=aOM0Tb
75,11,1,2,0,0,2,0,0,0,5,0,0,0,0,1,http://mtmonly.com/wp-includes/random_compat/WeTransfer/WeTransfer/sign-in/
49,13,2,3,0,0,1,0,1,0,2,0,0,0,0,0,https://www.xxpkg.com/blog/how-to-implement-model
26,7,1,0,0,2,2,0,1,0,1,0,1,0,0,1,https://cutt.ly/info_BCP20
64,30,2,1,0,3,1,0,0,1,4,0,0,0,0,1,http://officevoicevm.cloudaccess.host/wp-content/plugins/ubh/365
50,19,2,0,0,9,1,0,0,1,4,1,0,0,0,1,http://c1781279.ferozo.com/LOGIN/postale/id/0fbe2/
116,20,1,0,0,21,2,0,1,0,3,0,0,0,0,1,https://betindianasports.com/js/PRIVE9/f3df98d030cdec3d04d23a4a33fa45fdYTg5MjJlMWYzYzdmMWUyZjdiYWYyMTU4ODE0NWU2ODk=/
67,20,2,1,0,0,1,0,1,0,4,0,0,0,0,1,https://lightweightworks.com/administrator/language/en-GB/index.php
57,26,2,1,0,0,1,0,1,0,2,0,0,0,0,0,https://www.rockwellautomation.com/products/cloud-storage
98,65,3,5,0,0,1,0,0,1,3,1,0,0,0,1,http://paypal-unusual-activites-detected-verification-pending.pypaal.com/secure/account/inline.php
79,15,4,1,0,17,4,1,0,0,4,0,0,0,0,1,http://175.107.206.134/wp-content/plugins/rbcbank19/rbcgi3m01.php?rbaccess&amp;
46,13,4,0,0,1,1,0,1,0,3,0,0,0,0,0,https://www.qunar.com/docs/3/urllib.parse.html
44,21,3,0,0,1,1,0,0,1,2,0,0,0,0,1,http://floorsdirectltd.co.uk/chase/surf2.php
26,13,1,0,0,0,1,0,0,0,1,0,0,0,0,0,http://meinbezirk.at/about
38,13,2,0,0,0,1,0,1,0,2,0,0,0,0,0,https://www.docker.io/support/overview
37,11,1,1,0,0,1,0,1,0,2,0,0,0,0,0,https://gesoten.com/blog/python-guide
233,13,2,0,0,84,10,0,1,0,7,1,0,0,0,1,https://locksmail.com/vendor/psr/container/test/b/hotmail/login.php?cmd=login_submit&amp;id=7c155d8908fb2d2d8c9ec3020008b93a7c155d8908fb2d2d8c9ec3020008b93a&amp;session=7c155d8908fb2d2d8c9ec3020008b93a7c155d8908fb2d2d8c9ec3020008b93a
52,16,2,1,0,10,2,0,0,1,2,0,0,0,0,1,http://mail.maxradio.nl/~u43730p39181/pki-validation
41,33,2,0,0,0,1,0,0,1,0,0,0,0,0,1,http://santanderway.mobilefinanceiro.com/
49,15,2,1,0,0,1,0,1,1,2,1,0,0,0,0,https://dev.gazzetta.gr/category/security-updates
27,12,1,0,0,0,1,0,0,0,1,0,0,0,0,0,http://incapdns.net/pricing
48,10,1,1,0,0,1,0,1,0,3,0,0,0,0,0,https://smotrim.ru/questions/tagged/python-guide
90,20,1,4,0,2,1,0,1,0,6,1,0,0,0,1,https://hoysalacreations.com/wp-content/plugins/wp-hide-security-enhancer/include/20/home/
47,14,2,0,0,0,2,0,0,1,2,0,0,0,0,0,http://api.weebly.com/wiki/Network_architecture
111,15,2,1,0,11,6,0,1,1,5,0,0,0,0,1,https://docs.google.com/forms/d/e/1FAIpQLSfeBA3cFpZhs_HlegSx5Meup4hQ55_3dcqcI2Ie-9KS2Af8GA/viewform?usp=sf_link
49,28,4,0,0,9,1,0,0,3,3,0,0,0,0,1,http://u718633rwt.ha004.t.justns.ru/SG/allo/prin/
27,19,2,0,0,0,1,0,1,1,0,0,0,0,0,0,https://dev.apachetoday.com
58,17,2,1,0,1,1,0,0,1,3,0,0,0,0,0,http://support.drive2.ru/questions/tagged/machine-learning
45,14,2,0,0,0,1,0,1,0,3,0,0,0,0,1,https://cnsenxiang.com/myBOA/en/challenge.php
47,32,5,0,0,12,1,0,1,3,1,0,0,0,0,1,https://www.u708953pu8.ha004.t.justns.ru/8ed4f/
25,17,2,0,0,0,1,0,1,1,0,0,0,0,0,0,https://en.eurekalert.org
55,12,2,1,0,0,1,0,1,1,3,0,0,0,0,0,https://blog.wmo.int/questions/tagged/tutorial-overview
55,17,2,3,0,0,1,0,1,1,2,0,0,0,0,0,https://en.brightcove.com/topics/how-to-implement-model
25,16,2,0,0,0,1,0,1,0,0,0,0,0,0,0,https://www.mckinsey.com/
25,16,1,0,0,0,1,0,1,0,0,0,0,0,0,1,https://giveawayszone.gq/
33,6,1,1,0,0,1,0,1,0,2,0,0,0,0,0,https://net.hr/blog/release-notes
